時間(年月),海域位置,港口位置,港口名稱,船舶用途,船籍別 ,其他受傷人數 (人),其他失蹤人數 (人),其他死亡人數 (人),旅客受傷人數 (人),旅客失蹤人數 (人),旅客死亡人數 (人),無損害艘數 (艘),船員受傷人數 (人),船員失蹤人數 (人),船員死亡人數 (人),船損艘數 (艘),船沉艘數 (艘)
10001,我國海域,港區外,港區外,商船,國輪,0,2,0,0,0,0,2,0,2,0,0,0
10001,我國海域,港區外,港區外,商船,國輪,0,2,0,0,0,0,0,0,2,0,3,1
10001,我國海域,港區外,港區外,漁船,外輪,0,0,0,0,0,0,0,0,0,0,1,0
10001,我國海域,港區外,港區外,其他,大陸船舶,0,0,0,0,0,0,0,0,0,0,1,0
10001,我國海域,港區外,港區外,商船,國輪,0,0,0,0,0,0,0,0,0,0,1,0
10001,我國海域,港區外,港區外,漁船,外輪,0,0,0,0,0,0,3,0,0,0,0,0
10001,我國海域,港區外,港區外,漁船,外輪,0,0,0,0,0,0,3,0,0,0,0,0
10001,我國海域,國外海域不分,國外海域不分,漁船,外輪,0,0,0,0,0,0,13,0,0,0,0,0
10001,我國海域,國外海域不分,國外海域不分,其他,大陸船舶,0,0,0,0,0,0,1,0,0,0,0,0
10001,我國海域,港區外,港區外,商船,國輪,1,2,0,0,0,0,3,1,2,0,1,0
10001,我國海域,港區外,港區外,商船,國輪,0,0,0,0,0,0,0,0,0,0,3,0
10001,我國海域,國外海域不分,國外海域不分,商船,國輪,0,0,0,0,0,0,1,0,0,0,0,0
10002,我國海域,港區外,港區外,漁船,外輪,0,0,0,0,0,0,6,0,0,0,2,0
10002,其他,其他,其他,商船,國輪,0,0,0,0,0,0,1,0,0,0,0,0
10002,其他,其他,其他,漁船,外輪,0,0,0,0,0,0,1,0,0,0,0,0
10002,其他,其他,其他,漁船,外輪,0,0,0,0,0,0,1,0,0,0,0,0
10002,我國海域,港區外,港區外,漁船,外輪,0,0,0,0,0,0,1,0,0,0,0,0
10002,我國海域,港區外,港區外,漁船,外輪,0,0,0,0,0,0,3,0,0,0,0,0
10002,我國海域,國外海域不分,國外海域不分,漁船,外輪,0,0,0,0,0,0,3,0,0,0,0,0
10002,我國海域,港區外,港區外,商船,國輪,2,2,0,0,0,0,0,2,2,0,2,2
10002,我國海域,港區外,港區外,商船,國輪,0,0,0,0,0,0,0,0,0,0,2,1
10002,我國海域,國外海域不分,國外海域不分,商船,國輪,0,0,0,0,0,0,0,0,0,0,0,1
10003,我國海域,港區外,港區外,商船,國輪,0,0,0,0,0,0,0,0,0,0,1,0
10003,我國海域,港區外,港區外,商船,國輪,0,0,0,0,0,0,1,0,0,0,0,0
10003,我國海域,港區外,港區外,漁船,外輪,0,0,0,0,0,0,0,0,0,0,1,0
10003,我國海域,港區外,港區外,商船,國輪,1,0,0,1,0,0,0,0,0,0,1,0
10003,我國海域,港區外,港區外,商船,國輪,0,0,0,0,0,0,1,0,0,0,0,0
10003,我國海域,港區外,港區外,商船,國輪,0,0,0,0,0,0,0,0,0,0,1,0
10003,我國海域,港區外,港區外,漁船,外輪,0,0,0,0,0,0,2,0,0,0,3,0
10003,我國海域,國外海域不分,國外海域不分,漁船,外輪,0,0,0,0,0,0,12,0,0,0,0,0
10003,我國海域,港區外,港區外,商船,國輪,0,0,2,0,0,0,4,0,0,2,4,1
10003,我國海域,港區外,港區外,商船,國輪,0,0,0,0,0,0,0,0,0,0,1,1
10003,我國海域,國外海域不分,國外海域不分,商船,國輪,0,0,0,0,0,0,2,0,0,0,0,1
10004,我國海域,港區外,港區外,商船,國輪,0,0,0,0,0,0,1,0,0,0,0,0
10004,我國海域,港區外,港區外,商船,國輪,0,0,0,0,0,0,1,0,0,0,0,0
10004,其他,其他,其他,商船,國輪,0,0,0,0,0,0,0,0,0,0,0,1
10004,其他,其他,其他,商船,國輪,0,0,0,0,0,0,1,0,0,0,0,0
10004,其他,其他,其他,漁船,外輪,0,0,0,0,0,0,1,0,0,0,0,0
10004,其他,其他,其他,漁船,外輪,0,0,0,0,0,0,1,0,0,0,0,0
10004,其他,其他,其他,商船,國輪,0,0,0,0,0,0,0,0,0,0,1,0
10004,我國海域,港區外,港區外,商船,國輪,0,1,0,0,1,0,1,0,0,0,0,0
10004,我國海域,港區外,港區外,漁船,外輪,0,0,0,0,0,0,2,0,0,0,0,0
10004,我國海域,國外海域不分,國外海域不分,漁船,外輪,0,0,0,0,0,0,7,0,0,0,1,0
10004,我國海域,港區外,港區外,商船,國輪,0,1,0,0,0,0,0,0,1,0,1,1
10004,我國海域,國外海域不分,國外海域不分,商船,國輪,0,0,0,0,0,0,0,0,0,0,0,1
10005,我國海域,港區外,港區外,漁船,外輪,0,0,0,0,0,0,0,0,0,0,1,0
10005,我國海域,港區外,港區外,商船,國輪,0,3,0,0,0,0,0,0,3,0,0,1
10005,其他,其他,其他,漁船,外輪,0,0,0,0,0,0,1,0,0,0,0,0
10005,我國海域,港區外,港區外,商船,國輪,0,0,0,0,0,0,0,0,0,0,1,0
10005,其他,其他,其他,漁船,外輪,0,0,0,0,0,0,1,0,0,0,1,0
10005,我國海域,港區外,港區外,商船,國輪,0,0,0,0,0,0,1,0,0,0,1,0
10005,我國海域,港區外,港區外,漁船,外輪,0,0,0,0,0,0,0,0,0,0,1,0
10005,我國海域,港區外,港區外,商船,國輪,0,0,1,0,0,0,1,0,0,1,0,0
10005,我國海域,港區外,港區外,漁船,外輪,0,0,0,0,0,0,2,0,0,0,0,0
10005,我國海域,港區外,港區外,商船,國輪,0,0,0,0,0,0,1,0,0,0,0,0
10005,我國海域,港區外,港區外,漁船,外輪,0,0,0,0,0,0,0,0,0,0,1,0
10005,我國海域,國外海域不分,國外海域不分,漁船,外輪,0,0,0,0,0,0,8,0,0,0,0,0
10005,我國海域,港區外,港區外,商船,國輪,0,1,0,0,0,0,2,0,1,0,1,1
10005,我國海域,港區外,港區外,商船,國輪,0,0,1,0,0,0,1,0,0,1,2,1
10006,我國海域,港區外,港區外,商船,國輪,0,0,0,0,0,0,0,0,0,0,1,0
10006,其他,其他,其他,商船,國輪,0,0,0,0,0,0,0,0,0,0,2,0
10006,我國海域,港區外,港區外,商船,國輪,0,0,0,0,0,0,1,0,0,0,0,0
10006,其他,其他,其他,漁船,外輪,0,0,0,0,0,0,1,0,0,0,1,0
10006,其他,其他,其他,其他,大陸船舶,0,0,0,0,0,0,0,0,0,0,1,0
10006,其他,其他,其他,商船,國輪,0,0,0,0,0,0,1,0,0,0,0,0
10006,其他,其他,其他,其他,大陸船舶,0,0,0,0,0,0,1,0,0,0,0,0
10006,其他,其他,其他,商船,國輪,0,0,0,0,0,0,1,0,0,0,0,0
10006,其他,其他,其他,漁船,外輪,1,0,0,0,0,0,3,1,0,0,1,0
10006,我國海域,港區外,港區外,商船,國輪,25,0,0,22,0,0,1,3,0,0,1,0
10006,我國海域,國外海域不分,國外海域不分,商船,國輪,1,0,0,0,0,0,1,1,0,0,0,0
10006,我國海域,港區外,港區外,漁船,外輪,0,0,0,0,0,0,1,0,0,0,0,0
10006,我國海域,國外海域不分,國外海域不分,漁船,外輪,1,0,0,0,0,0,9,1,0,0,0,0
10006,我國海域,港區外,港區外,商船,國輪,1,0,0,0,0,0,1,1,0,0,2,0
10006,我國海域,港區外,港區外,商船,國輪,10,4,7,0,0,0,1,10,4,7,3,2
10007,我國海域,港區外,港區外,商船,國輪,0,0,1,0,0,0,1,0,0,1,0,0
10007,其他,其他,其他,商船,國輪,0,0,0,0,0,0,0,0,0,0,2,0
10007,其他,其他,其他,漁船,外輪,0,0,0,0,0,0,0,0,0,0,1,0
10007,其他,其他,其他,商船,國輪,0,0,0,0,0,0,1,0,0,0,0,0
10007,我國海域,港區外,港區外,漁船,外輪,0,0,0,0,0,0,1,0,0,0,0,0
10007,我國海域,港區外,港區外,漁船,外輪,0,0,0,0,0,0,3,0,0,0,0,0
10007,我國海域,國外海域不分,國外海域不分,漁船,外輪,0,0,0,0,0,0,7,0,0,0,0,0
10007,我國海域,港區外,港區外,商船,國輪,0,0,0,0,0,0,3,0,0,0,0,0
10007,我國海域,港區外,港區外,商船,國輪,0,0,1,0,0,0,1,0,0,1,3,0
10008,其他,其他,其他,商船,國輪,0,0,0,0,0,0,0,0,0,0,1,0
10008,我國海域,港區外,港區外,商船,國輪,0,0,1,0,0,0,1,0,0,1,0,0
10008,其他,其他,其他,商船,國輪,0,0,0,0,0,0,0,0,0,0,1,0
10008,其他,其他,其他,漁船,外輪,0,0,0,0,0,0,0,0,0,0,1,0
10008,我國海域,港區外,港區外,商船,國輪,0,0,0,0,0,0,0,0,0,0,1,0
10008,我國海域,國外海域不分,國外海域不分,商船,國輪,0,0,0,0,0,0,2,0,0,0,0,0
10008,我國海域,港區外,港區外,漁船,外輪,0,0,0,0,0,0,0,0,0,0,1,0
10008,我國海域,港區外,港區外,漁船,外輪,0,0,0,0,0,0,1,0,0,0,0,0
10008,我國海域,國外海域不分,國外海域不分,漁船,外輪,0,0,0,0,0,0,7,0,0,0,0,0
10008,我國海域,港區外,港區外,商船,國輪,0,0,0,0,0,0,1,0,0,0,0,2
10008,我國海域,港區外,港區外,商船,國輪,0,1,1,0,0,0,2,0,1,1,1,0
10009,其他,其他,其他,商船,國輪,0,0,0,0,0,0,0,0,0,0,3,0
10009,我國海域,港區外,港區外,漁船,外輪,0,0,0,0,0,0,0,0,0,0,1,0
10009,其他,其他,其他,商船,國輪,0,0,0,0,0,0,0,0,0,0,1,0
10009,我國海域,港區外,港區外,漁船,外輪,0,0,0,0,0,0,0,0,0,0,1,0
10009,我國海域,港區外,港區外,商船,國輪,0,0,0,0,0,0,0,0,0,0,1,0
10009,我國海域,港區外,港區外,商船,國輪,0,0,0,0,0,0,0,0,0,0,1,0
10009,我國海域,港區外,港區外,商船,國輪,0,0,0,0,0,0,2,0,0,0,0,0
10009,我國海域,港區外,港區外,漁船,外輪,0,1,0,0,0,0,5,0,1,0,0,0
10009,我國海域,國外海域不分,國外海域不分,漁船,外輪,0,0,0,0,0,0,8,0,0,0,0,0
10009,我國海域,港區外,港區外,其他,大陸船舶,0,0,0,0,0,0,1,0,0,0,0,0
10009,我國海域,港區外,港區外,商船,國輪,0,0,1,0,0,0,2,0,0,1,0,0
10009,我國海域,港區外,港區外,商船,國輪,0,0,0,0,0,0,0,0,0,0,4,0
10010,我國海域,港區外,港區外,漁船,外輪,4,2,8,0,0,0,0,4,2,8,0,1
10010,我國海域,港區外,港區外,商船,國輪,0,0,1,0,0,0,1,0,0,1,0,0
10010,我國海域,港區外,港區外,漁船,外輪,0,0,0,0,0,0,1,0,0,0,0,0
10010,我國海域,港區外,港區外,商船,國輪,0,0,0,0,0,0,0,0,0,0,1,1
10010,其他,其他,其他,漁船,外輪,0,0,0,0,0,0,0,0,0,0,1,0
10010,我國海域,港區外,港區外,商船,國輪,0,0,0,0,0,0,0,0,0,0,1,0
10010,我國海域,國外海域不分,國外海域不分,商船,國輪,0,0,0,0,0,0,1,0,0,0,0,0
10010,我國海域,港區外,港區外,漁船,外輪,0,0,0,0,0,0,0,0,0,0,1,0
10010,我國海域,港區外,港區外,漁船,外輪,0,0,0,0,0,0,4,0,0,0,1,0
10010,我國海域,國外海域不分,國外海域不分,漁船,外輪,0,0,0,0,0,0,6,0,0,0,0,0
10010,我國海域,港區外,港區外,商船,國輪,0,0,0,0,0,0,0,0,0,0,3,0
10010,我國海域,港區外,港區外,商船,國輪,0,0,1,0,0,0,1,0,0,1,3,0
10011,我國海域,港區外,港區外,漁船,外輪,0,0,0,0,0,0,0,0,0,0,1,0
10011,我國海域,港區外,港區外,商船,國輪,0,0,0,0,0,0,1,0,0,0,0,1
10011,其他,其他,其他,商船,國輪,0,0,0,0,0,0,0,0,0,0,1,0
10011,其他,其他,其他,商船,國輪,0,0,0,0,0,0,0,0,0,0,1,0
10011,我國海域,港區外,港區外,漁船,外輪,0,0,0,0,0,0,1,0,0,0,0,0
10011,其他,其他,其他,商船,國輪,0,0,0,0,0,0,0,0,0,0,1,0
10011,其他,其他,其他,商船,國輪,0,0,0,0,0,0,0,0,0,0,1,0
10011,其他,其他,其他,漁船,外輪,0,0,0,0,0,0,0,0,0,0,2,0
10011,我國海域,港區外,港區外,漁船,外輪,0,0,0,0,0,0,0,0,0,0,1,0
10011,我國海域,港區外,港區外,商船,國輪,0,0,0,0,0,0,0,0,0,0,1,0
10011,我國海域,港區外,港區外,漁船,外輪,2,0,0,0,0,0,4,2,0,0,1,0
10011,我國海域,港區外,港區外,漁船,外輪,1,0,0,0,0,0,2,1,0,0,0,0
10011,我國海域,國外海域不分,國外海域不分,漁船,外輪,0,0,0,0,0,0,6,0,0,0,0,0
10011,我國海域,港區外,港區外,商船,國輪,0,0,1,0,0,0,5,0,0,1,3,2
10011,我國海域,港區外,港區外,商船,國輪,0,0,0,0,0,0,0,0,0,0,1,0
10011,我國海域,國外海域不分,國外海域不分,商船,國輪,0,0,0,0,0,0,0,0,0,0,0,1
10012,我國海域,港區外,港區外,商船,國輪,0,0,0,0,0,0,1,0,0,0,0,0
10012,我國海域,港區外,港區外,漁船,外輪,0,0,0,0,0,0,0,0,0,0,1,0
10012,其他,其他,其他,漁船,外輪,0,0,0,0,0,0,0,0,0,0,1,0
10012,其他,其他,其他,商船,國輪,0,0,0,0,0,0,1,0,0,0,0,0
10012,其他,其他,其他,漁船,外輪,0,0,0,0,0,0,0,0,0,0,8,0
10012,我國海域,港區外,港區外,漁船,外輪,0,0,0,0,0,0,0,0,0,0,0,1
10012,我國海域,港區外,港區外,商船,國輪,0,2,2,0,0,0,0,0,2,2,2,1
10012,我國海域,港區外,港區外,商船,國輪,0,0,0,0,0,0,0,0,0,0,1,0
10012,我國海域,港區外,港區外,漁船,外輪,0,0,0,0,0,0,4,0,0,0,4,0
10012,我國海域,港區外,港區外,漁船,外輪,0,0,0,0,0,0,6,0,0,0,0,0
10012,我國海域,國外海域不分,國外海域不分,漁船,外輪,0,0,0,0,0,0,6,0,0,0,0,0
10012,我國海域,港區外,港區外,商船,國輪,0,0,2,0,0,0,1,0,0,2,3,0
10012,我國海域,港區外,港區外,商船,國輪,0,8,1,0,8,0,0,0,0,1,5,1
10101,我國海域,港區外,港區外,商船,國輪,0,0,0,0,0,0,0,0,0,0,1,0
10101,我國海域,港區外,港區外,商船,國輪,0,0,0,0,0,0,0,0,0,0,1,0
10101,我國海域,港區外,港區外,商船,國輪,0,3,0,0,0,0,0,0,3,0,0,1
10101,我國海域,港區外,港區外,漁船,外輪,0,0,0,0,0,0,1,0,0,0,0,0
10101,其他,其他,其他,商船,國輪,0,0,0,0,0,0,1,0,0,0,0,0
10101,其他,其他,其他,漁船,外輪,1,0,0,0,0,0,2,1,0,0,3,0
10101,我國海域,港區外,港區外,漁船,外輪,0,0,0,0,0,0,1,0,0,0,0,0
10101,我國海域,國外海域不分,國外海域不分,商船,國輪,0,0,0,0,0,0,1,0,0,0,0,0
10101,我國海域,港區外,港區外,漁船,外輪,0,1,0,0,0,0,1,0,1,0,0,0
10101,我國海域,港區外,港區外,漁船,外輪,1,0,0,0,0,0,1,1,0,0,1,0
10101,我國海域,國外海域不分,國外海域不分,漁船,外輪,0,0,0,0,0,0,9,0,0,0,0,0
10101,我國海域,港區外,港區外,商船,國輪,0,0,0,0,0,0,2,0,0,0,0,0
10101,我國海域,港區外,港區外,商船,國輪,0,0,0,0,0,0,0,0,0,0,3,0
10102,其他,其他,其他,商船,國輪,0,0,0,0,0,0,0,0,0,0,1,0
10102,其他,其他,其他,漁船,外輪,0,0,0,0,0,0,0,0,0,0,1,0
10102,我國海域,港區外,港區外,漁船,外輪,0,0,0,0,0,0,0,0,0,0,1,1
10102,我國海域,港區外,港區外,商船,國輪,0,0,0,0,0,0,0,0,0,0,0,1
10102,其他,其他,其他,商船,國輪,0,1,0,0,1,0,1,0,0,0,0,0
10102,其他,其他,其他,漁船,外輪,0,0,0,0,0,0,0,0,0,0,1,0
10102,我國海域,港區外,港區外,商船,國輪,0,0,0,0,0,0,0,0,0,0,1,0
10102,其他,其他,其他,商船,國輪,0,0,0,0,0,0,0,0,0,0,1,0
10102,我國海域,港區外,港區外,商船,國輪,0,0,0,0,0,0,0,0,0,0,1,0
10102,我國海域,港區外,港區外,漁船,外輪,3,0,0,0,0,0,2,3,0,0,2,0
10102,我國海域,港區外,港區外,漁船,外輪,0,0,0,0,0,0,3,0,0,0,0,0
10102,我國海域,國外海域不分,國外海域不分,漁船,外輪,0,0,0,0,0,0,5,0,0,0,0,0
10102,我國海域,港區外,港區外,商船,國輪,1,0,1,0,0,0,2,1,0,1,2,1
10102,我國海域,港區外,港區外,商船,國輪,1,1,0,0,0,0,2,1,1,0,0,0
10103,其他,其他,其他,漁船,外輪,0,0,0,0,0,0,0,0,0,0,1,0
10103,其他,其他,其他,漁船,外輪,0,0,0,0,0,0,0,0,0,0,1,0
10103,其他,其他,其他,漁船,外輪,0,0,0,0,0,0,1,0,0,0,0,0
10103,其他,其他,其他,漁船,外輪,0,0,0,0,0,0,1,0,0,0,0,0
10103,我國海域,港區外,港區外,漁船,外輪,0,0,0,0,0,0,3,0,0,0,0,0
10103,我國海域,國外海域不分,國外海域不分,漁船,外輪,0,0,0,0,0,0,3,0,0,0,0,0
10103,我國海域,港區外,港區外,商船,國輪,0,1,1,0,0,0,3,0,1,1,1,1
10103,我國海域,港區外,港區外,商船,國輪,0,1,0,0,0,0,0,0,1,0,3,0
10104,我國海域,港區外,港區外,商船,國輪,0,7,0,0,0,0,0,0,7,0,1,1
10104,我國海域,港區外,港區外,漁船,外輪,0,0,0,0,0,0,1,0,0,0,0,0
10104,我國海域,港區外,港區外,商船,國輪,0,0,0,0,0,0,0,0,0,0,1,0
10104,我國海域,港區外,港區外,漁船,外輪,0,0,0,0,0,0,4,0,0,0,0,0
10104,我國海域,國外海域不分,國外海域不分,漁船,外輪,0,0,0,0,0,0,7,0,0,0,0,0
10104,我國海域,港區外,港區外,商船,國輪,0,0,0,0,0,0,1,0,0,0,1,0
10105,其他,其他,其他,商船,國輪,0,0,0,0,0,0,0,0,0,0,1,0
10105,我國海域,港區外,港區外,商船,國輪,0,0,0,0,0,0,0,0,0,0,0,1
10105,我國海域,港區外,港區外,漁船,外輪,0,0,0,0,0,0,2,0,0,0,0,0
10105,我國海域,國外海域不分,國外海域不分,漁船,外輪,0,0,0,0,0,0,6,0,0,0,0,0
10105,我國海域,港區外,港區外,商船,國輪,0,0,0,0,0,0,2,0,0,0,2,0
10106,其他,其他,其他,商船,國輪,0,0,0,0,0,0,0,0,0,0,1,0
10106,其他,其他,其他,商船,國輪,0,0,0,0,0,0,1,0,0,0,0,0
10106,其他,其他,其他,商船,國輪,0,0,0,0,0,0,1,0,0,0,1,0
10106,我國海域,港區外,港區外,商船,國輪,0,0,0,0,0,0,0,0,0,0,1,0
10106,我國海域,國外海域不分,國外海域不分,商船,國輪,0,0,0,0,0,0,0,0,0,0,1,0
10106,我國海域,港區外,港區外,漁船,外輪,0,0,0,0,0,0,1,0,0,0,0,0
10106,我國海域,國外海域不分,國外海域不分,漁船,外輪,0,0,0,0,0,0,3,0,0,0,0,0
10107,其他,其他,其他,商船,國輪,0,0,0,0,0,0,0,0,0,0,2,0
10107,其他,其他,其他,漁船,外輪,0,0,0,0,0,0,0,0,0,0,1,0
10107,我國海域,港區外,港區外,漁船,外輪,0,0,0,0,0,0,5,0,0,0,0,0
10107,我國海域,港區外,港區外,商船,國輪,0,0,0,0,0,0,0,0,0,0,4,0
10107,我國海域,港區外,港區外,漁船,外輪,0,0,0,0,0,0,0,0,0,0,1,0
10107,我國海域,港區外,港區外,漁船,外輪,0,0,0,0,0,0,1,0,0,0,0,0
10107,我國海域,國外海域不分,國外海域不分,漁船,外輪,0,0,0,0,0,0,3,0,0,0,0,0
10107,我國海域,港區外,港區外,商船,國輪,0,1,0,0,0,0,3,0,1,0,0,0
10107,其他,其他,其他,商船,國輪,0,0,0,0,0,0,0,0,0,0,1,0
10107,我國海域,國外海域不分,國外海域不分,商船,國輪,0,0,0,0,0,0,0,0,0,0,2,0
10108,其他,其他,其他,漁船,外輪,0,0,0,0,0,0,1,0,0,0,0,0
10108,其他,其他,其他,商船,國輪,0,0,0,0,0,0,0,0,0,0,2,1
10108,其他,其他,其他,漁船,外輪,0,0,0,0,0,0,0,0,0,0,1,0
10108,我國海域,港區外,港區外,漁船,外輪,0,0,0,0,0,0,0,0,0,0,1,0
10108,我國海域,港區外,港區外,漁船,外輪,0,0,0,0,0,0,4,0,0,0,0,0
10108,我國海域,國外海域不分,國外海域不分,漁船,外輪,0,0,0,0,0,0,4,0,0,0,0,0
10108,我國海域,港區外,港區外,商船,國輪,0,0,0,0,0,0,1,0,0,0,1,1
10108,我國海域,港區外,港區外,商船,國輪,0,0,1,0,0,0,0,0,0,1,0,1
10109,我國海域,港區外,港區外,漁船,外輪,0,0,0,0,0,0,1,0,0,0,0,0
10109,其他,其他,其他,商船,國輪,0,0,0,0,0,0,0,0,0,0,1,0
10109,其他,其他,其他,漁船,外輪,0,0,0,0,0,0,0,0,0,0,1,0
10109,其他,其他,其他,商船,國輪,0,0,0,0,0,0,0,0,0,0,1,0
10109,其他,其他,其他,漁船,外輪,0,0,0,0,0,0,1,0,0,0,0,0
10109,我國海域,港區外,港區外,商船,國輪,4,0,0,0,0,0,0,4,0,0,1,0
10109,我國海域,港區外,港區外,商船,國輪,0,0,0,0,0,0,2,0,0,0,0,0
10109,我國海域,港區外,港區外,漁船,外輪,0,1,0,0,0,0,0,0,1,0,1,0
10109,我國海域,港區外,港區外,漁船,外輪,0,0,0,0,0,0,5,0,0,0,0,0
10109,我國海域,國外海域不分,國外海域不分,漁船,外輪,0,0,0,0,0,0,1,0,0,0,0,0
10109,我國海域,港區外,港區外,商船,國輪,0,0,0,0,0,0,0,0,0,0,5,0
10109,我國海域,港區外,港區外,商船,國輪,0,0,0,0,0,0,0,0,0,0,1,0
10109,我國海域,國外海域不分,國外海域不分,商船,國輪,0,0,1,0,0,0,1,0,0,1,2,0
10110,其他,其他,其他,漁船,外輪,0,0,0,0,0,0,0,0,0,0,1,0
10110,我國海域,港區外,港區外,漁船,外輪,0,0,0,0,0,0,2,0,0,0,0,0
10110,其他,其他,其他,商船,國輪,0,0,0,0,0,0,0,0,0,0,2,0
10110,我國海域,港區外,港區外,商船,國輪,0,0,0,0,0,0,0,0,0,0,1,0
10110,我國海域,港區外,港區外,商船,國輪,0,0,0,0,0,0,1,0,0,0,0,0
10110,其他,其他,其他,商船,國輪,0,0,0,0,0,0,0,0,0,0,1,0
10110,其他,其他,其他,商船,國輪,0,0,0,0,0,0,0,0,0,0,1,0
10110,我國海域,港區外,港區外,商船,國輪,0,0,0,0,0,0,1,0,0,0,1,0
10110,我國海域,港區外,港區外,漁船,外輪,0,0,0,0,0,0,5,0,0,0,0,0
10110,我國海域,港區外,港區外,商船,國輪,0,0,1,0,0,0,2,0,0,1,2,1
10110,我國海域,港區外,港區外,商船,國輪,0,0,1,0,0,0,2,0,0,1,0,0
10110,我國海域,國外海域不分,國外海域不分,商船,國輪,0,0,0,0,0,0,0,0,0,0,1,0
10111,其他,其他,其他,商船,國輪,0,0,1,0,0,0,1,0,0,1,0,0
10111,其他,其他,其他,漁船,外輪,0,0,0,0,0,0,0,0,0,0,3,0
10111,我國海域,港區外,港區外,漁船,外輪,0,0,0,0,0,0,2,0,0,0,0,0
10111,其他,其他,其他,商船,國輪,0,0,0,0,0,0,0,0,0,0,1,0
10111,我國海域,港區外,港區外,商船,國輪,0,2,0,0,0,0,2,0,2,0,0,0
10111,我國海域,港區外,港區外,漁船,外輪,0,0,0,0,0,0,3,0,0,0,0,0
10111,我國海域,國外海域不分,國外海域不分,漁船,外輪,0,0,0,0,0,0,1,0,0,0,0,0
10111,我國海域,港區外,港區外,商船,國輪,1,1,0,0,0,0,2,1,1,0,2,0
10111,我國海域,港區外,港區外,商船,國輪,0,0,0,0,0,0,1,0,0,0,0,0
10112,其他,其他,其他,商船,國輪,0,0,0,0,0,0,1,0,0,0,0,0
10112,其他,其他,其他,漁船,外輪,0,0,0,0,0,0,0,0,0,0,2,0
10112,我國海域,港區外,港區外,漁船,外輪,0,0,0,0,0,0,1,0,0,0,1,0
10112,其他,其他,其他,商船,國輪,0,0,0,0,0,0,0,0,0,0,1,0
10112,其他,其他,其他,漁船,外輪,0,0,0,0,0,0,1,0,0,0,2,0
10112,我國海域,港區外,港區外,漁船,外輪,0,0,0,0,0,0,2,0,0,0,1,0
10112,我國海域,港區外,港區外,漁船,外輪,0,0,0,0,0,0,5,0,0,0,0,0
10112,我國海域,港區外,港區外,商船,國輪,0,1,0,0,0,0,1,0,1,0,2,1
10112,我國海域,國外海域不分,國外海域不分,商船,國輪,0,0,0,0,0,0,3,0,0,0,1,0
10201,其他,其他,其他,商船,國輪,0,0,0,0,0,0,0,0,0,0,1,0
10201,我國海域,港區外,港區外,商船,國輪,0,0,0,0,0,0,1,0,0,0,1,0
10201,我國海域,港區外,港區外,漁船,外輪,0,0,0,0,0,0,1,0,0,0,0,0
10201,我國海域,港區外,港區外,漁船,外輪,0,0,0,0,0,0,17,0,0,0,1,0
10201,我國海域,港區外,港區外,其他,大陸船舶,0,0,0,0,0,0,1,0,0,0,0,0
10201,我國海域,港區外,港區外,商船,國輪,0,0,1,0,0,0,2,0,0,1,1,1
10201,我國海域,港區外,港區外,商船,國輪,0,0,0,0,0,0,0,0,0,0,1,0
10201,我國海域,國外海域不分,國外海域不分,商船,國輪,0,0,0,0,0,0,1,0,0,0,1,0
10202,我國海域,港區外,港區外,商船,國輪,0,0,0,0,0,0,0,0,0,0,1,0
10202,其他,其他,其他,漁船,外輪,0,0,0,0,0,0,0,0,0,0,2,0
10202,我國海域,港區外,港區外,漁船,外輪,1,0,1,0,0,0,1,1,0,1,0,0
10202,其他,其他,其他,商船,國輪,0,0,0,0,0,0,0,0,0,0,0,1
10202,我國海域,港區外,港區外,商船,國輪,0,0,0,0,0,0,0,0,0,0,1,0
10202,我國海域,港區外,港區外,漁船,外輪,0,0,0,0,0,0,2,0,0,0,0,0
10202,我國海域,港區外,港區外,漁船,外輪,0,0,0,0,0,0,6,0,0,0,0,0
10202,我國海域,港區外,港區外,商船,國輪,0,0,2,0,0,0,2,0,0,2,0,2
10202,我國海域,港區外,港區外,商船,國輪,0,1,0,0,0,0,1,0,1,0,0,0
10203,其他,其他,其他,商船,國輪,1,0,0,0,0,0,0,1,0,0,1,0
10203,其他,其他,其他,漁船,外輪,0,0,0,0,0,0,0,0,0,0,1,0
10203,我國海域,港區外,港區外,漁船,外輪,0,0,0,0,0,0,1,0,0,0,2,0
10203,我國海域,港區外,港區外,商船,國輪,1,0,0,0,0,0,0,1,0,0,1,0
10203,其他,其他,其他,商船,國輪,0,0,0,0,0,0,0,0,0,0,1,0
10203,其他,其他,其他,漁船,外輪,0,0,0,0,0,0,0,0,0,0,1,0
10203,我國海域,港區外,港區外,商船,國輪,0,0,0,0,0,0,1,0,0,0,0,0
10203,我國海域,港區外,港區外,漁船,外輪,0,0,0,0,0,0,4,0,0,0,1,0
10203,我國海域,港區外,港區外,漁船,外輪,0,0,1,0,0,1,10,0,0,0,0,0
10203,我國海域,國外海域不分,國外海域不分,漁船,外輪,0,0,0,0,0,0,1,0,0,0,0,0
10203,我國海域,港區外,港區外,其他,大陸船舶,0,0,0,0,0,0,0,0,0,0,1,0
10203,我國海域,港區外,港區外,商船,國輪,0,3,1,0,0,0,1,0,3,1,1,1
10203,我國海域,港區外,港區外,商船,國輪,0,2,0,0,0,0,3,0,2,0,0,0
10204,其他,其他,其他,商船,國輪,0,0,0,0,0,0,0,0,0,0,0,1
10204,其他,其他,其他,漁船,外輪,0,0,0,0,0,0,0,0,0,0,1,0
10204,我國海域,港區外,港區外,商船,國輪,0,0,0,0,0,0,0,0,0,0,1,0
10204,我國海域,港區外,港區外,商船,國輪,0,0,0,0,0,0,1,0,0,0,0,0
10204,我國海域,港區外,港區外,漁船,外輪,0,0,0,0,0,0,1,0,0,0,1,0
10204,我國海域,港區外,港區外,漁船,外輪,0,0,0,0,0,0,6,0,0,0,0,0
10204,我國海域,國外海域不分,國外海域不分,漁船,外輪,0,0,0,0,0,0,1,0,0,0,0,0
10204,我國海域,港區外,港區外,商船,國輪,0,0,0,0,0,0,2,0,0,0,7,0
10205,其他,其他,其他,漁船,外輪,0,0,0,0,0,0,0,0,0,0,1,0
10205,我國海域,港區外,港區外,商船,國輪,0,0,0,0,0,0,0,0,0,0,0,1
10205,我國海域,港區外,港區外,漁船,外輪,0,0,0,0,0,0,8,0,0,0,0,0
10205,我國海域,港區外,港區外,商船,國輪,0,1,0,0,0,0,1,0,1,0,0,1
10205,我國海域,港區外,港區外,商船,國輪,0,1,0,0,0,0,2,0,1,0,4,0
10205,我國海域,國外海域不分,國外海域不分,商船,國輪,0,0,1,0,0,0,1,0,0,1,0,0
10206,其他,其他,其他,商船,國輪,0,0,0,0,0,0,0,0,0,0,1,0
10206,其他,其他,其他,漁船,外輪,0,0,0,0,0,0,0,0,0,0,2,0
10206,其他,其他,其他,商船,國輪,0,0,0,0,0,0,0,0,0,0,1,0
10206,我國海域,港區外,港區外,商船,國輪,0,0,0,0,0,0,1,0,0,0,0,0
10206,我國海域,港區外,港區外,商船,國輪,0,0,1,0,0,0,1,0,0,1,0,0
10206,我國海域,港區外,港區外,漁船,外輪,0,0,0,0,0,0,6,0,0,0,0,0
10206,我國海域,港區外,港區外,其他,大陸船舶,0,0,0,0,0,0,1,0,0,0,0,0
10206,我國海域,港區外,港區外,商船,國輪,0,0,0,0,0,0,1,0,0,0,4,3
10206,我國海域,港區外,港區外,商船,國輪,0,0,0,0,0,0,0,0,0,0,2,0
10206,我國海域,國外海域不分,國外海域不分,商船,國輪,0,0,0,0,0,0,0,0,0,0,1,0
10207,其他,其他,其他,商船,國輪,0,0,0,0,0,0,0,0,0,0,1,0
10207,其他,其他,其他,商船,國輪,0,0,0,0,0,0,0,0,0,0,1,1
10207,其他,其他,其他,商船,國輪,0,0,0,0,0,0,0,0,0,0,1,0
10207,其他,其他,其他,漁船,外輪,0,0,0,0,0,0,0,0,0,0,2,0
10207,其他,其他,其他,商船,國輪,0,0,0,0,0,0,0,0,0,0,1,0
10207,我國海域,港區外,港區外,商船,國輪,0,1,0,0,0,0,1,0,1,0,0,0
10207,我國海域,港區外,港區外,漁船,外輪,0,0,0,0,0,0,7,0,0,0,1,0
10207,我國海域,國外海域不分,國外海域不分,漁船,外輪,0,0,0,0,0,0,2,0,0,0,0,0
10207,我國海域,港區外,港區外,商船,國輪,0,1,3,0,0,0,2,0,1,3,3,2
10207,我國海域,港區外,港區外,商船,國輪,0,3,0,0,0,0,3,0,3,0,0,1
10207,我國海域,國外海域不分,國外海域不分,商船,國輪,0,0,0,0,0,0,1,0,0,0,0,0
10208,其他,其他,其他,漁船,外輪,0,0,0,0,0,0,0,0,0,0,1,0
10208,其他,其他,其他,商船,國輪,0,0,0,0,0,0,1,0,0,0,0,0
10208,我國海域,港區外,港區外,商船,國輪,0,0,0,0,0,0,1,0,0,0,0,0
10208,我國海域,港區外,港區外,漁船,外輪,0,0,0,0,0,0,8,0,0,0,1,0
10208,我國海域,港區外,港區外,商船,國輪,0,0,0,0,0,0,1,0,0,0,5,1
10208,我國海域,港區外,港區外,商船,國輪,0,0,0,0,0,0,2,0,0,0,0,1
10208,我國海域,國外海域不分,國外海域不分,商船,國輪,0,0,0,0,0,0,0,0,0,0,1,0
10209,我國海域,港區外,港區外,漁船,外輪,0,0,0,0,0,0,0,0,0,0,1,0
10209,其他,其他,其他,漁船,外輪,0,0,0,0,0,0,0,0,0,0,1,0
10209,其他,其他,其他,漁船,外輪,0,0,0,0,0,0,0,0,0,0,1,0
10209,其他,其他,其他,商船,國輪,0,0,0,0,0,0,0,0,0,0,1,0
10209,我國海域,港區外,港區外,漁船,外輪,0,0,0,0,0,0,0,0,0,0,1,0
10209,其他,其他,其他,漁船,外輪,0,0,0,0,0,0,0,0,0,0,1,0
10209,我國海域,港區外,港區外,商船,國輪,0,0,0,0,0,0,0,0,0,0,1,0
10209,我國海域,港區外,港區外,漁船,外輪,0,0,0,0,0,0,2,0,0,0,0,0
10209,我國海域,港區外,港區外,漁船,外輪,0,0,0,0,0,0,6,0,0,0,0,0
10209,我國海域,港區外,港區外,商船,國輪,1,0,3,0,0,0,2,1,0,3,2,1
10210,其他,其他,其他,商船,國輪,0,0,0,0,0,0,1,0,0,0,0,0
10210,其他,其他,其他,漁船,外輪,0,0,0,0,0,0,1,0,0,0,0,0
10210,其他,其他,其他,商船,國輪,0,0,0,0,0,0,0,0,0,0,1,0
10210,其他,其他,其他,商船,國輪,0,0,0,0,0,0,0,0,0,0,1,0
10210,其他,其他,其他,漁船,外輪,0,0,0,0,0,0,1,0,0,0,0,0
10210,其他,其他,其他,商船,國輪,0,0,0,0,0,0,0,0,0,0,1,0
10210,其他,其他,其他,商船,國輪,1,0,0,0,0,0,1,1,0,0,1,0
10210,其他,其他,其他,漁船,外輪,1,0,0,0,0,0,1,1,0,0,0,0
10210,我國海域,港區外,港區外,漁船,外輪,0,1,0,0,0,0,6,0,1,0,0,1
10210,我國海域,港區外,港區外,漁船,外輪,0,0,0,0,0,0,6,0,0,0,0,0
10210,我國海域,國外海域不分,國外海域不分,漁船,外輪,0,0,0,0,0,0,2,0,0,0,0,0
10210,我國海域,港區外,港區外,商船,國輪,1,0,0,0,0,0,1,1,0,0,2,0
10210,我國海域,港區外,港區外,商船,國輪,0,0,0,0,0,0,0,0,0,0,0,1
10210,我國海域,國外海域不分,國外海域不分,商船,國輪,0,0,0,0,0,0,0,0,0,0,0,1
10211,其他,其他,其他,漁船,外輪,0,0,0,0,0,0,1,0,0,0,0,0
10211,其他,其他,其他,商船,國輪,0,0,0,0,0,0,0,0,0,0,1,0
10211,其他,其他,其他,漁船,外輪,0,0,0,0,0,0,0,0,0,0,1,0
10211,我國海域,港區外,港區外,商船,國輪,0,0,0,0,0,0,0,0,0,0,1,0
10211,我國海域,港區外,港區外,漁船,外輪,0,0,0,0,0,0,11,0,0,0,0,0
10211,我國海域,港區外,港區外,商船,國輪,0,0,3,0,0,0,3,0,0,3,8,3
10211,我國海域,港區外,港區外,商船,國輪,1,0,0,0,0,0,2,1,0,0,2,1
10212,其他,其他,其他,商船,國輪,0,0,0,0,0,0,0,0,0,0,1,0
10212,其他,其他,其他,漁船,外輪,0,0,0,0,0,0,0,0,0,0,1,0
10212,我國海域,港區外,港區外,商船,國輪,0,0,0,0,0,0,0,0,0,0,0,1
10212,其他,其他,其他,其他,大陸船舶,0,0,0,0,0,0,0,0,0,0,1,0
10212,其他,其他,其他,漁船,外輪,0,0,0,0,0,0,0,0,0,0,1,0
10212,其他,其他,其他,商船,國輪,0,0,0,0,0,0,1,0,0,0,0,0
10212,我國海域,港區外,港區外,商船,國輪,0,1,0,0,1,0,1,0,0,0,0,0
10212,我國海域,港區外,港區外,商船,國輪,0,0,0,0,0,0,1,0,0,0,0,0
10212,我國海域,港區外,港區外,漁船,外輪,0,0,0,0,0,0,1,0,0,0,0,0
10212,我國海域,港區外,港區外,漁船,外輪,0,0,0,0,0,0,11,0,0,0,0,0
10212,我國海域,國外海域不分,國外海域不分,漁船,外輪,0,0,0,0,0,0,3,0,0,0,0,0
10212,我國海域,港區外,港區外,其他,大陸船舶,0,0,0,0,0,0,0,0,0,0,1,0
10212,我國海域,港區外,港區外,商船,國輪,0,0,0,0,0,0,1,0,0,0,4,1
10212,我國海域,港區外,港區外,商船,國輪,0,1,0,0,0,0,1,0,1,0,1,0
10212,我國海域,國外海域不分,國外海域不分,商船,國輪,0,1,0,0,0,0,1,0,1,0,1,0
10301,其他,其他,其他,漁船,外輪,0,0,0,0,0,0,0,0,0,0,1,0
10301,其他,其他,其他,商船,國輪,0,0,0,0,0,0,0,0,0,0,1,0
10301,其他,其他,其他,漁船,外輪,0,0,0,0,0,0,0,0,0,0,3,0
10301,我國海域,港區外,港區外,漁船,外輪,0,0,0,0,0,0,10,0,0,0,0,0
10301,我國海域,國外海域不分,國外海域不分,漁船,外輪,0,0,0,0,0,0,2,0,0,0,1,0
10301,我國海域,港區外,港區外,其他,大陸船舶,0,0,0,0,0,0,0,0,0,0,1,0
10301,我國海域,港區外,港區外,其他,大陸船舶,0,0,0,0,0,0,1,0,0,0,0,0
10301,我國海域,港區外,港區外,商船,國輪,0,3,1,0,0,0,0,0,3,1,0,4
10301,我國海域,港區外,港區外,商船,國輪,0,0,0,0,0,0,0,0,0,0,1,0
10301,我國海域,國外海域不分,國外海域不分,商船,國輪,1,5,0,0,0,0,2,1,5,0,1,1
10302,其他,其他,其他,商船,國輪,0,0,0,0,0,0,0,0,0,0,2,3
10302,其他,其他,其他,漁船,外輪,0,0,0,0,0,0,1,0,0,0,0,0
10302,其他,其他,其他,商船,國輪,0,0,0,0,0,0,0,0,0,0,1,0
10302,其他,其他,其他,漁船,外輪,0,0,0,0,0,0,0,0,0,0,2,0
10302,我國海域,港區外,港區外,商船,國輪,0,0,0,0,0,0,0,0,0,0,0,1
10302,我國海域,港區外,港區外,漁船,外輪,0,0,0,0,0,0,1,0,0,0,0,0
10302,我國海域,港區外,港區外,漁船,外輪,0,0,0,0,0,0,7,0,0,0,0,0
10302,我國海域,國外海域不分,國外海域不分,漁船,外輪,0,0,0,0,0,0,2,0,0,0,0,0
10302,其他,其他,其他,其他,大陸船舶,2,1,0,0,0,0,0,2,1,0,1,0
10302,我國海域,港區外,港區外,商船,國輪,0,0,0,0,0,0,1,0,0,0,3,2
10302,我國海域,國外海域不分,國外海域不分,商船,國輪,0,0,0,0,0,0,0,0,0,0,0,1
10303,其他,其他,其他,漁船,外輪,0,0,0,0,0,0,0,0,0,0,1,0
10303,其他,其他,其他,漁船,外輪,0,0,0,0,0,0,1,0,0,0,1,0
10303,其他,其他,其他,漁船,外輪,0,0,0,0,0,0,0,0,0,0,1,0
10303,其他,其他,其他,商船,國輪,0,0,0,0,0,0,1,0,0,0,0,0
10303,我國海域,港區外,港區外,商船,國輪,0,0,0,0,0,0,1,0,0,0,0,0
10303,我國海域,港區外,港區外,漁船,外輪,0,0,0,0,0,0,1,0,0,0,0,0
10303,我國海域,港區外,港區外,漁船,外輪,0,0,0,0,0,0,7,0,0,0,1,0
10303,我國海域,國外海域不分,國外海域不分,漁船,外輪,0,0,0,0,0,0,2,0,0,0,0,0
10303,我國海域,港區外,港區外,商船,國輪,0,1,0,0,0,0,3,0,1,0,4,1
10303,我國海域,港區外,港區外,商船,國輪,0,0,0,0,0,0,1,0,0,0,0,0
10304,其他,其他,其他,商船,國輪,0,0,0,0,0,0,0,0,0,0,1,0
10304,我國海域,港區外,港區外,商船,國輪,0,0,0,0,0,0,1,0,0,0,0,0
10304,其他,其他,其他,漁船,外輪,0,0,0,0,0,0,3,0,0,0,5,0
10304,我國海域,港區外,港區外,漁船,外輪,0,0,0,0,0,0,8,0,0,0,0,0
10304,我國海域,國外海域不分,國外海域不分,漁船,外輪,0,0,0,0,0,0,3,0,0,0,0,0
10304,我國海域,港區外,港區外,商船,國輪,0,0,0,0,0,0,0,0,0,0,1,1
10304,我國海域,港區外,港區外,商船,國輪,0,0,0,0,0,0,2,0,0,0,0,0
10304,我國海域,國外海域不分,國外海域不分,商船,國輪,0,1,0,0,0,0,1,0,1,0,0,0
10305,其他,其他,其他,商船,國輪,0,0,0,0,0,0,0,0,0,0,1,0
10305,其他,其他,其他,漁船,外輪,0,0,0,0,0,0,0,0,0,0,1,0
10305,其他,其他,其他,商船,國輪,0,0,1,0,0,0,1,0,0,1,0,0
10305,其他,其他,其他,漁船,外輪,0,0,0,0,0,0,0,0,0,0,1,0
10305,我國海域,港區外,港區外,商船,國輪,0,1,0,0,1,0,1,0,0,0,0,0
10305,我國海域,港區外,港區外,漁船,外輪,0,0,0,0,0,0,4,0,0,0,1,0
10305,我國海域,國外海域不分,國外海域不分,漁船,外輪,0,1,0,0,0,0,2,0,1,0,2,0
10305,我國海域,港區外,港區外,其他,大陸船舶,0,0,0,0,0,0,1,0,0,0,0,0
10305,我國海域,港區外,港區外,商船,國輪,0,0,0,0,0,0,0,0,0,0,2,0
10305,我國海域,港區外,港區外,商船,國輪,0,4,0,0,0,0,2,0,4,0,0,2
10306,其他,其他,其他,商船,國輪,0,0,0,0,0,0,0,0,0,0,1,0
10306,其他,其他,其他,漁船,外輪,0,0,0,0,0,0,1,0,0,0,0,0
10306,其他,其他,其他,商船,國輪,0,0,0,0,0,0,0,0,0,0,1,0
10306,我國海域,港區外,港區外,商船,國輪,1,0,0,0,0,0,1,1,0,0,0,0
10306,我國海域,港區外,港區外,漁船,外輪,0,0,0,0,0,0,1,0,0,0,1,0
10306,我國海域,港區外,港區外,漁船,外輪,0,0,0,0,0,0,5,0,0,0,0,0
10306,我國海域,港區外,港區外,商船,國輪,1,1,1,0,0,0,4,1,1,1,3,1
10306,我國海域,港區外,港區外,商船,國輪,0,0,1,0,0,0,1,0,0,1,0,1
10307,其他,其他,其他,商船,國輪,0,0,0,0,0,0,1,0,0,0,4,0
10307,其他,其他,其他,漁船,外輪,0,0,0,0,0,0,1,0,0,0,0,0
10307,我國海域,港區外,港區外,漁船,外輪,0,0,0,0,0,0,0,0,0,0,1,0
10307,其他,其他,其他,商船,國輪,0,0,0,0,0,0,0,0,0,0,1,0
10307,其他,其他,其他,商船,國輪,0,0,0,0,0,0,0,0,0,0,1,0
10307,其他,其他,其他,商船,國輪,0,0,0,0,0,0,1,0,0,0,0,0
10307,我國海域,國外海域不分,國外海域不分,商船,國輪,0,0,0,0,0,0,1,0,0,0,0,0
10307,我國海域,港區外,港區外,漁船,外輪,0,0,0,0,0,0,6,0,0,0,0,0
10307,我國海域,國外海域不分,國外海域不分,漁船,外輪,0,0,0,0,0,0,2,0,0,0,0,0
10307,我國海域,港區外,港區外,商船,國輪,3,1,1,0,0,0,2,3,1,1,4,0
10307,我國海域,港區外,港區外,商船,國輪,0,16,1,0,0,0,4,0,16,1,0,1
10307,我國海域,國外海域不分,國外海域不分,商船,國輪,0,3,0,0,0,0,1,0,3,0,0,1
10308,我國海域,港區外,港區外,商船,國輪,0,0,0,0,0,0,0,0,0,0,1,0
10308,其他,其他,其他,商船,國輪,0,0,0,0,0,0,0,0,0,0,1,0
10308,其他,其他,其他,漁船,外輪,0,0,0,0,0,0,1,0,0,0,1,0
10308,其他,其他,其他,商船,國輪,0,0,0,0,0,0,0,0,0,0,1,0
10308,其他,其他,其他,漁船,外輪,0,0,0,0,0,0,0,0,0,0,1,0
10308,我國海域,港區外,港區外,漁船,外輪,0,0,0,0,0,0,3,0,0,0,0,0
10308,我國海域,港區外,港區外,商船,國輪,0,0,0,0,0,0,0,0,0,0,2,0
10308,我國海域,港區外,港區外,商船,國輪,0,0,1,0,0,0,1,0,0,1,0,0
10309,其他,其他,其他,商船,國輪,0,0,0,0,0,0,0,0,0,0,2,0
10309,其他,其他,其他,漁船,外輪,0,0,0,0,0,0,1,0,0,0,0,0
10309,其他,其他,其他,漁船,外輪,0,0,0,0,0,0,0,0,0,0,1,0
10309,其他,其他,其他,商船,國輪,0,0,0,0,0,0,0,0,0,0,1,0
10309,其他,其他,其他,商船,國輪,0,0,0,0,0,0,1,0,0,0,0,0
10309,其他,其他,其他,漁船,外輪,0,0,0,0,0,0,1,0,0,0,0,0
10309,我國海域,港區外,港區外,漁船,外輪,0,0,0,0,0,0,6,0,0,0,1,0
10309,我國海域,國外海域不分,國外海域不分,漁船,外輪,0,0,0,0,0,0,2,0,0,0,0,0
10309,我國海域,港區外,港區外,商船,國輪,0,0,1,0,0,0,2,0,0,1,4,0
10309,我國海域,港區外,港區外,商船,國輪,0,0,0,0,0,0,1,0,0,0,1,0
10310,其他,其他,其他,商船,國輪,0,0,0,0,0,0,0,0,0,0,1,0
10310,其他,其他,其他,商船,國輪,0,0,0,0,0,0,0,0,0,0,1,0
10310,我國海域,港區外,港區外,商船,國輪,2,0,2,0,0,2,1,2,0,0,1,1
10310,我國海域,港區外,港區外,漁船,外輪,0,0,0,0,0,0,1,0,0,0,0,0
10310,我國海域,港區外,港區外,漁船,外輪,0,0,0,0,0,0,5,0,0,0,0,0
10310,我國海域,國外海域不分,國外海域不分,漁船,外輪,0,0,0,0,0,0,4,0,0,0,0,0
10310,我國海域,港區外,港區外,商船,國輪,1,2,0,0,0,0,4,1,2,0,1,3
10310,我國海域,港區外,港區外,商船,國輪,0,0,0,0,0,0,1,0,0,0,1,0
10311,我國海域,港區外,港區外,商船,國輪,0,0,0,0,0,0,0,0,0,0,1,0
10311,其他,其他,其他,商船,國輪,0,0,0,0,0,0,1,0,0,0,0,0
10311,我國海域,港區外,港區外,漁船,外輪,0,0,0,0,0,0,1,0,0,0,0,0
10311,其他,其他,其他,漁船,外輪,0,0,0,0,0,0,0,0,0,0,1,0
10311,其他,其他,其他,商船,國輪,0,0,0,0,0,0,0,0,0,0,0,1
10311,其他,其他,其他,商船,國輪,0,0,0,0,0,0,0,0,0,0,1,0
10311,其他,其他,其他,漁船,外輪,0,0,0,0,0,0,1,0,0,0,0,0
10311,我國海域,港區外,港區外,漁船,外輪,0,0,0,0,0,0,1,0,0,0,0,0
10311,我國海域,港區外,港區外,漁船,外輪,0,0,0,0,0,0,5,0,0,0,0,0
10311,我國海域,國外海域不分,國外海域不分,漁船,外輪,0,0,0,0,0,0,2,0,0,0,1,0
10311,我國海域,港區外,港區外,商船,國輪,1,1,0,0,0,0,0,1,1,0,3,0
10311,我國海域,港區外,港區外,商船,國輪,0,0,0,0,0,0,0,0,0,0,2,1
10312,其他,其他,其他,商船,國輪,0,0,0,0,0,0,1,0,0,0,0,0
10312,其他,其他,其他,商船,國輪,0,0,0,0,0,0,0,0,0,0,1,0
10312,其他,其他,其他,商船,國輪,0,0,0,0,0,0,0,0,0,0,1,0
10312,我國海域,國外海域不分,國外海域不分,商船,國輪,0,0,0,0,0,0,1,0,0,0,0,0
10312,我國海域,港區外,港區外,漁船,外輪,0,0,0,0,0,0,1,0,0,0,0,0
10312,其他,其他,其他,漁船,外輪,0,0,0,0,0,0,1,0,0,0,0,0
10312,我國海域,港區外,港區外,漁船,外輪,0,0,0,0,0,0,8,0,0,0,0,0
10312,我國海域,國外海域不分,國外海域不分,漁船,外輪,0,0,0,0,0,0,4,0,0,0,1,0
10312,我國海域,港區外,港區外,商船,國輪,0,2,0,0,0,0,2,0,2,0,3,2
10312,我國海域,港區外,港區外,商船,國輪,0,7,1,0,0,0,4,0,7,1,0,2
10312,我國海域,國外海域不分,國外海域不分,商船,國輪,0,0,1,0,0,0,1,0,0,1,0,0
10401,我國海域,港區外,港區外,商船,國輪,0,2,1,0,0,0,0,0,2,1,0,1
10401,其他,其他,其他,商船,國輪,0,0,0,0,0,0,0,0,0,0,1,0
10401,我國海域,港區外,港區外,商船,國輪,10,0,0,10,0,0,0,0,0,0,1,0
10401,其他,其他,其他,漁船,外輪,0,0,0,0,0,0,1,0,0,0,0,0
10401,其他,其他,其他,漁船,外輪,0,0,0,0,0,0,0,0,0,0,2,0
10401,其他,其他,其他,商船,國輪,0,0,0,0,0,0,0,0,0,0,0,1
10401,其他,其他,其他,商船,國輪,0,0,0,0,0,0,0,0,0,0,1,0
10401,其他,其他,其他,漁船,外輪,0,0,0,0,0,0,0,0,0,0,1,0
10401,其他,其他,其他,商船,國輪,6,0,0,6,0,0,0,0,0,0,1,0
10401,我國海域,港區外,港區外,漁船,外輪,0,0,0,0,0,0,2,0,0,0,0,0
10401,我國海域,港區外,港區外,漁船,外輪,0,0,0,0,0,0,2,0,0,0,0,0
10401,我國海域,國外海域不分,國外海域不分,漁船,外輪,0,0,0,0,0,0,3,0,0,0,0,0
10401,我國海域,港區外,港區外,商船,國輪,1,0,5,0,0,0,3,1,0,5,4,1
10401,我國海域,港區外,港區外,商船,國輪,0,0,1,0,0,0,5,0,0,1,1,0
10402,我國海域,港區外,港區外,商船,國輪,0,0,0,0,0,0,1,0,0,0,0,0
10402,我國海域,港區外,港區外,商船,國輪,0,0,0,0,0,0,0,0,0,0,1,0
10402,其他,其他,其他,漁船,外輪,0,0,0,0,0,0,0,0,0,0,1,0
10402,我國海域,港區外,港區外,商船,國輪,0,0,1,0,0,0,1,0,0,1,0,0
10402,其他,其他,其他,商船,國輪,0,0,0,0,0,0,0,0,0,0,1,0
10402,我國海域,港區外,港區外,漁船,外輪,0,0,0,0,0,0,4,0,0,0,0,0
10402,我國海域,國外海域不分,國外海域不分,漁船,外輪,0,0,0,0,0,0,1,0,0,0,1,0
10402,我國海域,港區外,港區外,商船,國輪,0,0,0,0,0,0,0,0,0,0,1,0
10402,我國海域,港區外,港區外,商船,國輪,0,0,0,0,0,0,1,0,0,0,0,0
10402,我國海域,國外海域不分,國外海域不分,商船,國輪,0,1,0,0,0,0,1,0,1,0,0,0
10403,其他,其他,其他,漁船,外輪,0,0,0,0,0,0,0,0,0,0,1,0
10403,其他,其他,其他,漁船,外輪,0,0,0,0,0,0,0,0,0,0,1,0
10403,我國海域,港區外,港區外,漁船,外輪,0,1,0,0,0,0,1,0,1,0,0,0
10403,其他,其他,其他,商船,國輪,0,0,0,0,0,0,0,0,0,0,1,0
10403,其他,其他,其他,商船,國輪,0,0,0,0,0,0,2,0,0,0,0,0
10403,其他,其他,其他,商船,國輪,0,0,1,0,0,0,1,0,0,1,0,0
10403,我國海域,港區外,港區外,商船,國輪,0,0,1,0,0,0,0,0,0,1,1,0
10403,其他,其他,其他,商船,國輪,0,0,1,0,0,0,1,0,0,1,0,0
10403,我國海域,國外海域不分,國外海域不分,商船,國輪,0,0,0,0,0,0,1,0,0,0,0,0
10403,我國海域,港區外,港區外,漁船,外輪,0,0,0,0,0,0,9,0,0,0,0,0
10403,我國海域,國外海域不分,國外海域不分,漁船,外輪,0,0,0,0,0,0,1,0,0,0,0,0
10403,我國海域,港區外,港區外,商船,國輪,1,1,0,0,0,0,2,1,1,0,3,0
10403,我國海域,港區外,港區外,商船,國輪,0,0,1,0,0,0,1,0,0,1,0,1
10403,我國海域,國外海域不分,國外海域不分,商船,國輪,0,1,2,0,0,0,1,0,1,2,1,1
10404,其他,其他,其他,商船,國輪,1,0,0,0,0,0,1,1,0,0,0,0
10404,其他,其他,其他,商船,國輪,0,0,0,0,0,0,0,0,0,0,0,1
10404,其他,其他,其他,商船,國輪,0,0,1,0,0,0,1,0,0,1,0,0
10404,其他,其他,其他,商船,國輪,0,0,0,0,0,0,0,0,0,0,1,0
10404,其他,其他,其他,漁船,外輪,0,0,0,0,0,0,0,0,0,0,1,0
10404,其他,其他,其他,商船,國輪,0,0,0,0,0,0,0,0,0,0,2,0
10404,其他,其他,其他,漁船,外輪,0,0,0,0,0,0,0,0,0,0,2,0
10404,其他,其他,其他,商船,國輪,0,0,0,0,0,0,0,0,0,0,1,0
10404,其他,其他,其他,商船,國輪,0,0,0,0,0,0,0,0,0,0,1,0
10404,其他,其他,其他,商船,國輪,0,0,0,0,0,0,0,0,0,0,1,0
10404,其他,其他,其他,商船,國輪,0,0,0,0,0,0,0,0,0,0,1,0
10404,我國海域,港區外,港區外,漁船,外輪,0,0,0,0,0,0,3,0,0,0,0,0
10404,我國海域,國外海域不分,國外海域不分,漁船,外輪,0,0,0,0,0,0,7,0,0,0,1,0
10404,我國海域,港區外,港區外,商船,國輪,0,1,0,0,0,0,1,0,1,0,3,1
10404,我國海域,港區外,港區外,商船,國輪,0,0,0,0,0,0,0,0,0,0,1,1
10405,其他,其他,其他,商船,國輪,0,0,0,0,0,0,1,0,0,0,0,0
10405,其他,其他,其他,漁船,外輪,0,0,0,0,0,0,1,0,0,0,0,0
10405,其他,其他,其他,漁船,外輪,0,0,0,0,0,0,0,0,0,0,1,0
10405,我國海域,港區外,港區外,商船,國輪,0,0,0,0,0,0,1,0,0,0,0,0
10405,我國海域,港區外,港區外,商船,國輪,0,0,0,0,0,0,0,0,0,0,1,0
10405,我國海域,港區外,港區外,漁船,外輪,0,0,0,0,0,0,1,0,0,0,0,0
10405,我國海域,國外海域不分,國外海域不分,漁船,外輪,0,0,0,0,0,0,3,0,0,0,0,0
10405,我國海域,港區外,港區外,商船,國輪,0,0,1,0,0,0,1,0,0,1,2,1
10405,我國海域,港區外,港區外,商船,國輪,1,98,0,0,0,0,1,1,98,0,1,2
10405,我國海域,國外海域不分,國外海域不分,商船,國輪,0,0,0,0,0,0,1,0,0,0,0,0
10406,其他,其他,其他,漁船,外輪,0,0,0,0,0,0,0,0,0,0,1,0
10406,我國海域,港區外,港區外,商船,國輪,0,1,0,0,0,0,0,0,1,0,1,0
10406,其他,其他,其他,商船,國輪,0,0,0,0,0,0,1,0,0,0,0,0
10406,我國海域,港區外,港區外,商船,國輪,0,0,0,0,0,0,1,0,0,0,0,0
10406,我國海域,港區外,港區外,漁船,外輪,0,0,0,0,0,0,4,0,0,0,0,0
10406,我國海域,國外海域不分,國外海域不分,漁船,外輪,0,0,0,0,0,0,3,0,0,0,0,0
10406,我國海域,港區外,港區外,商船,國輪,0,0,0,0,0,0,2,0,0,0,4,0
10406,我國海域,港區外,港區外,商船,國輪,0,0,0,0,0,0,0,0,0,0,1,1
10406,我國海域,國外海域不分,國外海域不分,商船,國輪,0,0,0,0,0,0,1,0,0,0,0,0
10407,其他,其他,其他,漁船,外輪,0,0,0,0,0,0,1,0,0,0,0,0
10407,其他,其他,其他,漁船,外輪,0,0,0,0,0,0,0,0,0,0,4,0
10407,其他,其他,其他,漁船,外輪,0,0,0,0,0,0,0,0,0,0,1,0
10407,其他,其他,其他,漁船,外輪,0,0,0,0,0,0,0,0,0,0,1,0
10407,其他,其他,其他,商船,國輪,0,0,2,0,0,0,1,0,0,2,0,0
10407,其他,其他,其他,商船,國輪,1,0,0,0,0,0,1,1,0,0,0,0
10407,其他,其他,其他,商船,國輪,0,2,0,0,0,0,2,0,2,0,0,0
10407,我國海域,港區外,港區外,商船,國輪,0,0,0,0,0,0,0,0,0,0,1,0
10407,我國海域,港區外,港區外,商船,國輪,0,0,0,0,0,0,1,0,0,0,0,0
10407,我國海域,港區外,港區外,漁船,外輪,0,0,0,0,0,0,2,0,0,0,0,0
10407,我國海域,國外海域不分,國外海域不分,漁船,外輪,0,0,0,0,0,0,6,0,0,0,2,0
10407,我國海域,港區外,港區外,商船,國輪,0,0,0,0,0,0,2,0,0,0,2,1
10407,我國海域,港區外,港區外,商船,國輪,0,0,0,0,0,0,3,0,0,0,0,0
10408,其他,其他,其他,商船,國輪,0,0,0,0,0,0,1,0,0,0,0,0
10408,其他,其他,其他,商船,國輪,0,0,0,0,0,0,4,0,0,0,1,0
10408,其他,其他,其他,漁船,外輪,0,0,0,0,0,0,0,0,0,0,1,0
10408,其他,其他,其他,商船,國輪,0,0,0,0,0,0,0,0,0,0,1,0
10408,其他,其他,其他,商船,國輪,0,0,0,0,0,0,1,0,0,0,5,0
10408,其他,其他,其他,漁船,外輪,0,0,0,0,0,0,0,0,0,0,1,0
10408,其他,其他,其他,其他,大陸船舶,0,0,0,0,0,0,0,0,0,0,2,0
10408,其他,其他,其他,商船,國輪,0,0,0,0,0,0,0,0,0,0,0,1
10408,我國海域,港區外,港區外,漁船,外輪,0,0,0,0,0,0,1,0,0,0,0,0
10408,我國海域,港區外,港區外,商船,國輪,0,0,0,0,0,0,1,0,0,0,0,0
10408,我國海域,港區外,港區外,商船,國輪,0,0,0,0,0,0,0,0,0,0,1,0
10408,我國海域,港區外,港區外,漁船,外輪,0,0,0,0,0,0,2,0,0,0,0,0
10408,我國海域,國外海域不分,國外海域不分,漁船,外輪,0,0,0,0,0,0,3,0,0,0,0,0
10408,我國海域,港區外,港區外,其他,大陸船舶,0,0,0,0,0,0,1,0,0,0,0,0
10408,我國海域,港區外,港區外,商船,國輪,0,0,2,0,0,0,2,0,0,2,1,0
10409,我國海域,港區外,港區外,商船,國輪,0,0,0,0,0,0,1,0,0,0,0,0
10409,其他,其他,其他,漁船,外輪,0,0,0,0,0,0,0,0,0,0,1,0
10409,其他,其他,其他,商船,國輪,1,0,0,0,0,0,1,1,0,0,0,0
10409,其他,其他,其他,商船,國輪,0,0,0,0,0,0,0,0,0,0,1,0
10409,我國海域,港區外,港區外,商船,國輪,0,5,4,0,0,0,0,0,5,4,3,1
10409,我國海域,港區外,港區外,漁船,外輪,0,0,0,0,0,0,0,0,0,0,1,0
10409,我國海域,國外海域不分,國外海域不分,漁船,外輪,0,0,0,0,0,0,4,0,0,0,0,0
10409,我國海域,港區外,港區外,其他,大陸船舶,0,0,0,0,0,0,1,0,0,0,0,0
10409,我國海域,港區外,港區外,商船,國輪,0,0,1,0,0,1,2,0,0,0,3,2
10409,我國海域,港區外,港區外,商船,國輪,0,0,0,0,0,0,0,0,0,0,1,0
10410,我國海域,港區外,港區外,商船,國輪,4,0,0,0,0,0,0,4,0,0,0,1
10410,我國海域,港區外,港區外,商船,國輪,0,0,2,0,0,0,0,0,0,2,1,0
10410,我國海域,港區外,港區外,漁船,外輪,0,0,0,0,0,0,1,0,0,0,0,0
10410,我國海域,港區外,港區外,商船,國輪,0,0,0,0,0,0,0,0,0,0,0,1
10410,我國海域,港區外,港區外,漁船,外輪,0,0,0,0,0,0,3,0,0,0,1,0
10410,我國海域,國外海域不分,國外海域不分,漁船,外輪,0,0,0,0,0,0,7,0,0,0,0,0
10410,我國海域,港區外,港區外,商船,國輪,0,0,10,0,0,0,1,0,0,10,2,0
10410,其他,其他,其他,商船,國輪,0,0,0,0,0,0,0,0,0,0,0,1
10410,我國海域,港區外,港區外,商船,國輪,0,1,1,0,0,0,3,0,1,1,0,0
10410,我國海域,國外海域不分,國外海域不分,商船,國輪,0,1,1,0,0,0,1,0,1,1,0,0
10411,其他,其他,其他,商船,國輪,0,0,0,0,0,0,1,0,0,0,1,0
10411,其他,其他,其他,商船,國輪,0,0,0,0,0,0,0,0,0,0,0,1
10411,其他,其他,其他,漁船,外輪,0,0,0,0,0,0,1,0,0,0,0,0
10411,其他,其他,其他,商船,國輪,0,0,0,0,0,0,0,0,0,0,1,0
10411,我國海域,國外海域不分,國外海域不分,商船,國輪,0,0,0,0,0,0,1,0,0,0,0,0
10411,我國海域,港區外,港區外,漁船,外輪,0,0,0,0,0,0,0,0,0,0,1,0
10411,我國海域,港區外,港區外,漁船,外輪,0,0,0,0,0,0,2,0,0,0,1,0
10411,我國海域,國外海域不分,國外海域不分,漁船,外輪,0,0,1,0,0,0,5,0,0,1,0,0
10411,我國海域,港區外,港區外,商船,國輪,0,1,0,0,0,0,1,0,1,0,2,0
10411,我國海域,港區外,港區外,商船,國輪,0,2,0,0,0,0,3,0,2,0,0,0
10412,其他,其他,其他,商船,國輪,0,0,0,0,0,0,1,0,0,0,0,0
10412,其他,其他,其他,漁船,外輪,0,0,0,0,0,0,2,0,0,0,0,0
10412,其他,其他,其他,商船,國輪,0,0,0,0,0,0,0,0,0,0,0,1
10412,其他,其他,其他,商船,國輪,0,0,0,0,0,0,1,0,0,0,1,0
10412,我國海域,港區外,港區外,商船,國輪,0,0,0,0,0,0,1,0,0,0,0,0
10412,我國海域,港區外,港區外,漁船,外輪,0,0,0,0,0,0,2,0,0,0,0,0
10412,我國海域,國外海域不分,國外海域不分,漁船,外輪,0,0,0,0,0,0,7,0,0,0,0,0
10412,我國海域,港區外,港區外,商船,國輪,0,0,0,0,0,0,1,0,0,0,2,1
10412,我國海域,港區外,港區外,商船,國輪,0,1,1,0,0,0,3,0,1,1,0,1
10501,其他,其他,其他,商船,國輪,0,0,0,0,0,0,0,0,0,0,1,0
10501,其他,其他,其他,漁船,外輪,0,0,0,0,0,0,1,0,0,0,1,0
10501,其他,其他,其他,其他,大陸船舶,0,0,0,0,0,0,0,0,0,0,1,0
10501,我國海域,港區外,港區外,其他,大陸船舶,0,0,0,0,0,0,1,0,0,0,0,0
10501,其他,其他,其他,商船,國輪,0,0,0,0,0,0,1,0,0,0,0,0
10501,其他,其他,其他,漁船,外輪,0,0,0,0,0,0,0,0,0,0,1,0
10501,其他,其他,其他,漁船,外輪,0,0,0,0,0,0,0,0,0,0,2,0
10501,我國海域,港區外,港區外,商船,國輪,0,0,1,0,0,0,1,0,0,1,0,0
10501,我國海域,港區外,港區外,漁船,外輪,0,1,0,0,0,0,3,0,1,0,0,0
10501,我國海域,港區外,港區外,漁船,外輪,0,0,0,0,0,0,5,0,0,0,0,0
10501,我國海域,國外海域不分,國外海域不分,漁船,外輪,0,0,0,0,0,0,6,0,0,0,0,0
10501,我國海域,港區外,港區外,商船,國輪,6,0,2,0,0,0,5,6,0,2,1,0
10501,我國海域,港區外,港區外,商船,國輪,0,0,0,0,0,0,3,0,0,0,0,0
10502,其他,其他,其他,商船,國輪,0,0,0,0,0,0,0,0,0,0,2,0
10502,其他,其他,其他,商船,國輪,0,0,0,0,0,0,0,0,0,0,3,0
10502,其他,其他,其他,漁船,外輪,0,0,0,0,0,0,1,0,0,0,0,0
10502,其他,其他,其他,漁船,外輪,0,0,0,0,0,0,1,0,0,0,0,0
10502,其他,其他,其他,商船,國輪,0,0,0,0,0,0,0,0,0,0,3,0
10502,我國海域,港區外,港區外,漁船,外輪,0,0,0,0,0,0,0,0,0,0,1,0
10502,我國海域,港區外,港區外,漁船,外輪,0,0,0,0,0,0,2,0,0,0,0,0
10502,我國海域,國外海域不分,國外海域不分,漁船,外輪,0,0,0,0,0,0,5,0,0,0,0,0
10502,我國海域,港區外,港區外,商船,國輪,0,0,0,0,0,0,2,0,0,0,0,0
10503,其他,其他,其他,漁船,外輪,0,0,0,0,0,0,0,0,0,0,1,0
10503,其他,其他,其他,商船,國輪,0,0,0,0,0,0,0,0,0,0,1,0
10503,其他,其他,其他,商船,國輪,0,0,0,0,0,0,0,0,0,0,1,0
10503,其他,其他,其他,漁船,外輪,0,0,0,0,0,0,1,0,0,0,0,0
10503,我國海域,港區外,港區外,商船,國輪,0,0,1,0,0,0,1,0,0,1,0,0
10503,我國海域,港區外,港區外,商船,國輪,0,0,0,0,0,0,1,0,0,0,0,0
10503,我國海域,港區外,港區外,漁船,外輪,0,0,0,0,0,0,0,0,0,0,1,0
10503,我國海域,港區外,港區外,漁船,外輪,0,0,1,0,0,0,2,0,0,1,0,0
10503,我國海域,國外海域不分,國外海域不分,漁船,外輪,0,0,0,0,0,0,7,0,0,0,0,0
10503,我國海域,港區外,港區外,商船,國輪,0,1,3,0,0,0,1,0,1,3,2,2
10503,我國海域,港區外,港區外,商船,國輪,0,0,1,0,0,0,1,0,0,1,1,0
10504,我國海域,港區外,港區外,商船,國輪,0,0,1,0,0,0,1,0,0,1,0,0
10504,其他,其他,其他,漁船,外輪,0,0,0,0,0,0,0,0,0,0,1,0
10504,其他,其他,其他,漁船,外輪,0,0,0,0,0,0,0,0,0,0,2,0
10504,我國海域,國外海域不分,國外海域不分,商船,國輪,0,0,0,0,0,0,0,0,0,0,1,0
10504,我國海域,港區外,港區外,漁船,外輪,0,0,0,0,0,0,1,0,0,0,0,0
10504,我國海域,國外海域不分,國外海域不分,漁船,外輪,0,0,0,0,0,0,4,0,0,0,1,0
10504,我國海域,港區外,港區外,商船,國輪,0,0,1,0,0,0,4,0,0,1,3,1
10504,我國海域,港區外,港區外,商船,國輪,1,0,0,0,0,0,1,1,0,0,0,0
10505,其他,其他,其他,商船,國輪,0,0,0,0,0,0,0,0,0,0,1,0
10505,我國海域,港區外,港區外,商船,國輪,0,0,0,0,0,0,0,0,0,0,2,0
10505,其他,其他,其他,商船,國輪,0,0,0,0,0,0,0,0,0,0,1,0
10505,其他,其他,其他,漁船,外輪,0,0,1,0,0,0,1,0,0,1,0,0
10505,我國海域,港區外,港區外,商船,國輪,0,0,0,0,0,0,1,0,0,0,1,0
10505,我國海域,港區外,港區外,漁船,外輪,0,0,0,0,0,0,0,0,0,0,1,0
10505,我國海域,國外海域不分,國外海域不分,漁船,外輪,0,0,0,0,0,0,5,0,0,0,0,0
10506,其他,其他,其他,漁船,外輪,0,0,0,0,0,0,0,0,0,0,1,0
10506,其他,其他,其他,漁船,外輪,0,0,0,0,0,0,1,0,0,0,2,0
10506,其他,其他,其他,漁船,外輪,0,0,0,0,0,0,0,0,0,0,1,0
10506,我國海域,港區外,港區外,漁船,外輪,0,0,0,0,0,0,0,0,0,0,2,0
10506,我國海域,港區外,港區外,漁船,外輪,0,0,0,0,0,0,1,0,0,0,0,0
10506,我國海域,國外海域不分,國外海域不分,漁船,外輪,0,0,0,0,0,0,4,0,0,0,0,0
10506,我國海域,港區外,港區外,商船,國輪,0,0,0,0,0,0,0,0,0,0,3,0
10507,其他,其他,其他,商船,國輪,0,0,0,0,0,0,0,0,0,0,1,0
10507,我國海域,港區外,港區外,商船,國輪,0,0,0,0,0,0,1,0,0,0,0,0
10507,其他,其他,其他,商船,國輪,0,0,0,0,0,0,0,0,0,0,1,0
10507,其他,其他,其他,商船,國輪,0,0,0,0,0,0,1,0,0,0,0,0
10507,其他,其他,其他,漁船,外輪,0,0,0,0,0,0,0,0,0,0,1,0
10507,其他,其他,其他,商船,國輪,0,0,0,0,0,0,0,0,0,0,2,0
10507,其他,其他,其他,漁船,外輪,0,0,0,0,0,0,1,0,0,0,0,0
10507,其他,其他,其他,漁船,外輪,1,0,0,0,0,0,1,1,0,0,0,0
10507,其他,其他,其他,漁船,外輪,0,1,0,0,0,0,1,0,1,0,0,0
10507,我國海域,國外海域不分,國外海域不分,漁船,外輪,0,0,0,0,0,0,5,0,0,0,0,0
10507,我國海域,港區外,港區外,商船,國輪,0,1,0,0,0,0,1,0,1,0,3,0
10507,我國海域,港區外,港區外,商船,國輪,0,1,0,0,0,0,1,0,1,0,0,0
10508,其他,其他,其他,商船,國輪,0,0,0,0,0,0,3,0,0,0,0,0
10508,我國海域,港區外,港區外,商船,國輪,0,0,0,0,0,0,1,0,0,0,0,0
10508,其他,其他,其他,漁船,外輪,0,0,0,0,0,0,1,0,0,0,0,0
10508,其他,其他,其他,商船,國輪,0,0,0,0,0,0,1,0,0,0,0,1
10508,我國海域,港區外,港區外,商船,國輪,1,0,0,0,0,0,0,1,0,0,1,0
10508,其他,其他,其他,商船,國輪,0,0,0,0,0,0,0,0,0,0,1,0
10508,我國海域,港區外,港區外,商船,國輪,0,0,0,0,0,0,1,0,0,0,0,0
10508,我國海域,港區外,港區外,商船,國輪,0,0,0,0,0,0,1,0,0,0,1,0
10508,我國海域,港區外,港區外,漁船,外輪,0,0,0,0,0,0,5,0,0,0,0,0
10508,我國海域,國外海域不分,國外海域不分,漁船,外輪,0,0,0,0,0,0,2,0,0,0,0,0
10508,我國海域,港區外,港區外,商船,國輪,3,0,2,0,0,0,2,3,0,2,2,0
10508,我國海域,港區外,港區外,商船,國輪,0,0,0,0,0,0,1,0,0,0,1,1
10509,我國海域,港區外,港區外,商船,國輪,0,0,0,0,0,0,0,0,0,0,1,0
10509,其他,其他,其他,商船,國輪,0,0,0,0,0,0,0,0,0,0,2,0
10509,其他,其他,其他,漁船,外輪,0,0,0,0,0,0,0,0,0,0,1,0
10509,其他,其他,其他,商船,國輪,0,0,0,0,0,0,0,0,0,0,1,0
10509,其他,其他,其他,漁船,外輪,0,0,0,0,0,0,0,0,0,0,4,0
10509,其他,其他,其他,其他,大陸船舶,0,0,0,0,0,0,0,0,0,0,2,0
10509,其他,其他,其他,商船,國輪,0,0,0,0,0,0,0,0,0,0,1,0
10509,我國海域,港區外,港區外,漁船,外輪,0,0,0,0,0,0,0,0,0,0,1,0
10509,我國海域,港區外,港區外,漁船,外輪,0,0,0,0,0,0,0,0,0,0,5,0
10509,我國海域,港區外,港區外,漁船,外輪,0,0,0,0,0,0,5,0,0,0,1,0
10509,我國海域,國外海域不分,國外海域不分,漁船,外輪,0,0,0,0,0,0,1,0,0,0,0,0
10509,我國海域,港區外,港區外,其他,大陸船舶,0,0,0,0,0,0,0,0,0,0,1,0
10509,我國海域,港區外,港區外,商船,國輪,0,0,0,0,0,0,0,0,0,0,2,0
10509,我國海域,港區外,港區外,商船,國輪,0,0,0,0,0,0,1,0,0,0,0,0
10510,我國海域,港區外,港區外,商船,國輪,0,0,0,0,0,0,0,0,0,0,1,0
10510,我國海域,港區外,港區外,商船,國輪,2,0,0,2,0,0,0,0,0,0,2,0
10510,其他,其他,其他,商船,國輪,0,0,0,0,0,0,0,0,0,0,1,0
10510,我國海域,港區外,港區外,商船,國輪,0,0,0,0,0,0,0,0,0,0,1,0
10510,其他,其他,其他,漁船,外輪,0,0,0,0,0,0,1,0,0,0,0,0
10510,其他,其他,其他,其他,大陸船舶,0,0,0,0,0,0,0,0,0,0,1,0
10510,其他,其他,其他,商船,國輪,0,0,0,0,0,0,0,0,0,0,1,1
10510,我國海域,港區外,港區外,漁船,外輪,0,0,0,0,0,0,2,0,0,0,0,0
10510,我國海域,港區外,港區外,漁船,外輪,0,0,0,0,0,0,3,0,0,0,1,0
10510,我國海域,國外海域不分,國外海域不分,漁船,外輪,0,0,0,0,0,0,5,0,0,0,0,0
10510,我國海域,港區外,港區外,商船,國輪,0,0,0,0,0,0,0,0,0,0,3,0
10511,其他,其他,其他,商船,國輪,0,0,0,0,0,0,0,0,0,0,1,0
10511,其他,其他,其他,漁船,外輪,0,0,0,0,0,0,1,0,0,0,0,0
10511,其他,其他,其他,商船,國輪,0,0,0,0,0,0,0,0,0,0,1,0
10511,其他,其他,其他,漁船,外輪,0,0,0,0,0,0,1,0,0,0,1,0
10511,我國海域,港區外,港區外,商船,國輪,0,0,0,0,0,0,0,0,0,0,1,0
10511,其他,其他,其他,漁船,外輪,0,0,0,0,0,0,1,0,0,0,0,0
10511,其他,其他,其他,商船,國輪,0,0,1,0,0,0,1,0,0,1,0,0
10511,我國海域,港區外,港區外,商船,國輪,0,0,1,0,0,0,1,0,0,1,0,0
10511,其他,其他,其他,商船,國輪,0,0,0,0,0,0,0,0,0,0,2,0
10511,我國海域,港區外,港區外,商船,國輪,0,0,0,0,0,0,1,0,0,0,0,0
10511,我國海域,港區外,港區外,商船,國輪,0,0,0,0,0,0,1,0,0,0,0,0
10511,我國海域,港區外,港區外,漁船,外輪,0,0,0,0,0,0,1,0,0,0,1,0
10511,我國海域,港區外,港區外,漁船,外輪,0,0,0,0,0,0,5,0,0,0,0,0
10511,我國海域,國外海域不分,國外海域不分,漁船,外輪,0,0,0,0,0,0,2,0,0,0,0,0
10511,我國海域,港區外,港區外,其他,大陸船舶,0,0,0,0,0,0,1,0,0,0,1,0
10511,我國海域,港區外,港區外,商船,國輪,1,0,0,0,0,0,1,1,0,0,7,1
10511,我國海域,港區外,港區外,商船,國輪,0,1,0,0,0,0,2,0,1,0,2,0
10512,我國海域,港區外,港區外,商船,國輪,0,0,0,0,0,0,0,0,0,0,0,1
10512,其他,其他,其他,漁船,外輪,0,0,0,0,0,0,0,0,0,0,1,0
10512,其他,其他,其他,商船,國輪,0,0,0,0,0,0,1,0,0,0,1,0
10512,其他,其他,其他,漁船,外輪,0,0,0,0,0,0,0,0,0,0,1,0
10512,其他,其他,其他,商船,國輪,0,0,0,0,0,0,2,0,0,0,1,0
10512,其他,其他,其他,漁船,外輪,0,0,0,0,0,0,1,0,0,0,0,0
10512,其他,其他,其他,商船,國輪,0,0,0,0,0,0,0,0,0,0,1,0
10512,我國海域,港區外,港區外,商船,國輪,0,0,0,0,0,0,0,0,0,0,1,0
10512,其他,其他,其他,商船,國輪,0,0,0,0,0,0,0,0,0,0,2,0
10512,我國海域,港區外,港區外,漁船,外輪,0,0,0,0,0,0,3,0,0,0,0,0
10512,我國海域,港區外,港區外,漁船,外輪,0,0,0,0,0,0,8,0,0,0,1,0
10512,我國海域,國外海域不分,國外海域不分,漁船,外輪,0,0,0,0,0,0,1,0,0,0,0,0
10512,我國海域,國外海域不分,國外海域不分,其他,大陸船舶,0,0,0,0,0,0,1,0,0,0,0,0
10512,我國海域,港區外,港區外,商船,國輪,0,5,3,0,0,0,2,0,5,3,3,1
10512,我國海域,港區外,港區外,商船,國輪,0,1,0,0,0,0,1,0,1,0,0,0
10512,我國海域,國外海域不分,國外海域不分,商船,國輪,1,0,0,0,0,0,0,1,0,0,1,0
10601,其他,其他,其他,商船,國輪,0,0,0,0,0,0,0,0,0,0,1,0
10601,我國海域,港區外,港區外,漁船,外輪,0,0,0,0,0,0,0,0,0,0,1,0
10601,其他,其他,其他,其他,大陸船舶,0,0,0,0,0,0,0,0,0,0,1,0
10601,我國海域,港區外,港區外,商船,國輪,0,0,0,0,0,0,1,0,0,0,0,0
10601,我國海域,港區外,港區外,漁船,外輪,0,0,0,0,0,0,2,0,0,0,0,0
10601,我國海域,國外海域不分,國外海域不分,漁船,外輪,0,0,0,0,0,0,5,0,0,0,1,1
10601,我國海域,港區外,港區外,其他,大陸船舶,0,0,0,0,0,0,1,0,0,0,0,0
10601,我國海域,港區外,港區外,商船,國輪,0,0,0,0,0,0,0,0,0,0,2,1
10601,我國海域,國外海域不分,國外海域不分,商船,國輪,1,0,0,0,0,0,0,1,0,0,1,0
10602,其他,其他,其他,商船,國輪,0,0,1,0,0,0,1,0,0,1,0,0
10602,其他,其他,其他,漁船,外輪,0,0,0,0,0,0,0,0,0,0,2,0
10602,其他,其他,其他,商船,國輪,2,0,1,0,0,0,0,2,0,1,1,0
10602,我國海域,港區外,港區外,商船,國輪,0,0,0,0,0,0,0,0,0,0,1,0
10602,其他,其他,其他,漁船,外輪,0,0,0,0,0,0,0,0,0,0,1,0
10602,其他,其他,其他,商船,國輪,0,0,0,0,0,0,1,0,0,0,0,0
10602,我國海域,港區外,港區外,商船,國輪,0,0,0,0,0,0,0,0,0,0,1,0
10602,我國海域,港區外,港區外,漁船,外輪,0,0,0,0,0,0,1,0,0,0,0,0
10602,我國海域,港區外,港區外,漁船,外輪,0,0,0,0,0,0,1,0,0,0,0,0
10602,我國海域,國外海域不分,國外海域不分,漁船,外輪,0,0,0,0,0,0,5,0,0,0,0,0
10602,我國海域,國外海域不分,國外海域不分,其他,大陸船舶,0,0,0,0,0,0,1,0,0,0,0,0
10602,我國海域,港區外,港區外,商船,國輪,1,3,1,0,0,0,2,1,3,1,2,1
10602,我國海域,港區外,港區外,商船,國輪,0,0,0,0,0,0,0,0,0,0,1,0
10602,我國海域,國外海域不分,國外海域不分,商船,國輪,0,0,0,0,0,0,0,0,0,0,2,0
10603,其他,其他,其他,商船,國輪,0,0,0,0,0,0,0,0,0,0,1,0
10603,其他,其他,其他,其他,大陸船舶,0,0,0,0,0,0,1,0,0,0,0,0
10603,其他,其他,其他,商船,國輪,0,0,0,0,0,0,1,0,0,0,0,0
10603,其他,其他,其他,漁船,外輪,0,0,0,0,0,0,1,0,0,0,0,0
10603,其他,其他,其他,漁船,外輪,1,0,0,0,0,0,0,1,0,0,1,0
10603,其他,其他,其他,其他,大陸船舶,0,0,0,0,0,0,1,0,0,0,0,0
10603,我國海域,港區外,港區外,漁船,外輪,0,0,0,0,0,0,0,0,0,0,1,0
10603,我國海域,港區外,港區外,漁船,外輪,0,0,0,0,0,0,7,0,0,0,0,0
10603,我國海域,國外海域不分,國外海域不分,漁船,外輪,0,0,0,0,0,0,6,0,0,0,0,0
10603,我國海域,港區外,港區外,商船,國輪,0,0,0,0,0,0,0,0,0,0,2,1
10603,我國海域,港區外,港區外,商船,國輪,0,0,0,0,0,0,1,0,0,0,0,0
10603,我國海域,國外海域不分,國外海域不分,商船,國輪,0,0,0,0,0,0,2,0,0,0,1,1
10604,我國海域,港區外,港區外,漁船,外輪,0,0,0,0,0,0,1,0,0,0,1,0
10604,我國海域,港區外,港區外,商船,國輪,0,0,0,0,0,0,0,0,0,0,2,0
10604,其他,其他,其他,商船,國輪,0,0,0,0,0,0,0,0,0,0,1,0
10604,其他,其他,其他,商船,國輪,0,0,0,0,0,0,0,0,0,0,1,0
10604,其他,其他,其他,漁船,外輪,0,0,0,0,0,0,0,0,0,0,1,0
10604,其他,其他,其他,漁船,外輪,0,0,1,0,0,0,1,0,0,1,2,0
10604,我國海域,港區外,港區外,商船,國輪,1,0,0,1,0,0,1,0,0,0,1,0
10604,我國海域,港區外,港區外,漁船,外輪,0,0,0,0,0,0,0,0,0,0,1,0
10604,我國海域,港區外,港區外,漁船,外輪,0,0,0,0,0,0,2,0,0,0,1,0
10604,我國海域,國外海域不分,國外海域不分,漁船,外輪,0,0,0,0,0,0,3,0,0,0,1,0
10604,我國海域,港區外,港區外,其他,大陸船舶,0,0,0,0,0,0,1,0,0,0,0,0
10604,我國海域,港區外,港區外,商船,國輪,0,0,0,0,0,0,0,0,0,0,1,0
10604,我國海域,港區外,港區外,商船,國輪,0,0,0,0,0,0,1,0,0,0,0,0
10604,我國海域,國外海域不分,國外海域不分,商船,國輪,0,0,0,0,0,0,1,0,0,0,0,1
10605,我國海域,港區外,港區外,漁船,外輪,0,0,0,0,0,0,1,0,0,0,0,0
10605,我國海域,港區外,港區外,商船,國輪,1,0,0,1,0,0,1,0,0,0,0,0
10605,其他,其他,其他,商船,國輪,0,0,0,0,0,0,0,0,0,0,0,1
10605,其他,其他,其他,商船,國輪,0,0,0,0,0,0,0,0,0,0,1,0
10605,其他,其他,其他,商船,國輪,0,0,0,0,0,0,1,0,0,0,0,0
10605,我國海域,港區外,港區外,商船,國輪,0,0,0,0,0,0,0,0,0,0,1,0
10605,我國海域,港區外,港區外,商船,國輪,0,0,0,0,0,0,0,0,0,0,1,0
10605,其他,其他,其他,商船,國輪,0,0,0,0,0,0,1,0,0,0,0,0
10605,我國海域,港區外,港區外,漁船,外輪,0,0,0,0,0,0,1,0,0,0,0,0
10605,我國海域,國外海域不分,國外海域不分,漁船,外輪,0,0,0,0,0,0,2,0,0,0,0,0
10605,我國海域,港區外,港區外,商船,國輪,0,0,1,0,0,0,2,0,0,1,1,0
10605,我國海域,港區外,港區外,商船,國輪,0,0,1,0,0,0,1,0,0,1,0,0
10605,我國海域,國外海域不分,國外海域不分,商船,國輪,0,0,0,0,0,0,1,0,0,0,1,0
10606,其他,其他,其他,其他,大陸船舶,0,0,0,0,0,0,0,0,0,0,1,0
10606,其他,其他,其他,商船,國輪,0,0,0,0,0,0,0,0,0,0,0,1
10606,其他,其他,其他,商船,國輪,0,0,0,0,0,0,0,0,0,0,1,0
10606,我國海域,港區外,港區外,商船,國輪,0,0,0,0,0,0,1,0,0,0,0,1
10606,我國海域,港區外,港區外,漁船,外輪,0,0,0,0,0,0,0,0,0,0,1,0
10606,我國海域,港區外,港區外,漁船,外輪,0,0,0,0,0,0,3,0,0,0,0,0
10606,我國海域,國外海域不分,國外海域不分,漁船,外輪,0,0,0,0,0,0,3,0,0,0,0,0
10606,我國海域,港區外,港區外,商船,國輪,0,0,0,0,0,0,0,0,0,0,2,0
10606,我國海域,港區外,港區外,商船,國輪,0,0,0,0,0,0,2,0,0,0,1,0
10606,我國海域,國外海域不分,國外海域不分,商船,國輪,0,0,0,0,0,0,1,0,0,0,0,0
10607,其他,其他,其他,商船,國輪,0,0,0,0,0,0,1,0,0,0,0,0
10607,其他,其他,其他,漁船,外輪,0,0,0,0,0,0,1,0,0,0,0,0
10607,其他,其他,其他,商船,國輪,0,0,0,0,0,0,0,0,0,0,1,0
10607,其他,其他,其他,漁船,外輪,0,0,0,0,0,0,2,0,0,0,1,0
10607,其他,其他,其他,商船,國輪,0,0,1,0,0,0,1,0,0,1,0,0
10607,我國海域,港區外,港區外,商船,國輪,0,0,0,0,0,0,1,0,0,0,0,0
10607,其他,其他,其他,漁船,外輪,0,0,0,0,0,0,1,0,0,0,0,0
10607,我國海域,港區外,港區外,漁船,外輪,2,0,0,0,0,0,0,2,0,0,1,0
10607,我國海域,港區外,港區外,漁船,外輪,0,0,0,0,0,0,2,0,0,0,1,0
10607,我國海域,國外海域不分,國外海域不分,漁船,外輪,0,0,0,0,0,0,5,0,0,0,0,0
10607,我國海域,港區外,港區外,商船,國輪,0,0,0,0,0,0,0,0,0,0,2,2
10607,我國海域,港區外,港區外,商船,國輪,0,0,0,0,0,0,1,0,0,0,0,0
10607,我國海域,國外海域不分,國外海域不分,商船,國輪,0,0,0,0,0,0,0,0,0,0,1,0
10608,其他,其他,其他,商船,國輪,0,0,0,0,0,0,0,0,0,0,1,0
10608,其他,其他,其他,漁船,外輪,0,0,0,0,0,0,0,0,0,0,3,0
10608,我國海域,港區外,港區外,商船,國輪,0,0,0,0,0,0,0,0,0,0,1,0
10608,我國海域,港區外,港區外,商船,國輪,0,0,0,0,0,0,1,0,0,0,0,0
10608,其他,其他,其他,商船,國輪,0,0,0,0,0,0,0,0,0,0,1,0
10608,我國海域,港區外,港區外,商船,國輪,0,0,0,0,0,0,0,0,0,0,1,0
10608,我國海域,港區外,港區外,漁船,外輪,0,0,0,0,0,0,0,0,0,0,1,0
10608,我國海域,港區外,港區外,漁船,外輪,0,0,0,0,0,0,2,0,0,0,0,0
10608,我國海域,國外海域不分,國外海域不分,漁船,外輪,0,0,0,0,0,0,1,0,0,0,0,0
10608,我國海域,港區外,港區外,商船,國輪,4,0,1,0,0,0,2,4,0,1,6,1
10608,我國海域,港區外,港區外,商船,國輪,2,0,0,0,0,0,1,2,0,0,1,1
10608,我國海域,國外海域不分,國外海域不分,商船,國輪,0,0,1,0,0,0,1,0,0,1,0,0
10609,我國海域,港區外,港區外,商船,國輪,0,0,1,0,0,0,1,0,0,1,0,0
10609,其他,其他,其他,商船,國輪,0,0,1,0,0,0,1,0,0,1,0,0
10609,其他,其他,其他,商船,國輪,0,0,0,0,0,0,1,0,0,0,0,0
10609,我國海域,港區外,港區外,商船,國輪,0,0,0,0,0,0,0,0,0,0,1,0
10609,其他,其他,其他,商船,國輪,0,0,0,0,0,0,0,0,0,0,1,0
10609,其他,其他,其他,漁船,外輪,0,0,1,0,0,0,1,0,0,1,0,0
10609,我國海域,港區外,港區外,漁船,外輪,0,0,0,0,0,0,0,0,0,0,1,0
10609,其他,其他,其他,商船,國輪,0,0,0,0,0,0,0,0,0,0,1,0
10609,我國海域,港區外,港區外,商船,國輪,0,0,1,0,0,0,1,0,0,1,0,0
10609,我國海域,港區外,港區外,商船,國輪,0,0,0,0,0,0,0,0,0,0,1,0
10609,我國海域,國外海域不分,國外海域不分,商船,國輪,0,0,0,0,0,0,0,0,0,0,1,0
10609,我國海域,港區外,港區外,漁船,外輪,0,0,0,0,0,0,3,0,0,0,2,0
10609,我國海域,港區外,港區外,其他,大陸船舶,0,0,0,0,0,0,0,0,0,0,1,0
10609,我國海域,港區外,港區外,商船,國輪,1,1,1,0,0,0,3,1,1,1,3,0
10611,我國海域,港區外,港區外,商船,國輪,0,0,0,0,0,0,0,0,0,0,1,0
10611,其他,其他,其他,商船,國輪,0,0,0,0,0,0,0,0,0,0,1,0
10611,其他,其他,其他,商船,國輪,0,0,0,0,0,0,1,0,0,0,0,0
10209,我國海域,港區外,港區外,商船,國輪,0,0,2,0,0,0,2,0,0,2,0,1
10209,我國海域,國外海域不分,國外海域不分,商船,國輪,0,0,0,0,0,0,0,0,0,0,0,1
10408,我國海域,港區外,港區外,商船,國輪,0,0,0,0,0,0,2,0,0,0,0,0
10505,我國海域,港區外,港區外,商船,國輪,1,0,1,0,0,0,2,1,0,1,4,1
10505,我國海域,港區外,港區外,商船,國輪,0,0,1,0,0,0,2,0,0,1,1,1
10611,其他,其他,其他,漁船,外輪,0,1,0,0,0,0,1,0,1,0,0,0
10611,其他,其他,其他,商船,國輪,0,0,0,0,0,0,0,0,0,0,1,0
10611,我國海域,港區外,港區外,商船,國輪,0,6,0,0,0,0,1,0,6,0,0,1
10611,我國海域,港區外,港區外,漁船,外輪,0,0,0,0,0,0,1,0,0,0,0,0
10611,其他,其他,其他,漁船,外輪,0,0,0,0,0,0,1,0,0,0,0,0
10611,我國海域,港區外,港區外,漁船,外輪,0,0,0,0,0,0,6,0,0,0,1,0
10611,我國海域,港區外,港區外,商船,國輪,0,0,2,0,0,0,3,0,0,2,0,1
10611,我國海域,港區外,港區外,商船,國輪,0,0,0,0,0,0,0,0,0,0,1,0
10611,我國海域,國外海域不分,國外海域不分,商船,國輪,0,0,1,0,0,0,1,0,0,1,0,0
10612,其他,其他,其他,商船,國輪,0,0,0,0,0,0,0,0,0,0,1,0
10612,其他,其他,其他,商船,國輪,0,0,0,0,0,0,1,0,0,0,0,0
10612,其他,其他,其他,商船,國輪,0,0,0,0,0,0,0,0,0,0,1,0
10612,其他,其他,其他,漁船,外輪,0,0,0,0,0,0,1,0,0,0,0,0
10612,其他,其他,其他,漁船,外輪,0,0,0,0,0,0,2,0,0,0,0,0
10612,其他,其他,其他,商船,國輪,0,0,0,0,0,0,1,0,0,0,0,0
10612,我國海域,港區外,港區外,商船,國輪,0,0,0,0,0,0,1,0,0,0,0,0
10612,其他,其他,其他,商船,國輪,0,0,0,0,0,0,1,0,0,0,0,0
10612,我國海域,港區外,港區外,漁船,外輪,0,0,0,0,0,0,1,0,0,0,1,0
10612,其他,其他,其他,漁船,外輪,0,0,0,0,0,0,0,0,0,0,1,0
10612,我國海域,港區外,港區外,漁船,外輪,0,0,0,0,0,0,5,0,0,0,2,0
10612,我國海域,國外海域不分,國外海域不分,漁船,外輪,0,0,0,0,0,0,1,0,0,0,0,0
10612,我國海域,港區外,港區外,商船,國輪,0,1,2,0,0,0,0,0,1,2,2,1
10612,我國海域,港區外,港區外,商船,國輪,0,0,1,0,0,0,3,0,0,1,0,0
10612,我國海域,國外海域不分,國外海域不分,商船,國輪,0,0,0,0,0,0,2,0,0,0,1,0
10610,我國海域,港區外,港區外,漁船,外輪,0,0,0,0,0,0,1,0,0,0,0,0
10610,我國海域,港區外,港區外,商船,國輪,0,0,0,0,0,0,0,0,0,0,1,0
10610,我國海域,港區外,港區外,漁船,外輪,0,0,0,0,0,0,1,0,0,0,0,0
10610,我國海域,港區外,港區外,商船,國輪,0,0,0,0,0,0,0,0,0,0,0,1
10610,其他,其他,其他,漁船,外輪,0,0,0,0,0,0,0,0,0,0,3,0
10610,其他,其他,其他,商船,國輪,0,0,0,0,0,0,0,0,0,0,1,0
10610,其他,其他,其他,商船,國輪,0,0,0,0,0,0,0,0,0,0,1,0
10610,我國海域,港區外,港區外,漁船,外輪,0,0,0,0,0,0,1,0,0,0,0,0
10610,其他,其他,其他,商船,國輪,0,0,0,0,0,0,0,0,0,0,1,0
10610,其他,其他,其他,漁船,外輪,0,0,0,0,0,0,0,0,0,0,2,0
10610,其他,其他,其他,其他,大陸船舶,0,0,0,0,0,0,0,0,0,0,1,0
10610,我國海域,港區外,港區外,商船,國輪,0,0,0,0,0,0,0,0,0,0,1,0
10610,我國海域,港區外,港區外,商船,國輪,0,0,0,0,0,0,2,0,0,0,0,0
10610,我國海域,港區外,港區外,漁船,外輪,4,0,0,0,0,0,1,4,0,0,2,1
10610,我國海域,港區外,港區外,漁船,外輪,0,0,0,0,0,0,3,0,0,0,1,0
10610,我國海域,港區外,港區外,其他,大陸船舶,0,0,0,0,0,0,0,0,0,0,1,0
10610,我國海域,港區外,港區外,商船,國輪,1,0,0,0,0,0,0,1,0,0,0,1
10610,我國海域,港區外,港區外,商船,國輪,1,0,1,0,0,0,2,1,0,1,0,0
10701,我國海域,港區外,港區外,商船,國輪,0,0,0,0,0,0,0,0,0,0,1,0
10701,我國海域,港區外,港區外,商船,國輪,0,0,0,0,0,0,0,0,0,0,1,0
10701,其他,其他,其他,商船,國輪,0,0,0,0,0,0,0,0,0,0,1,0
10701,其他,其他,其他,漁船,外輪,0,0,0,0,0,0,0,0,0,0,1,0
10701,其他,其他,其他,商船,國輪,0,0,1,0,0,0,1,0,0,1,0,0
10701,我國海域,港區外,港區外,漁船,外輪,0,0,0,0,0,0,3,0,0,0,1,0
10701,其他,其他,其他,漁船,外輪,0,0,0,0,0,0,1,0,0,0,0,0
10701,我國海域,港區外,港區外,漁船,外輪,0,0,0,0,0,0,4,0,0,0,0,0
10701,其他,其他,其他,其他,大陸船舶,0,0,0,0,0,0,1,0,0,0,0,0
10701,我國海域,港區外,港區外,商船,國輪,0,0,2,0,0,0,1,0,0,2,3,1
10701,我國海域,港區外,港區外,商船,國輪,0,0,0,0,0,0,1,0,0,0,1,1
10702,我國海域,港區外,港區外,漁船,外輪,0,0,0,0,0,0,0,0,0,0,1,0
10702,其他,其他,其他,漁船,外輪,0,0,0,0,0,0,2,0,0,0,0,0
10702,其他,其他,其他,商船,國輪,0,0,0,0,0,0,0,0,0,0,2,0
10702,其他,其他,其他,漁船,外輪,0,0,0,0,0,0,0,0,0,0,2,0
10702,其他,其他,其他,商船,國輪,0,0,0,0,0,0,0,0,0,0,1,0
10702,我國海域,港區外,港區外,商船,國輪,0,0,0,0,0,0,1,0,0,0,0,0
10702,我國海域,港區外,港區外,漁船,外輪,0,0,0,0,0,0,1,0,0,0,0,0
10702,我國海域,港區外,港區外,漁船,外輪,0,0,0,0,0,0,5,0,0,0,1,0
10702,我國海域,國外海域不分,國外海域不分,漁船,外輪,0,0,0,0,0,0,2,0,0,0,1,0
10702,我國海域,港區外,港區外,商船,國輪,1,0,0,0,0,0,0,1,0,0,1,1
10702,我國海域,港區外,港區外,商船,國輪,0,0,0,0,0,0,1,0,0,0,0,0
10703,其他,其他,其他,商船,國輪,0,0,0,0,0,0,0,0,0,0,1,0
10703,我國海域,港區外,港區外,商船,國輪,0,0,0,0,0,0,0,0,0,0,1,0
10703,其他,其他,其他,商船,國輪,0,0,0,0,0,0,1,0,0,0,0,0
10703,其他,其他,其他,漁船,外輪,0,0,0,0,0,0,0,0,0,0,1,0
10703,我國海域,港區外,港區外,漁船,外輪,0,0,0,0,0,0,0,0,0,0,1,0
10703,其他,其他,其他,其他,大陸船舶,0,0,0,0,0,0,1,0,0,0,0,0
10703,其他,其他,其他,其他,大陸船舶,0,0,0,0,0,0,0,0,0,0,1,0
10703,其他,其他,其他,商船,國輪,0,0,0,0,0,0,0,0,0,0,1,0
10703,我國海域,港區外,港區外,漁船,外輪,0,0,0,0,0,0,0,0,0,0,1,0
10703,我國海域,港區外,港區外,漁船,外輪,0,0,0,0,0,0,2,0,0,0,1,0
10703,我國海域,國外海域不分,國外海域不分,漁船,外輪,0,0,0,0,0,0,4,0,0,0,0,0
10703,我國海域,港區外,港區外,商船,國輪,0,0,1,0,0,0,3,0,0,1,1,0
10703,我國海域,港區外,港區外,商船,國輪,0,0,1,0,0,0,1,0,0,1,0,0
10704,我國海域,港區外,港區外,商船,國輪,0,0,0,0,0,0,1,0,0,0,0,0
10704,其他,其他,其他,商船,國輪,0,0,0,0,0,0,1,0,0,0,0,0
10704,其他,其他,其他,商船,國輪,0,0,0,0,0,0,2,0,0,0,0,0
10704,其他,其他,其他,商船,國輪,0,0,0,0,0,0,0,0,0,0,1,0
10704,其他,其他,其他,漁船,外輪,0,0,0,0,0,0,0,0,0,0,2,0
10704,我國海域,港區外,港區外,商船,國輪,0,0,0,0,0,0,1,0,0,0,1,0
10704,我國海域,港區外,港區外,漁船,外輪,0,0,0,0,0,0,4,0,0,0,0,0
10704,我國海域,國外海域不分,國外海域不分,漁船,外輪,0,0,0,0,0,0,2,0,0,0,0,0
10704,我國海域,港區外,港區外,商船,國輪,0,0,0,0,0,0,0,0,0,0,3,1
10704,我國海域,港區外,港區外,商船,國輪,0,0,0,0,0,0,0,0,0,0,1,1
10704,我國海域,國外海域不分,國外海域不分,商船,國輪,0,0,0,0,0,0,0,0,0,0,0,1
10705,其他,其他,其他,商船,國輪,0,0,0,0,0,0,0,0,0,0,1,0
10705,其他,其他,其他,商船,國輪,0,0,0,0,0,0,0,0,0,0,1,0
10705,其他,其他,其他,漁船,外輪,0,0,0,0,0,0,0,0,0,0,1,0
10705,我國海域,國外海域不分,國外海域不分,商船,國輪,0,0,0,0,0,0,1,0,0,0,0,0
10705,我國海域,港區外,港區外,漁船,外輪,0,0,0,0,0,0,1,0,0,0,0,0
10705,我國海域,國外海域不分,國外海域不分,漁船,外輪,0,0,0,0,0,0,2,0,0,0,1,0
10705,我國海域,港區外,港區外,商船,國輪,0,1,0,0,0,0,2,0,1,0,2,0
10705,我國海域,港區外,港區外,商船,國輪,0,0,0,0,0,0,0,0,0,0,1,0
10706,其他,其他,其他,商船,國輪,0,0,0,0,0,0,0,0,0,0,1,0
10706,其他,其他,其他,漁船,外輪,0,0,0,0,0,0,0,0,0,0,1,0
10706,其他,其他,其他,商船,國輪,0,0,0,0,0,0,0,0,0,0,2,0
10706,其他,其他,其他,漁船,外輪,0,0,0,0,0,0,0,0,0,0,2,0
10706,其他,其他,其他,商船,國輪,0,0,0,0,0,0,1,0,0,0,0,0
10706,其他,其他,其他,商船,國輪,0,0,0,0,0,0,0,0,0,0,1,0
10706,其他,其他,其他,商船,國輪,0,0,0,0,0,0,0,0,0,0,1,0
10706,其他,其他,其他,商船,國輪,0,0,0,0,0,0,0,0,0,0,1,0
10706,我國海域,港區外,港區外,漁船,外輪,0,0,0,0,0,0,0,0,0,0,0,1
10706,我國海域,港區外,港區外,漁船,外輪,0,0,0,0,0,0,2,0,0,0,0,0
10706,我國海域,國外海域不分,國外海域不分,漁船,外輪,0,0,0,0,0,0,1,0,0,0,0,0
10706,我國海域,港區外,港區外,商船,國輪,0,0,0,0,0,0,0,0,0,0,2,1
10706,我國海域,港區外,港區外,商船,國輪,0,0,0,0,0,0,0,0,0,0,1,0
10706,我國海域,國外海域不分,國外海域不分,商船,國輪,0,0,1,0,0,0,1,0,0,1,0,0
10707,我國海域,港區外,港區外,漁船,外輪,0,0,0,0,0,0,1,0,0,0,0,0
10707,其他,其他,其他,商船,國輪,0,0,0,0,0,0,0,0,0,0,1,0
10707,其他,其他,其他,商船,國輪,0,0,0,0,0,0,0,0,0,0,0,1
10707,其他,其他,其他,商船,國輪,0,0,1,0,0,0,1,0,0,1,0,0
10707,其他,其他,其他,商船,國輪,0,0,0,0,0,0,1,0,0,0,0,0
10707,其他,其他,其他,商船,國輪,0,0,0,0,0,0,0,0,0,0,1,0
10707,其他,其他,其他,商船,國輪,1,0,1,0,0,0,0,1,0,1,2,0
10707,其他,其他,其他,商船,國輪,0,0,0,0,0,0,0,0,0,0,1,0
10707,其他,其他,其他,商船,國輪,0,0,0,0,0,0,0,0,0,0,1,0
10707,我國海域,港區外,港區外,商船,國輪,0,0,0,0,0,0,0,0,0,0,1,0
10707,我國海域,港區外,港區外,漁船,外輪,0,0,0,0,0,0,4,0,0,0,0,0
10707,我國海域,國外海域不分,國外海域不分,漁船,外輪,0,0,0,0,0,0,1,0,0,0,0,0
10707,我國海域,港區外,港區外,商船,國輪,0,0,0,0,0,0,0,0,0,0,1,0
10707,我國海域,港區外,港區外,商船,國輪,0,0,1,0,0,0,1,0,0,1,1,0
10707,我國海域,國外海域不分,國外海域不分,商船,國輪,0,0,0,0,0,0,1,0,0,0,0,1
10708,我國海域,港區外,港區外,商船,國輪,0,0,0,0,0,0,1,0,0,0,0,0
10708,我國海域,港區外,港區外,漁船,外輪,0,0,0,0,0,0,0,0,0,0,1,0
10708,其他,其他,其他,商船,國輪,0,0,0,0,0,0,0,0,0,0,0,1
10708,其他,其他,其他,商船,國輪,0,0,0,0,0,0,0,0,0,0,1,0
10708,其他,其他,其他,商船,國輪,0,0,0,0,0,0,0,0,0,0,1,0
10708,其他,其他,其他,漁船,外輪,0,0,0,0,0,0,1,0,0,0,1,0
10708,其他,其他,其他,商船,國輪,0,0,0,0,0,0,0,0,0,0,1,0
10708,其他,其他,其他,商船,國輪,0,0,0,0,0,0,0,0,0,0,1,0
10708,其他,其他,其他,商船,國輪,0,0,0,0,0,0,0,0,0,0,1,0
10708,其他,其他,其他,漁船,外輪,0,0,0,0,0,0,0,0,0,0,1,0
10708,其他,其他,其他,漁船,外輪,0,0,0,0,0,0,0,0,0,0,1,0
10708,我國海域,港區外,港區外,漁船,外輪,0,0,0,0,0,0,3,0,0,0,0,0
10708,我國海域,國外海域不分,國外海域不分,漁船,外輪,0,0,0,0,0,0,2,0,0,0,0,0
10708,我國海域,港區外,港區外,商船,國輪,0,0,0,0,0,0,0,0,0,0,2,0
10708,我國海域,港區外,港區外,商船,國輪,0,1,1,0,0,0,2,0,1,1,0,0
10709,我國海域,港區外,港區外,漁船,外輪,0,0,0,0,0,0,1,0,0,0,0,0
10709,其他,其他,其他,漁船,外輪,0,0,0,0,0,0,1,0,0,0,2,0
10709,其他,其他,其他,商船,國輪,1,0,0,0,0,0,1,1,0,0,0,0
10709,其他,其他,其他,商船,國輪,0,0,0,0,0,0,0,0,0,0,1,0
10709,我國海域,港區外,港區外,漁船,外輪,0,0,0,0,0,0,1,0,0,0,3,0
10709,我國海域,港區外,港區外,漁船,外輪,0,0,0,0,0,0,2,0,0,0,0,0
10709,我國海域,國外海域不分,國外海域不分,漁船,外輪,0,0,0,0,0,0,2,0,0,0,0,0
10709,我國海域,港區外,港區外,商船,國輪,1,1,0,0,0,0,0,1,1,0,5,0
10710,我國海域,港區外,港區外,商船,國輪,0,0,0,0,0,0,0,0,0,0,1,0
10710,其他,其他,其他,漁船,外輪,0,0,0,0,0,0,1,0,0,0,0,0
10710,其他,其他,其他,商船,國輪,0,0,0,0,0,0,0,0,0,0,2,0
10710,其他,其他,其他,漁船,外輪,0,0,0,0,0,0,0,0,0,0,1,0
10710,其他,其他,其他,商船,國輪,0,0,0,0,0,0,4,0,0,0,0,0
10710,其他,其他,其他,漁船,外輪,0,0,0,0,0,0,4,0,0,0,0,0
10710,我國海域,港區外,港區外,商船,國輪,0,0,0,0,0,0,0,0,0,0,1,0
10710,我國海域,港區外,港區外,漁船,外輪,0,0,0,0,0,0,1,0,0,0,1,0
10710,我國海域,港區外,港區外,漁船,外輪,0,0,0,0,0,0,3,0,0,0,0,0
10710,我國海域,國外海域不分,國外海域不分,漁船,外輪,0,0,0,0,0,0,6,0,0,0,0,0
10710,我國海域,港區外,港區外,商船,國輪,1,0,1,0,0,0,1,1,0,1,2,1
10710,我國海域,港區外,港區外,商船,國輪,0,0,0,0,0,0,3,0,0,0,0,1
10711,其他,其他,其他,商船,國輪,0,0,0,0,0,0,0,0,0,0,2,0
10711,其他,其他,其他,漁船,外輪,0,0,0,0,0,0,1,0,0,0,1,0
10711,我國海域,港區外,港區外,商船,國輪,0,0,0,0,0,0,0,0,0,0,1,0
10711,其他,其他,其他,商船,國輪,0,0,0,0,0,0,1,0,0,0,0,0
10711,其他,其他,其他,商船,國輪,0,0,0,0,0,0,0,0,0,0,1,0
10711,我國海域,港區外,港區外,漁船,外輪,0,0,0,0,0,0,0,0,0,0,1,0
10711,我國海域,國外海域不分,國外海域不分,漁船,外輪,0,0,0,0,0,0,2,0,0,0,0,0
10711,我國海域,港區外,港區外,商船,國輪,0,0,0,0,0,0,1,0,0,0,0,0
10712,其他,其他,其他,商船,國輪,0,0,1,0,0,0,0,0,0,1,1,0
10712,其他,其他,其他,商船,國輪,1,0,0,0,0,0,2,1,0,0,0,0
10712,其他,其他,其他,漁船,外輪,0,0,0,0,0,0,0,0,0,0,2,0
10712,其他,其他,其他,商船,國輪,0,0,0,0,0,0,0,0,0,0,1,0
10712,其他,其他,其他,商船,國輪,0,0,0,0,0,0,1,0,0,0,1,0
10712,其他,其他,其他,商船,國輪,2,0,0,0,0,0,0,2,0,0,1,0
10712,我國海域,港區外,港區外,漁船,外輪,0,0,0,0,0,0,2,0,0,0,0,0
10712,我國海域,國外海域不分,國外海域不分,漁船,外輪,0,0,0,0,0,0,1,0,0,0,0,0
10712,我國海域,港區外,港區外,其他,大陸船舶,0,0,0,0,0,0,0,0,0,0,1,0
10712,我國海域,港區外,港區外,商船,國輪,0,0,0,0,0,0,0,0,0,0,2,0
10712,我國海域,國外海域不分,國外海域不分,商船,國輪,0,0,1,0,0,0,1,0,0,1,1,0
10801,其他,其他,其他,漁船,外輪,0,0,0,0,0,0,1,0,0,0,0,0
10801,其他,其他,其他,其他,大陸船舶,0,0,0,0,0,0,1,0,0,0,0,0
10801,我國海域,港區外,港區外,商船,國輪,1,0,0,0,0,0,1,1,0,0,1,0
10801,我國海域,港區外,港區外,漁船,外輪,0,0,0,0,0,0,0,0,0,0,1,0
10801,我國海域,港區外,港區外,漁船,外輪,0,0,0,0,0,0,1,0,0,0,0,0
10801,我國海域,港區外,港區外,商船,國輪,0,0,0,0,0,0,0,0,0,0,1,0
10801,其他,其他,其他,漁船,外輪,0,0,0,0,0,0,1,0,0,0,0,0
10801,其他,其他,其他,漁船,外輪,0,0,0,0,0,0,0,0,0,0,1,0
10801,我國海域,港區外,港區外,漁船,外輪,0,0,0,0,0,0,1,0,0,0,0,0
10801,其他,其他,其他,商船,國輪,0,0,0,0,0,0,0,0,0,0,1,0
10801,其他,其他,其他,商船,國輪,0,0,0,0,0,0,0,0,0,0,1,0
10801,我國海域,港區外,港區外,商船,國輪,0,0,0,0,0,0,0,0,0,0,2,0
10801,我國海域,港區外,港區外,商船,國輪,0,1,0,0,1,0,1,0,0,0,0,0
10801,我國海域,國外海域不分,國外海域不分,商船,國輪,0,0,0,0,0,0,1,0,0,0,0,0
10801,我國海域,港區外,港區外,漁船,外輪,0,0,0,0,0,0,3,0,0,0,0,0
10801,我國海域,國外海域不分,國外海域不分,漁船,外輪,0,10,1,0,0,0,2,0,10,1,0,1
10801,我國海域,港區外,港區外,商船,國輪,0,0,0,0,0,0,0,0,0,0,2,0
10801,其他,其他,其他,商船,國輪,0,0,0,0,0,0,1,0,0,0,0,0
10801,我國海域,港區外,港區外,商船,國輪,0,0,0,0,0,0,0,0,0,0,1,0
10801,我國海域,國外海域不分,國外海域不分,商船,國輪,0,0,1,0,0,0,1,0,0,1,0,0
10802,我國海域,港區外,港區外,商船,國輪,0,0,0,0,0,0,1,0,0,0,0,0
10802,我國海域,港區外,港區外,商船,國輪,0,0,0,0,0,0,0,0,0,0,1,0
10802,其他,其他,其他,商船,國輪,0,0,0,0,0,0,0,0,0,0,1,0
10802,其他,其他,其他,商船,國輪,0,0,0,0,0,0,0,0,0,0,1,0
10802,我國海域,港區外,港區外,商船,國輪,0,0,0,0,0,0,0,0,0,0,2,0
10802,我國海域,港區外,港區外,漁船,外輪,0,0,0,0,0,0,2,0,0,0,0,0
10802,我國海域,港區外,港區外,商船,國輪,0,0,0,0,0,0,1,0,0,0,1,0
10802,我國海域,國外海域不分,國外海域不分,商船,國輪,0,0,1,0,0,0,1,0,0,1,0,0
10803,我國海域,港區外,港區外,商船,國輪,0,0,1,0,0,0,1,0,0,1,0,0
10803,我國海域,港區外,港區外,商船,國輪,0,0,0,0,0,0,1,0,0,0,0,0
10803,我國海域,港區外,港區外,商船,國輪,0,0,1,0,0,0,1,0,0,1,0,0
10803,其他,其他,其他,商船,國輪,0,0,0,0,0,0,0,0,0,0,2,0
10803,我國海域,港區外,港區外,漁船,外輪,0,0,0,0,0,0,1,0,0,0,0,0
10803,其他,其他,其他,漁船,外輪,0,0,0,0,0,0,0,0,0,0,1,0
10803,我國海域,港區外,港區外,漁船,外輪,0,0,0,0,0,0,1,0,0,0,0,0
10803,我國海域,港區外,港區外,商船,國輪,0,0,0,0,0,0,0,0,0,0,1,0
10803,我國海域,港區外,港區外,商船,國輪,0,0,0,0,0,0,1,0,0,0,0,0
10803,我國海域,港區外,港區外,商船,國輪,0,0,0,0,0,0,0,0,0,0,1,0
10803,我國海域,港區外,港區外,漁船,外輪,0,0,0,0,0,0,0,0,0,0,1,0
10803,我國海域,港區外,港區外,其他,大陸船舶,0,0,0,0,0,0,1,0,0,0,0,0
10803,其他,其他,其他,商船,國輪,0,0,1,0,0,0,1,0,0,1,0,0
10803,我國海域,港區外,港區外,漁船,外輪,0,0,0,0,0,0,2,0,0,0,1,0
10803,我國海域,國外海域不分,國外海域不分,漁船,外輪,0,0,0,0,0,0,2,0,0,0,0,0
10803,我國海域,港區外,港區外,商船,國輪,2,5,2,0,0,0,2,2,5,2,1,1
10804,我國海域,港區外,港區外,漁船,外輪,0,0,0,0,0,0,1,0,0,0,0,0
10804,我國海域,港區外,港區外,商船,國輪,0,0,0,0,0,0,0,0,0,0,0,1
10804,我國海域,港區外,港區外,商船,國輪,0,0,1,0,0,0,1,0,0,1,0,0
10804,我國海域,港區外,港區外,商船,國輪,0,0,0,0,0,0,1,0,0,0,0,0
10804,我國海域,港區外,港區外,商船,國輪,0,0,1,0,0,0,1,0,0,1,0,0
10804,我國海域,港區外,港區外,商船,國輪,1,0,0,0,0,0,0,1,0,0,1,0
10804,其他,其他,其他,商船,國輪,0,0,1,0,0,0,1,0,0,1,0,0
10804,我國海域,港區外,港區外,商船,國輪,0,0,1,0,0,1,1,0,0,0,0,0
10804,我國海域,港區外,港區外,商船,國輪,1,0,0,0,0,0,1,1,0,0,0,0
10804,我國海域,港區外,港區外,商船,國輪,0,0,0,0,0,0,1,0,0,0,0,0
10804,我國海域,港區外,港區外,其他,大陸船舶,0,0,0,0,0,0,1,0,0,0,0,0
10804,其他,其他,其他,漁船,外輪,0,0,0,0,0,0,0,0,0,0,1,0
10804,我國海域,港區外,港區外,商船,國輪,0,0,1,0,0,0,1,0,0,1,0,0
10804,我國海域,港區外,港區外,商船,國輪,0,0,0,0,0,0,1,0,0,0,0,0
10804,其他,其他,其他,商船,國輪,0,0,0,0,0,0,0,0,0,0,1,0
10804,我國海域,港區外,港區外,漁船,外輪,0,0,0,0,0,0,2,0,0,0,0,0
10804,我國海域,國外海域不分,國外海域不分,漁船,外輪,0,0,0,0,0,0,3,0,0,0,0,0
10804,我國海域,港區外,港區外,商船,國輪,2,7,1,0,0,0,0,2,7,1,1,0
10805,我國海域,港區外,港區外,商船,國輪,0,0,0,0,0,0,1,0,0,0,0,0
10805,我國海域,港區外,港區外,商船,國輪,0,0,0,0,0,0,0,0,0,0,0,1
10805,其他,其他,其他,商船,國輪,0,0,0,0,0,0,0,0,0,0,1,0
10805,其他,其他,其他,商船,國輪,0,0,0,0,0,0,0,0,0,0,1,0
10805,其他,其他,其他,漁船,外輪,0,0,0,0,0,0,0,0,0,0,1,0
10805,我國海域,港區外,港區外,商船,國輪,0,0,0,0,0,0,1,0,0,0,0,0
10805,其他,其他,其他,漁船,外輪,0,0,0,0,0,0,0,0,0,0,1,0
10805,我國海域,港區外,港區外,商船,國輪,2,0,0,0,0,0,0,2,0,0,0,1
10805,其他,其他,其他,漁船,外輪,0,0,0,0,0,0,0,0,0,0,1,0
10805,我國海域,港區外,港區外,商船,國輪,0,0,0,0,0,0,1,0,0,0,0,0
10805,其他,其他,其他,商船,國輪,0,0,1,0,0,0,1,0,0,1,0,0
10805,我國海域,港區外,港區外,漁船,外輪,0,0,0,0,0,0,2,0,0,0,1,0
10805,我國海域,國外海域不分,國外海域不分,漁船,外輪,0,0,0,0,0,0,1,0,0,0,0,0
10805,我國海域,港區外,港區外,商船,國輪,0,0,0,0,0,0,0,0,0,0,0,1
10805,我國海域,國外海域不分,國外海域不分,商船,國輪,0,1,0,0,0,0,1,0,1,0,0,0
10806,其他,其他,其他,商船,國輪,0,0,0,0,0,0,0,0,0,0,1,0
10806,我國海域,港區外,港區外,商船,國輪,0,0,0,0,0,0,0,0,0,0,0,1
10806,我國海域,港區外,港區外,商船,國輪,0,0,0,0,0,0,0,0,0,0,1,0
10806,其他,其他,其他,漁船,外輪,0,0,0,0,0,0,0,0,0,0,1,0
10806,我國海域,港區外,港區外,商船,國輪,0,0,0,0,0,0,0,0,0,0,0,1
10806,我國海域,港區外,港區外,商船,國輪,1,0,0,0,0,0,0,1,0,0,1,0
10806,其他,其他,其他,商船,國輪,0,0,0,0,0,0,0,0,0,0,1,0
10806,我國海域,港區外,港區外,商船,國輪,0,0,0,0,0,0,0,0,0,0,1,0
10806,其他,其他,其他,商船,國輪,0,0,0,0,0,0,1,0,0,0,1,0
10806,我國海域,港區外,港區外,商船,國輪,0,0,0,0,0,0,0,0,0,0,0,1
10806,我國海域,港區外,港區外,漁船,外輪,0,0,0,0,0,0,1,0,0,0,0,0
10806,我國海域,國外海域不分,國外海域不分,漁船,外輪,0,1,1,0,0,0,4,0,1,1,1,0
10807,其他,其他,其他,其他,大陸船舶,0,0,0,0,0,0,0,0,0,0,1,0
10807,我國海域,港區外,港區外,商船,國輪,0,0,0,0,0,0,1,0,0,0,0,0
10807,我國海域,港區外,港區外,商船,國輪,0,0,0,0,0,0,0,0,0,0,1,0
10807,其他,其他,其他,商船,國輪,0,0,0,0,0,0,0,0,0,0,0,1
10807,其他,其他,其他,漁船,外輪,0,0,0,0,0,0,0,0,0,0,1,0
10807,其他,其他,其他,其他,大陸船舶,0,0,0,0,0,0,0,0,0,0,1,0
10807,我國海域,港區外,港區外,商船,國輪,0,0,0,0,0,0,1,0,0,0,0,0
10807,其他,其他,其他,商船,國輪,0,0,1,0,0,0,1,0,0,1,0,0
10807,我國海域,港區外,港區外,商船,國輪,0,0,0,0,0,0,1,0,0,0,1,1
10807,其他,其他,其他,漁船,外輪,0,0,0,0,0,0,1,0,0,0,0,0
10807,其他,其他,其他,商船,國輪,0,0,0,0,0,0,1,0,0,0,1,0
10807,我國海域,港區外,港區外,漁船,外輪,0,0,0,0,0,0,2,0,0,0,0,0
10807,我國海域,港區外,港區外,商船,國輪,0,0,1,0,0,0,1,0,0,1,0,0
10807,我國海域,國外海域不分,國外海域不分,商船,國輪,0,0,0,0,0,0,1,0,0,0,0,0
10808,我國海域,港區外,港區外,商船,國輪,0,0,1,0,0,0,1,0,0,1,0,0
10808,我國海域,港區外,港區外,商船,國輪,0,0,0,0,0,0,0,0,0,0,0,1
10808,我國海域,港區外,港區外,商船,國輪,0,0,1,0,0,0,1,0,0,1,0,0
10808,我國海域,港區外,港區外,商船,國輪,0,0,0,0,0,0,0,0,0,0,0,1
10808,我國海域,港區外,港區外,商船,國輪,0,0,0,0,0,0,1,0,0,0,0,0
10808,我國海域,港區外,港區外,商船,國輪,0,0,0,0,0,0,1,0,0,0,0,0
10808,我國海域,港區外,港區外,商船,國輪,0,0,0,0,0,0,1,0,0,0,0,0
10808,我國海域,港區外,港區外,商船,國輪,0,0,0,0,0,0,0,0,0,0,1,0
10808,其他,其他,其他,商船,國輪,0,0,1,0,0,0,1,0,0,1,0,0
10808,其他,其他,其他,商船,國輪,0,0,0,0,0,0,0,0,0,0,1,0
10808,我國海域,港區外,港區外,漁船,外輪,0,0,0,0,0,0,1,0,0,0,0,0
10808,我國海域,港區外,港區外,漁船,外輪,0,0,0,0,0,0,0,0,0,0,1,0
10808,其他,其他,其他,商船,國輪,0,0,0,0,0,0,0,0,0,0,0,1
10808,我國海域,港區外,港區外,漁船,外輪,0,0,0,0,0,0,3,0,0,0,0,0
10808,我國海域,國外海域不分,國外海域不分,漁船,外輪,0,0,0,0,0,0,1,0,0,0,0,0
10808,我國海域,國外海域不分,國外海域不分,商船,國輪,0,0,0,0,0,0,0,0,0,0,1,0
10809,其他,其他,其他,商船,國輪,1,0,1,0,0,0,0,1,0,1,1,0
10809,我國海域,港區外,港區外,漁船,外輪,0,0,0,0,0,0,2,0,0,0,0,0
10809,其他,其他,其他,漁船,外輪,0,0,0,0,0,0,0,0,0,0,2,0
10809,其他,其他,其他,商船,國輪,0,0,1,0,0,0,1,0,0,1,0,0
10809,我國海域,港區外,港區外,商船,國輪,0,0,0,0,0,0,1,0,0,0,0,0
10809,其他,其他,其他,商船,國輪,0,0,0,0,0,0,0,0,0,0,1,0
10809,我國海域,港區外,港區外,商船,國輪,6,0,0,0,0,0,0,6,0,0,1,0
10809,其他,其他,其他,商船,國輪,0,0,0,0,0,0,0,0,0,0,1,0
10809,其他,其他,其他,其他,大陸船舶,0,0,0,0,0,0,0,0,0,0,1,0
10809,其他,其他,其他,漁船,外輪,0,0,0,0,0,0,0,0,0,0,1,0
10809,我國海域,港區外,港區外,商船,國輪,0,0,0,0,0,0,1,0,0,0,0,1
10809,其他,其他,其他,漁船,外輪,0,0,0,0,0,0,0,0,0,0,1,0
10809,我國海域,港區外,港區外,商船,國輪,0,0,0,0,0,0,2,0,0,0,0,0
10809,我國海域,港區外,港區外,漁船,外輪,0,0,0,0,0,0,2,0,0,0,0,0
10809,我國海域,國外海域不分,國外海域不分,漁船,外輪,0,0,0,0,0,0,1,0,0,0,0,0
10810,我國海域,港區外,港區外,商船,國輪,1,0,0,1,0,0,0,0,0,0,1,0
10810,我國海域,港區外,港區外,商船,國輪,0,1,0,0,0,0,1,0,1,0,0,0
10810,其他,其他,其他,商船,國輪,0,0,0,0,0,0,0,0,0,0,1,0
10810,其他,其他,其他,漁船,外輪,0,0,0,0,0,0,1,0,0,0,0,0
10810,其他,其他,其他,商船,國輪,0,0,0,0,0,0,0,0,0,0,1,0
10810,其他,其他,其他,商船,國輪,0,0,0,0,0,0,1,0,0,0,0,0
10810,我國海域,港區外,港區外,商船,國輪,0,0,0,0,0,0,1,0,0,0,0,0
10810,其他,其他,其他,商船,國輪,0,0,0,0,0,0,1,0,0,0,0,0
10810,我國海域,港區外,港區外,商船,國輪,0,0,1,0,0,0,0,0,0,1,1,0
10810,我國海域,港區外,港區外,漁船,外輪,0,0,0,0,0,0,1,0,0,0,1,0
10810,我國海域,港區外,港區外,商船,國輪,0,0,0,0,0,0,0,0,0,0,1,0
10810,我國海域,港區外,港區外,漁船,外輪,0,0,0,0,0,0,4,0,0,0,0,0
10810,我國海域,國外海域不分,國外海域不分,漁船,外輪,1,0,0,0,0,0,3,1,0,0,1,0
10810,我國海域,港區外,港區外,商船,國輪,0,0,0,0,0,0,0,0,0,0,0,1
10810,我國海域,國外海域不分,國外海域不分,商船,國輪,0,9,0,0,0,0,0,0,9,0,0,1
10811,其他,其他,其他,商船,國輪,1,0,0,0,0,0,2,1,0,0,0,0
10811,其他,其他,其他,漁船,外輪,0,0,0,0,0,0,0,0,0,0,1,0
10811,其他,其他,其他,商船,國輪,0,0,0,0,0,0,1,0,0,0,3,0
10811,其他,其他,其他,商船,國輪,0,0,0,0,0,0,0,0,0,0,1,0
10811,我國海域,港區外,港區外,商船,國輪,0,0,0,0,0,0,0,0,0,0,1,1
10811,其他,其他,其他,商船,國輪,0,0,0,0,0,0,0,0,0,0,1,0
10811,其他,其他,其他,商船,國輪,0,0,0,0,0,0,0,0,0,0,1,0
10811,其他,其他,其他,漁船,外輪,0,0,0,0,0,0,0,0,0,0,1,0
10811,我國海域,港區外,港區外,商船,國輪,1,0,0,0,0,0,0,1,0,0,1,0
10811,我國海域,港區外,港區外,商船,國輪,0,0,0,0,0,0,0,0,0,0,1,0
10811,我國海域,港區外,港區外,漁船,外輪,0,0,0,0,0,0,4,0,0,0,0,0
10811,我國海域,港區外,港區外,商船,國輪,0,0,0,0,0,0,1,0,0,0,1,0
10811,我國海域,國外海域不分,國外海域不分,商船,國輪,0,0,0,0,0,0,0,0,0,0,0,1
10902,我國海域,港區外,港區外,商船,國輪,0,0,0,0,0,0,1,0,0,0,0,0
10902,其他,其他,其他,商船,國輪,0,0,0,0,0,0,1,0,0,0,0,0
10902,其他,其他,其他,漁船,外輪,0,0,0,0,0,0,0,0,0,0,1,0
10902,其他,其他,其他,漁船,外輪,0,0,0,0,0,0,0,0,0,0,1,0
10902,其他,其他,其他,商船,國輪,0,0,0,0,0,0,1,0,0,0,1,0
10902,其他,其他,其他,漁船,外輪,0,0,0,0,0,0,0,0,0,0,1,0
10902,我國海域,港區外,港區外,商船,國輪,0,1,0,0,0,0,1,0,1,0,1,0
10902,我國海域,港區外,港區外,漁船,外輪,0,0,0,0,0,0,3,0,0,0,0,0
10903,我國海域,港區外,港區外,商船,國輪,0,0,1,0,0,0,0,0,0,1,1,0
10903,其他,其他,其他,商船,國輪,0,0,0,0,0,0,0,0,0,0,1,0
10903,我國海域,港區外,港區外,商船,國輪,0,0,0,0,0,0,0,0,0,0,1,0
10903,其他,其他,其他,商船,國輪,0,0,0,0,0,0,0,0,0,0,2,0
10903,其他,其他,其他,漁船,外輪,0,0,0,0,0,0,1,0,0,0,0,0
10903,其他,其他,其他,商船,國輪,0,0,0,0,0,0,0,0,0,0,1,0
10903,我國海域,港區外,港區外,商船,國輪,0,0,1,0,0,0,1,0,0,1,0,0
10903,其他,其他,其他,商船,國輪,0,0,0,0,0,0,1,0,0,0,1,0
10903,其他,其他,其他,商船,國輪,0,0,2,0,0,0,0,0,0,2,0,1
10903,我國海域,港區外,港區外,商船,國輪,0,0,0,0,0,0,0,0,0,0,1,0
10903,其他,其他,其他,漁船,外輪,0,0,2,0,0,0,0,0,0,2,1,0
10903,其他,其他,其他,商船,國輪,0,0,0,0,0,0,0,0,0,0,1,0
10903,其他,其他,其他,漁船,外輪,0,0,0,0,0,0,0,0,0,0,1,0
10903,我國海域,港區外,港區外,商船,國輪,1,0,0,0,0,0,1,1,0,0,0,0
10903,我國海域,港區外,港區外,漁船,外輪,0,0,0,0,0,0,1,0,0,0,0,0
10903,我國海域,港區外,港區外,商船,國輪,1,0,1,1,0,0,1,0,0,1,1,0
10903,我國海域,港區外,港區外,漁船,外輪,0,0,0,0,0,0,2,0,0,0,0,0
10903,我國海域,港區外,港區外,商船,國輪,0,0,1,0,0,0,2,0,0,1,0,0
10904,其他,其他,其他,商船,國輪,0,0,0,0,0,0,0,0,0,0,1,0
10904,其他,其他,其他,商船,國輪,0,0,0,0,0,0,0,0,0,0,1,0
10904,我國海域,港區外,港區外,商船,國輪,0,0,0,0,0,0,0,0,0,0,1,0
10904,其他,其他,其他,商船,國輪,0,0,0,0,0,0,0,0,0,0,1,0
10904,其他,其他,其他,商船,國輪,0,0,0,0,0,0,1,0,0,0,0,0
10904,我國海域,港區外,港區外,商船,國輪,0,0,0,0,0,0,0,0,0,0,1,0
10904,我國海域,港區外,港區外,商船,國輪,0,0,0,0,0,0,1,0,0,0,0,0
10904,其他,其他,其他,漁船,外輪,0,0,0,0,0,0,1,0,0,0,1,0
10904,我國海域,港區外,港區外,商船,國輪,0,0,0,0,0,0,0,0,0,0,1,0
10904,其他,其他,其他,商船,國輪,0,0,0,0,0,0,1,0,0,0,0,0
10904,我國海域,港區外,港區外,商船,國輪,0,0,0,0,0,0,1,0,0,0,0,0
10904,我國海域,港區外,港區外,漁船,外輪,0,0,0,0,0,0,2,0,0,0,0,0
10904,我國海域,港區外,港區外,商船,國輪,0,0,0,0,0,0,1,0,0,0,0,0
10904,我國海域,港區外,港區外,漁船,外輪,0,0,1,0,0,0,1,0,0,1,0,0
10905,我國海域,港區外,港區外,商船,國輪,0,0,0,0,0,0,1,0,0,0,0,0
10905,其他,其他,其他,漁船,外輪,0,0,0,0,0,0,1,0,0,0,0,0
10905,其他,其他,其他,商船,國輪,0,0,0,0,0,0,0,0,0,0,1,0
10905,我國海域,港區外,港區外,商船,國輪,0,0,0,0,0,0,1,0,0,0,0,0
10905,其他,其他,其他,商船,國輪,0,0,0,0,0,0,0,0,0,0,1,0
10905,其他,其他,其他,漁船,外輪,0,0,0,0,0,0,0,0,0,0,1,0
10905,我國海域,港區外,港區外,商船,國輪,0,0,0,0,0,0,0,0,0,0,1,0
10905,其他,其他,其他,漁船,外輪,0,0,0,0,0,0,0,0,0,0,1,0
10905,我國海域,港區外,港區外,商船,國輪,0,0,0,0,0,0,1,0,0,0,0,0
10905,我國海域,港區外,港區外,商船,國輪,0,0,0,0,0,0,1,0,0,0,4,0
10905,我國海域,港區外,港區外,漁船,外輪,0,0,0,0,0,0,2,0,0,0,0,0
10905,我國海域,國外海域不分,國外海域不分,商船,國輪,0,0,0,0,0,0,0,0,0,0,1,0
10812,我國海域,港區外,港區外,漁船,外輪,0,0,0,0,0,0,1,0,0,0,0,0
10812,我國海域,港區外,港區外,商船,國輪,0,0,0,0,0,0,0,0,0,0,1,0
10812,我國海域,港區外,港區外,商船,國輪,0,0,0,0,0,0,1,0,0,0,0,0
10812,我國海域,港區外,港區外,商船,國輪,0,0,1,0,0,0,1,0,0,1,0,0
10812,其他,其他,其他,商船,國輪,0,0,0,0,0,0,0,0,0,0,3,0
10812,其他,其他,其他,漁船,外輪,0,0,0,0,0,0,0,0,0,0,2,0
10812,我國海域,港區外,港區外,漁船,外輪,0,0,0,0,0,0,1,0,0,0,0,0
10812,我國海域,港區外,港區外,商船,國輪,0,6,0,0,0,0,0,0,6,0,1,1
10812,我國海域,港區外,港區外,漁船,外輪,0,0,0,0,0,0,1,0,0,0,0,0
10812,其他,其他,其他,商船,國輪,0,0,0,0,0,0,0,0,0,0,1,0
10812,我國海域,港區外,港區外,商船,國輪,0,0,0,0,0,0,0,0,0,0,1,0
10812,我國海域,港區外,港區外,商船,國輪,0,0,0,0,0,0,1,0,0,0,0,0
10812,我國海域,港區外,港區外,商船,國輪,0,0,1,0,0,0,2,0,0,1,0,1
10812,我國海域,港區外,港區外,商船,國輪,0,0,2,0,0,0,0,0,0,2,0,1
10812,我國海域,港區外,港區外,漁船,外輪,0,0,0,0,0,0,3,0,0,0,0,0
10812,我國海域,國外海域不分,國外海域不分,漁船,外輪,0,0,0,0,0,0,2,0,0,0,0,0
10812,我國海域,港區外,港區外,商船,國輪,0,0,0,0,0,0,1,0,0,0,0,0
10812,我國海域,國外海域不分,國外海域不分,商船,國輪,0,0,0,0,0,0,0,0,0,0,1,0
10901,其他,其他,其他,商船,國輪,9,0,6,0,0,0,0,9,0,6,3,0
10901,我國海域,港區外,港區外,商船,國輪,0,1,0,0,0,0,0,0,1,0,0,1
10901,我國海域,港區外,港區外,商船,國輪,0,0,0,0,0,0,0,0,0,0,1,0
10901,其他,其他,其他,漁船,外輪,0,0,0,0,0,0,0,0,0,0,1,0
10901,其他,其他,其他,商船,國輪,0,0,0,0,0,0,1,0,0,0,1,0
10901,其他,其他,其他,其他,大陸船舶,0,0,0,0,0,0,0,0,0,0,1,0
10901,其他,其他,其他,商船,國輪,0,0,0,0,0,0,1,0,0,0,0,0
10901,我國海域,港區外,港區外,商船,國輪,0,0,0,0,0,0,0,0,0,0,1,0
10901,我國海域,港區外,港區外,商船,國輪,0,0,0,0,0,0,0,0,0,0,1,0
10901,其他,其他,其他,商船,國輪,0,0,2,0,0,0,2,0,0,2,0,0
10901,其他,其他,其他,商船,國輪,0,0,0,0,0,0,0,0,0,0,1,0
10901,我國海域,港區外,港區外,漁船,外輪,0,0,0,0,0,0,0,0,0,0,1,0
10901,我國海域,港區外,港區外,商船,國輪,0,0,0,0,0,0,1,0,0,0,0,0
10901,我國海域,港區外,港區外,商船,國輪,0,0,0,0,0,0,0,0,0,0,2,0
10901,我國海域,港區外,港區外,商船,國輪,0,0,0,0,0,0,0,0,0,0,1,0
10901,我國海域,港區外,港區外,商船,國輪,0,0,0,0,0,0,1,0,0,0,0,0
10901,我國海域,港區外,港區外,漁船,外輪,0,0,0,0,0,0,3,0,0,0,0,0
10901,我國海域,港區外,港區外,商船,國輪,0,0,1,0,0,0,1,0,0,1,0,0
10906,我國海域,港區外,港區外,商船,國輪,0,0,0,0,0,0,1,0,0,0,0,0
10906,其他,其他,其他,商船,國輪,0,0,0,0,0,0,0,0,0,0,1,0
10906,其他,其他,其他,商船,國輪,0,0,0,0,0,0,0,0,0,0,1,0
10906,其他,其他,其他,商船,國輪,0,0,0,0,0,0,0,0,0,0,3,0
10906,其他,其他,其他,商船,國輪,0,0,0,0,0,0,0,0,0,0,2,0
10906,我國海域,港區外,港區外,商船,國輪,0,0,0,0,0,0,0,0,0,0,0,1
10906,其他,其他,其他,商船,國輪,0,0,0,0,0,0,1,0,0,0,1,0
10906,其他,其他,其他,商船,國輪,0,0,0,0,0,0,0,0,0,0,1,0
10906,其他,其他,其他,漁船,外輪,0,0,0,0,0,0,1,0,0,0,1,0
10906,我國海域,港區外,港區外,商船,國輪,0,0,0,0,0,0,1,0,0,0,0,0
10906,其他,其他,其他,商船,國輪,0,0,0,0,0,0,1,0,0,0,0,0
10906,其他,其他,其他,商船,國輪,0,0,0,0,0,0,1,0,0,0,1,0
10906,其他,其他,其他,漁船,外輪,0,0,0,0,0,0,0,0,0,0,2,0
10906,我國海域,港區外,港區外,漁船,外輪,0,0,0,0,0,0,1,0,0,0,0,0
10906,我國海域,國外海域不分,國外海域不分,漁船,外輪,0,0,0,0,0,0,1,0,0,0,0,0
10906,其他,其他,其他,商船,國輪,0,0,0,0,0,0,1,0,0,0,0,0
10907,我國海域,港區外,港區外,商船,國輪,0,0,0,0,0,0,0,0,0,0,1,0
10907,其他,其他,其他,商船,國輪,0,0,0,0,0,0,0,0,0,0,1,0
10907,我國海域,港區外,港區外,商船,國輪,0,0,0,0,0,0,1,0,0,0,0,0
10907,我國海域,港區外,港區外,商船,國輪,0,0,0,0,0,0,0,0,0,0,1,0
10907,其他,其他,其他,商船,國輪,0,0,0,0,0,0,1,0,0,0,0,0
10907,我國海域,港區外,港區外,商船,國輪,0,0,0,0,0,0,0,0,0,0,1,0
10907,我國海域,港區外,港區外,商船,國輪,0,0,0,0,0,0,1,0,0,0,0,1
10907,其他,其他,其他,商船,國輪,0,0,0,0,0,0,2,0,0,0,0,0
10907,其他,其他,其他,漁船,外輪,0,0,0,0,0,0,1,0,0,0,1,0
10907,我國海域,港區外,港區外,商船,國輪,0,0,0,0,0,0,1,0,0,0,0,0
10907,我國海域,港區外,港區外,商船,國輪,0,0,0,0,0,0,0,0,0,0,1,0
10907,我國海域,港區外,港區外,商船,國輪,0,0,0,0,0,0,1,0,0,0,0,0
10907,我國海域,港區外,港區外,漁船,外輪,0,0,0,0,0,0,1,0,0,0,0,0
10907,其他,其他,其他,商船,國輪,0,0,0,0,0,0,0,0,0,0,1,0
10907,我國海域,港區外,港區外,漁船,外輪,0,0,0,0,0,0,0,0,0,0,1,0
10907,我國海域,港區外,港區外,商船,國輪,0,0,0,0,0,0,0,0,0,0,1,0
10907,其他,其他,其他,商船,國輪,0,0,0,0,0,0,0,0,0,0,1,0
10907,我國海域,港區外,港區外,商船,國輪,0,0,0,0,0,0,2,0,0,0,0,1
10907,我國海域,港區外,港區外,漁船,外輪,0,0,0,0,0,0,1,0,0,0,0,0
10907,我國海域,國外海域不分,國外海域不分,漁船,外輪,0,0,0,0,0,0,1,0,0,0,0,0
10907,我國海域,港區外,港區外,商船,國輪,0,2,0,0,0,0,2,0,2,0,0,1
10908,其他,其他,其他,商船,國輪,0,0,0,0,0,0,0,0,0,0,1,0
10908,其他,其他,其他,商船,國輪,0,0,0,0,0,0,0,0,0,0,3,0
10908,其他,其他,其他,漁船,外輪,0,0,0,0,0,0,1,0,0,0,0,0
10908,我國海域,港區外,港區外,商船,國輪,0,0,0,0,0,0,0,0,0,0,1,0
10908,我國海域,港區外,港區外,商船,國輪,0,0,0,0,0,0,2,0,0,0,0,0
10908,我國海域,港區外,港區外,漁船,外輪,0,0,0,0,0,0,2,0,0,0,0,0
10909,其他,其他,其他,商船,國輪,0,0,0,0,0,0,0,0,0,0,1,0
10909,其他,其他,其他,商船,國輪,0,0,0,0,0,0,0,0,0,0,2,0
10909,我國海域,港區外,港區外,商船,國輪,0,0,0,0,0,0,0,0,0,0,0,1
10909,我國海域,港區外,港區外,商船,國輪,0,0,0,0,0,0,1,0,0,0,0,0
10909,其他,其他,其他,商船,國輪,0,0,0,0,0,0,1,0,0,0,0,0
10909,我國海域,港區外,港區外,商船,國輪,0,0,0,0,0,0,1,0,0,0,0,0
10909,其他,其他,其他,商船,國輪,0,0,0,0,0,0,0,0,0,0,1,0
10909,我國海域,港區外,港區外,漁船,外輪,0,0,0,0,0,0,1,0,0,0,0,0
10909,我國海域,港區外,港區外,商船,國輪,0,0,0,0,0,0,1,0,0,0,0,0
10909,我國海域,國外海域不分,國外海域不分,商船,國輪,0,2,1,0,0,0,2,0,2,1,0,0
10910,我國海域,港區外,港區外,商船,國輪,2,0,0,0,0,0,0,2,0,0,2,0
10910,我國海域,港區外,港區外,商船,國輪,0,0,0,0,0,0,0,0,0,0,1,0
10910,我國海域,港區外,港區外,商船,國輪,0,0,0,0,0,0,0,0,0,0,1,0
10910,其他,其他,其他,商船,國輪,0,0,1,0,0,0,1,0,0,1,0,0
10910,我國海域,國外海域不分,國外海域不分,漁船,外輪,0,0,0,0,0,0,2,0,0,0,0,0
10911,其他,其他,其他,商船,國輪,0,0,0,0,0,0,0,0,0,0,1,0
10911,其他,其他,其他,商船,國輪,0,0,0,0,0,0,1,0,0,0,0,0
10911,我國海域,港區外,港區外,商船,國輪,0,0,0,0,0,0,0,0,0,0,1,0
10911,我國海域,港區外,港區外,漁船,外輪,0,0,0,0,0,0,1,0,0,0,0,0
10911,我國海域,港區外,港區外,商船,國輪,0,0,0,0,0,0,0,0,0,0,1,0
10911,其他,其他,其他,商船,國輪,0,0,0,0,0,0,0,0,0,0,2,0
10911,我國海域,港區外,港區外,漁船,外輪,0,5,0,0,0,0,0,0,5,0,0,1
10911,其他,其他,其他,商船,國輪,0,0,0,0,0,0,0,0,0,0,1,0
10911,其他,其他,其他,商船,國輪,0,0,0,0,0,0,0,0,0,0,2,0
10911,我國海域,港區外,港區外,商船,國輪,0,0,0,0,0,0,0,0,0,0,1,0
10911,我國海域,港區外,港區外,商船,國輪,0,0,0,0,0,0,0,0,0,0,0,1
10911,我國海域,港區外,港區外,商船,國輪,0,0,0,0,0,0,0,0,0,0,1,0
10911,其他,其他,其他,商船,國輪,0,0,0,0,0,0,1,0,0,0,0,0
10911,其他,其他,其他,漁船,外輪,0,0,0,0,0,0,0,0,0,0,1,0
10911,我國海域,港區外,港區外,漁船,外輪,0,0,0,0,0,0,3,0,0,0,0,0
10911,我國海域,國外海域不分,國外海域不分,漁船,外輪,0,0,0,0,0,0,1,0,0,0,0,0
10912,我國海域,港區外,港區外,商船,國輪,1,0,0,0,0,0,0,1,0,0,1,0
10912,我國海域,港區外,港區外,商船,國輪,0,0,0,0,0,0,0,0,0,0,1,0
10912,其他,其他,其他,商船,國輪,0,0,0,0,0,0,0,0,0,0,1,0
10912,我國海域,港區外,港區外,漁船,外輪,0,0,0,0,0,0,1,0,0,0,0,0
10912,我國海域,港區外,港區外,商船,國輪,0,1,0,0,0,0,1,0,1,0,0,0
11002,我國海域,港區外,港區外,商船,國輪,0,0,0,0,0,0,1,0,0,0,0,0
11002,其他,其他,其他,商船,國輪,0,0,0,0,0,0,0,0,0,0,1,0
11002,我國海域,港區外,港區外,商船,國輪,0,0,0,0,0,0,0,0,0,0,1,0
11002,我國海域,港區外,港區外,商船,國輪,0,0,0,0,0,0,0,0,0,0,1,0
11002,其他,其他,其他,漁船,外輪,0,0,0,0,0,0,0,0,0,0,1,0
11002,其他,其他,其他,商船,國輪,1,0,0,0,0,0,2,1,0,0,2,0
11002,我國海域,港區外,港區外,漁船,外輪,0,0,0,0,0,0,0,0,0,0,1,0
11002,我國海域,港區外,港區外,商船,國輪,0,0,0,0,0,0,1,0,0,0,0,0
11002,其他,其他,其他,商船,國輪,0,0,0,0,0,0,0,0,0,0,1,0
11002,我國海域,港區外,港區外,漁船,外輪,0,0,0,0,0,0,1,0,0,0,0,0
11002,其他,其他,其他,商船,國輪,0,0,0,0,0,0,0,0,0,0,0,1
11002,我國海域,港區外,港區外,商船,國輪,0,0,0,0,0,0,1,0,0,0,0,0
11002,我國海域,港區外,港區外,漁船,外輪,0,0,0,0,0,0,1,0,0,0,0,0
11002,我國海域,港區外,港區外,商船,國輪,0,0,0,0,0,0,0,0,0,0,0,1
11002,我國海域,港區外,港區外,漁船,外輪,0,0,0,0,0,0,3,0,0,0,0,0
11002,我國海域,國外海域不分,國外海域不分,漁船,外輪,0,0,0,0,0,0,1,0,0,0,0,0
11002,我國海域,港區外,港區外,商船,國輪,0,0,1,0,0,0,1,0,0,1,2,0
11002,我國海域,國外海域不分,國外海域不分,商船,國輪,0,2,0,0,0,0,2,0,2,0,0,0
11003,我國海域,港區外,港區外,商船,國輪,0,0,0,0,0,0,1,0,0,0,0,0
11003,我國海域,港區外,港區外,商船,國輪,0,0,0,0,0,0,1,0,0,0,0,0
11003,其他,其他,其他,商船,國輪,0,0,0,0,0,0,2,0,0,0,1,0
11003,我國海域,港區外,港區外,漁船,外輪,0,0,0,0,0,0,1,0,0,0,0,0
11003,其他,其他,其他,漁船,外輪,0,1,0,0,0,0,2,0,1,0,0,0
11003,我國海域,港區外,港區外,商船,國輪,0,0,0,0,0,0,0,0,0,0,2,0
11003,我國海域,港區外,港區外,商船,國輪,0,1,0,0,0,0,1,0,1,0,1,0
11003,其他,其他,其他,漁船,外輪,0,0,0,0,0,0,1,0,0,0,0,0
11003,我國海域,港區外,港區外,商船,國輪,0,0,0,0,0,0,1,0,0,0,1,1
11003,我國海域,港區外,港區外,漁船,外輪,0,0,0,0,0,0,1,0,0,0,0,0
11003,我國海域,國外海域不分,國外海域不分,漁船,外輪,0,1,0,0,0,0,3,0,1,0,0,0
11003,我國海域,國外海域不分,國外海域不分,商船,國輪,0,0,0,0,0,0,1,0,0,0,0,0
11004,我國海域,港區外,港區外,商船,國輪,0,0,0,0,0,0,1,0,0,0,0,0
11004,我國海域,港區外,港區外,漁船,外輪,0,0,0,0,0,0,1,0,0,0,0,0
11004,我國海域,港區外,港區外,漁船,外輪,0,0,1,0,0,0,1,0,0,1,1,0
11004,我國海域,港區外,港區外,商船,國輪,0,0,0,0,0,0,0,0,0,0,1,1
11004,其他,其他,其他,商船,國輪,0,0,0,0,0,0,0,0,0,0,2,0
11004,我國海域,港區外,港區外,商船,國輪,0,0,0,0,0,0,0,0,0,0,1,0
11004,我國海域,港區外,港區外,商船,國輪,0,0,0,0,0,0,1,0,0,0,0,0
11004,我國海域,港區外,港區外,漁船,外輪,0,0,0,0,0,0,1,0,0,0,0,0
11004,我國海域,國外海域不分,國外海域不分,漁船,外輪,0,0,0,0,0,0,1,0,0,0,1,0
11004,我國海域,港區外,港區外,商船,國輪,0,0,5,0,0,0,5,0,0,5,0,0
11005,我國海域,港區外,港區外,商船,國輪,0,0,1,0,0,0,0,0,0,1,1,0
11005,我國海域,港區外,港區外,商船,國輪,0,0,0,0,0,0,0,0,0,0,1,0
11005,我國海域,港區外,港區外,商船,國輪,0,0,0,0,0,0,0,0,0,0,1,0
11005,我國海域,港區外,港區外,商船,國輪,0,0,0,0,0,0,0,0,0,0,0,1
11005,我國海域,港區外,港區外,商船,國輪,0,0,0,0,0,0,0,0,0,0,0,1
11005,其他,其他,其他,商船,國輪,2,0,0,1,0,0,0,1,0,0,1,0
11005,我國海域,港區外,港區外,商船,國輪,0,0,0,0,0,0,0,0,0,0,1,0
11005,我國海域,港區外,港區外,漁船,外輪,0,0,0,0,0,0,1,0,0,0,0,0
11005,我國海域,國外海域不分,國外海域不分,漁船,外輪,0,0,0,0,0,0,0,0,0,0,1,0
11005,我國海域,港區外,港區外,商船,國輪,0,10,1,0,0,0,1,0,10,1,1,0
11005,我國海域,國外海域不分,國外海域不分,商船,國輪,0,0,0,0,0,0,1,0,0,0,0,0
