時間(年月),海域位置,港口位置,港口名稱,船籍別,船舶用途名稱,船難類別,發生次數
10009,我國海域,港區內,高雄港,外輪,漁船,非常變故,1
10009,其他,其他,其他,外輪,漁船,非常變故,8
10009,其他,其他,其他,外輪,漁船,觸礁或擱淺,1
10009,其他,其他,其他,外輪,漁船,其他,1
10009,其他,其他,其他,外輪,漁船,非常變故,3
10009,其他,其他,其他,外輪,其他,其他,1
10306,其他,其他,其他,國輪,漁船,其他,1
10306,其他,其他,其他,外輪,漁船,兩船碰撞,2
10306,其他,其他,其他,外輪,漁船,非常變故,5
10404,其他,其他,其他,國輪,其他,其他,1
10404,我國海域,港區內,高雄港,國輪,其他,兩船碰撞,1
10404,我國海域,港區內,臺中港,國輪,其他,機器故障,1
10404,其他,其他,其他,國輪,其他,兩船碰撞,1
10512,其他,其他,其他,外輪,漁船,非常變故,1
10512,其他,其他,其他,外輪,漁船,非常變故,9
10512,我國海域,港區內,基隆港,國輪,其他,兩船碰撞,1
10512,我國海域,港區內,高雄港,國輪,其他,兩船碰撞,1
10512,我國海域,港區內,臺中港,國輪,其他,其他,1
10512,我國海域,港區內,安平港,外輪,其他,與其他物碰撞,1
10601,其他,其他,其他,國輪,商船,兩船碰撞,2
10601,其他,其他,其他,國輪,商船,觸礁或擱淺,1
10601,其他,其他,其他,國輪,商船,兩船碰撞,1
10601,我國海域,港區內,蘇澳港,外輪,漁船,兩船碰撞,1
10601,我國海域,港區內,高雄港,外輪,漁船,失火,1
10601,其他,其他,其他,外輪,漁船,其他,1
10601,其他,其他,其他,外輪,漁船,非常變故,6
10601,其他,其他,其他,外輪,漁船,非常變故,3
10601,我國海域,港區內,基隆港,國輪,其他,失火,1
10601,其他,其他,其他,國輪,其他,兩船碰撞,1
10602,其他,其他,其他,國輪,商船,失火,1
10602,其他,其他,其他,國輪,商船,兩船碰撞,1
10602,其他,其他,其他,國輪,商船,觸礁或擱淺,1
10602,其他,其他,其他,國輪,商船,其他,1
10602,其他,其他,其他,國輪,商船,其他,1
10602,其他,其他,其他,國輪,商船,其他,1
10602,其他,其他,其他,國輪,商船,其他,1
10602,其他,其他,其他,國輪,商船,其他,1
10602,其他,其他,其他,國輪,商船,其他,1
10602,其他,其他,其他,國輪,商船,失火,1
10602,我國海域,港區內,花蓮港,國輪,漁船,其他,1
10602,我國海域,港區內,高雄港,外輪,漁船,兩船碰撞,2
10602,我國海域,港區內,台北港,外輪,漁船,兩船碰撞,1
10602,其他,其他,其他,國輪,漁船,兩船碰撞,1
10602,其他,其他,其他,外輪,漁船,非常變故,1
10602,其他,其他,其他,外輪,漁船,機器故障,1
10602,其他,其他,其他,外輪,漁船,非常變故,5
10602,其他,其他,其他,外輪,漁船,非常變故,1
10602,我國海域,港區內,臺中港,國輪,其他,兩船碰撞,1
10603,我國海域,港區內,花蓮港,國輪,商船,失火,1
10603,其他,其他,其他,國輪,商船,其他,1
10603,其他,其他,其他,國輪,商船,兩船碰撞,1
10603,其他,其他,其他,國輪,商船,機器故障,1
10603,其他,其他,其他,國輪,商船,其他,1
10603,其他,其他,其他,國輪,商船,機器故障,3
10603,其他,其他,其他,國輪,商船,機器故障,1
10603,我國海域,港區內,高雄港,國輪,漁船,機器故障,1
10603,我國海域,港區內,基隆港,外輪,漁船,與其他物碰撞,1
10603,我國海域,港區內,高雄港,外輪,漁船,失火,1
10603,我國海域,港區內,臺中港,外輪,漁船,其他,1
10603,我國海域,港區內,臺中港,外輪,漁船,其他,1
10603,其他,其他,其他,外輪,漁船,失火,1
10603,其他,其他,其他,外輪,漁船,非常變故,6
10603,其他,其他,其他,外輪,漁船,非常變故,7
10604,其他,其他,其他,國輪,商船,兩船碰撞,1
10604,我國海域,港區內,花蓮港,國輪,商船,兩船碰撞,1
10604,我國海域,港區內,花蓮港,國輪,商船,機器故障,1
10604,其他,其他,其他,國輪,商船,失火,1
10604,其他,其他,其他,國輪,商船,其他,1
10604,其他,其他,其他,國輪,商船,機器故障,1
10604,我國海域,港區內,基隆港,國輪,漁船,與其他物碰撞,1
10604,我國海域,港區內,高雄港,國輪,漁船,兩船碰撞,1
10604,我國海域,港區內,高雄港,外輪,漁船,與其他物碰撞,1
10604,我國海域,港區內,臺中港,外輪,漁船,兩船碰撞,1
10604,我國海域,港區內,臺中港,外輪,漁船,其他,1
10604,我國海域,港區內,臺中港,外輪,漁船,兩船碰撞,1
10604,其他,其他,其他,國輪,漁船,其他,1
10604,其他,其他,其他,國輪,漁船,機器故障,1
10604,其他,其他,其他,外輪,漁船,其他,1
10604,其他,其他,其他,外輪,漁船,兩船碰撞,1
10604,其他,其他,其他,外輪,漁船,非常變故,4
10604,其他,其他,其他,外輪,漁船,兩船碰撞,1
10604,其他,其他,其他,外輪,漁船,與其他物碰撞,1
10604,其他,其他,其他,外輪,漁船,非常變故,3
10605,我國海域,港區內,高雄港,國輪,商船,兩船碰撞,1
10605,其他,其他,其他,國輪,商船,兩船碰撞,1
10605,其他,其他,其他,國輪,商船,失火,1
10605,其他,其他,其他,國輪,商船,其他,1
10605,其他,其他,其他,國輪,商船,兩船碰撞,1
10605,其他,其他,其他,國輪,商船,機器故障,1
10605,其他,其他,其他,國輪,商船,其他,1
10605,其他,其他,其他,國輪,漁船,機器故障,1
10605,其他,其他,其他,國輪,漁船,其他,1
10605,其他,其他,其他,國輪,漁船,觸礁或擱淺,1
10605,其他,其他,其他,國輪,漁船,其他,1
10605,其他,其他,其他,外輪,漁船,非常變故,2
10605,其他,其他,其他,外輪,漁船,非常變故,2
10605,我國海域,港區內,高雄港,國輪,其他,兩船碰撞,1
10605,其他,其他,其他,國輪,其他,觸礁或擱淺,1
10606,其他,其他,其他,國輪,商船,失火,1
10606,其他,其他,其他,國輪,商船,兩船碰撞,1
10606,其他,其他,其他,國輪,商船,失火,1
10606,其他,其他,其他,國輪,商船,機器故障,1
10606,其他,其他,其他,國輪,商船,觸礁或擱淺,1
10606,其他,其他,其他,國輪,商船,機器故障,2
10606,其他,其他,其他,國輪,漁船,非常變故,1
10606,我國海域,港區內,臺中港,外輪,漁船,兩船碰撞,1
10606,其他,其他,其他,國輪,漁船,觸礁或擱淺,1
10606,其他,其他,其他,外輪,漁船,機器故障,1
10606,其他,其他,其他,外輪,漁船,其他,1
10606,其他,其他,其他,外輪,漁船,非常變故,2
10606,其他,其他,其他,外輪,漁船,非常變故,3
10606,其他,其他,其他,國輪,其他,傾覆,1
10607,我國海域,港區內,高雄港,國輪,商船,其他,1
10607,其他,其他,其他,國輪,商船,其他,1
10607,其他,其他,其他,國輪,商船,其他,1
10607,其他,其他,其他,國輪,商船,失火,1
10607,其他,其他,其他,國輪,商船,機器故障,1
10607,其他,其他,其他,國輪,商船,機器故障,1
10607,其他,其他,其他,國輪,商船,兩船碰撞,1
10607,其他,其他,其他,國輪,商船,機器故障,1
10607,我國海域,港區內,基隆港,國輪,漁船,兩船碰撞,1
10607,我國海域,港區內,花蓮港,外輪,漁船,非常變故,1
10607,我國海域,港區內,高雄港,外輪,漁船,其他,1
10607,我國海域,港區內,高雄港,外輪,漁船,與其他物碰撞,1
10607,我國海域,港區內,高雄港,外輪,漁船,其他,1
10607,其他,其他,其他,外輪,漁船,觸礁或擱淺,1
10607,其他,其他,其他,外輪,漁船,非常變故,5
10607,其他,其他,其他,外輪,漁船,其他,1
10607,其他,其他,其他,外輪,漁船,機器故障,1
10607,其他,其他,其他,外輪,漁船,非常變故,2
10607,其他,其他,其他,國輪,其他,其他,1
10608,其他,其他,其他,國輪,商船,失火,1
10608,其他,其他,其他,國輪,商船,兩船碰撞,3
10608,其他,其他,其他,國輪,商船,失火,2
10608,其他,其他,其他,國輪,商船,機器故障,3
10608,其他,其他,其他,國輪,商船,其他,1
10608,其他,其他,其他,國輪,商船,兩船碰撞,1
10608,其他,其他,其他,國輪,商船,機器故障,1
10608,其他,其他,其他,國輪,商船,其他,1
10608,其他,其他,其他,國輪,商船,觸礁或擱淺,1
10608,其他,其他,其他,國輪,商船,失火,1
10608,其他,其他,其他,國輪,商船,機器故障,1
10608,我國海域,港區內,臺中港,國輪,漁船,與其他物碰撞,1
10608,我國海域,港區內,高雄港,外輪,漁船,兩船碰撞,2
10608,其他,其他,其他,國輪,漁船,兩船碰撞,1
10608,其他,其他,其他,外輪,漁船,觸礁或擱淺,1
10608,其他,其他,其他,外輪,漁船,非常變故,1
10608,其他,其他,其他,外輪,漁船,非常變故,2
10608,我國海域,港區內,高雄港,外輪,其他,與其他物碰撞,1
10609,其他,其他,其他,國輪,商船,其他,1
10609,其他,其他,其他,國輪,商船,失火,1
10609,其他,其他,其他,國輪,商船,其他,2
10609,其他,其他,其他,國輪,商船,兩船碰撞,2
10609,其他,其他,其他,國輪,商船,機器故障,2
10609,其他,其他,其他,國輪,商船,其他,1
10609,我國海域,港區內,基隆港,國輪,商船,兩船碰撞,1
10609,其他,其他,其他,國輪,商船,傾覆,1
10609,我國海域,港區內,基隆港,國輪,漁船,其他,1
10609,我國海域,港區內,台北港,外輪,漁船,其他,1
10609,我國海域,港區內,台北港,外輪,漁船,其他,1
10010,其他,其他,其他,國輪,商船,機器故障,3
10010,其他,其他,其他,國輪,商船,其他,1
10010,我國海域,港區內,基隆港,國輪,商船,兩船碰撞,1
10010,我國海域,港區內,基隆港,國輪,商船,觸礁或擱淺,1
10010,其他,其他,其他,國輪,商船,機器故障,3
10010,其他,其他,其他,國輪,商船,其他,1
10010,其他,其他,其他,外輪,漁船,非常變故,1
10010,其他,其他,其他,國輪,漁船,機器故障,1
10010,其他,其他,其他,外輪,漁船,觸礁或擱淺,1
10010,其他,其他,其他,外輪,漁船,觸礁或擱淺,1
10010,我國海域,港區內,基隆港,外輪,漁船,非常變故,1
10010,其他,其他,其他,國輪,漁船,非常變故,1
10010,其他,其他,其他,外輪,漁船,非常變故,6
10010,其他,其他,其他,外輪,漁船,機器故障,1
10010,其他,其他,其他,外輪,漁船,非常變故,4
10011,其他,其他,其他,國輪,商船,兩船碰撞,1
10011,其他,其他,其他,國輪,商船,機器故障,4
10011,其他,其他,其他,國輪,商船,非常變故,1
10011,其他,其他,其他,國輪,商船,其他,4
10011,我國海域,港區內,基隆港,國輪,商船,機器故障,1
10011,我國海域,港區內,基隆港,國輪,商船,其他,1
10011,我國海域,港區內,臺中港,國輪,商船,兩船碰撞,1
10011,其他,其他,其他,國輪,商船,兩船碰撞,1
10011,其他,其他,其他,國輪,商船,兩船碰撞,1
10011,我國海域,港區內,台北港,國輪,漁船,其他,1
10011,我國海域,港區內,臺中港,外輪,漁船,兩船碰撞,1
10011,我國海域,港區內,臺中港,外輪,漁船,失火,1
10011,其他,其他,其他,外輪,漁船,兩船碰撞,1
10011,其他,其他,其他,外輪,漁船,非常變故,1
10011,其他,其他,其他,外輪,漁船,非常變故,2
10011,其他,其他,其他,外輪,漁船,兩船碰撞,1
10011,其他,其他,其他,外輪,漁船,兩船碰撞,1
10011,我國海域,港區內,臺中港,外輪,漁船,兩船碰撞,1
10011,其他,其他,其他,外輪,漁船,非常變故,6
10011,其他,其他,其他,外輪,漁船,觸礁或擱淺,1
10011,其他,其他,其他,外輪,漁船,非常變故,1
10011,我國海域,港區內,高雄港,國輪,其他,機器故障,1
10011,其他,其他,其他,國輪,其他,洩漏,1
10011,我國海域,港區內,臺中港,國輪,其他,兩船碰撞,1
10011,其他,其他,其他,外輪,其他,其他,1
10012,其他,其他,其他,國輪,商船,觸礁或擱淺,1
10012,其他,其他,其他,國輪,商船,非常變故,1
10012,其他,其他,其他,國輪,商船,其他,1
10012,其他,其他,其他,國輪,商船,非常變故,1
10012,其他,其他,其他,國輪,商船,兩船碰撞,2
10012,其他,其他,其他,國輪,商船,失火,1
10012,其他,其他,其他,國輪,商船,機器故障,1
10012,其他,其他,其他,國輪,商船,其他,2
10012,其他,其他,其他,外輪,漁船,與其他物碰撞,1
10012,我國海域,港區內,臺中港,外輪,漁船,兩船碰撞,4
10012,我國海域,港區內,臺中港,外輪,漁船,與其他物碰撞,3
10012,我國海域,港區內,臺中港,外輪,漁船,觸礁或擱淺,1
10012,其他,其他,其他,國輪,漁船,兩船碰撞,1
10012,其他,其他,其他,國輪,漁船,機器故障,1
10012,其他,其他,其他,國輪,漁船,機器故障,1
10012,其他,其他,其他,外輪,漁船,其他,1
10012,其他,其他,其他,外輪,漁船,非常變故,7
10012,我國海域,港區內,高雄港,外輪,漁船,與其他物碰撞,1
10012,其他,其他,其他,外輪,漁船,非常變故,6
10012,其他,其他,其他,國輪,漁船,洩漏,1
10012,其他,其他,其他,外輪,漁船,非常變故,6
10012,我國海域,港區內,臺中港,國輪,其他,其他,1
10012,其他,其他,其他,國輪,其他,非常變故,1
10012,其他,其他,其他,外輪,其他,非常變故,1
10101,其他,其他,其他,國輪,商船,其他,2
10101,其他,其他,其他,國輪,商船,機器故障,1
10101,其他,其他,其他,國輪,商船,失火,1
10101,其他,其他,其他,國輪,商船,機器故障,1
10101,其他,其他,其他,國輪,商船,其他,1
10101,其他,其他,其他,國輪,商船,非常變故,1
10101,我國海域,港區內,高雄港,國輪,漁船,其他,1
10101,我國海域,港區內,高雄港,外輪,漁船,兩船碰撞,2
10101,我國海域,港區內,高雄港,外輪,漁船,與其他物碰撞,1
10101,我國海域,港區內,高雄港,外輪,漁船,其他,1
10101,其他,其他,其他,國輪,漁船,機器故障,1
10101,其他,其他,其他,外輪,漁船,其他,1
10101,我國海域,港區內,基隆港,外輪,漁船,機器故障,1
10101,其他,其他,其他,國輪,漁船,非常變故,1
10101,其他,其他,其他,外輪,漁船,非常變故,8
10101,其他,其他,其他,外輪,漁船,機器故障,1
10101,其他,其他,其他,外輪,漁船,非常變故,1
10101,我國海域,港區內,蘇澳港,外輪,漁船,非常變故,1
10101,我國海域,港區內,高雄港,外輪,其他,兩船碰撞,1
10101,其他,其他,其他,外輪,其他,非常變故,1
10102,我國海域,港區內,安平港,國輪,商船,機器故障,1
10102,其他,其他,其他,國輪,商船,觸礁或擱淺,1
10102,其他,其他,其他,國輪,商船,兩船碰撞,1
10102,其他,其他,其他,國輪,商船,觸礁或擱淺,1
10102,其他,其他,其他,國輪,商船,機器故障,1
10102,其他,其他,其他,國輪,商船,其他,2
10102,我國海域,港區內,基隆港,國輪,商船,觸礁或擱淺,1
10102,其他,其他,其他,國輪,商船,其他,2
10102,我國海域,港區內,高雄港,國輪,漁船,其他,1
10102,我國海域,港區內,基隆港,外輪,漁船,與其他物碰撞,1
10102,我國海域,港區內,高雄港,外輪,漁船,與其他物碰撞,1
10102,其他,其他,其他,國輪,漁船,非常變故,1
10102,其他,其他,其他,國輪,漁船,傾覆,1
10102,其他,其他,其他,外輪,漁船,觸礁或擱淺,1
10102,其他,其他,其他,外輪,漁船,機器故障,1
10102,其他,其他,其他,外輪,漁船,非常變故,2
10102,我國海域,港區內,基隆港,外輪,漁船,與其他物碰撞,1
10102,我國海域,港區內,基隆港,外輪,漁船,爆炸,1
10102,其他,其他,其他,外輪,漁船,非常變故,5
10102,其他,其他,其他,外輪,漁船,非常變故,3
10103,其他,其他,其他,國輪,商船,機器故障,1
10103,其他,其他,其他,國輪,商船,其他,4
10103,其他,其他,其他,國輪,商船,機器故障,2
10103,其他,其他,其他,國輪,商船,其他,1
10103,我國海域,港區內,基隆港,外輪,漁船,與其他物碰撞,1
10103,我國海域,港區內,高雄港,外輪,漁船,兩船碰撞,1
10103,我國海域,港區內,台北港,外輪,漁船,其他,1
10103,我國海域,港區內,臺中港,外輪,漁船,洩漏,1
10103,其他,其他,其他,外輪,漁船,與其他物碰撞,1
10103,其他,其他,其他,外輪,漁船,非常變故,2
10103,其他,其他,其他,外輪,漁船,非常變故,3
10104,其他,其他,其他,國輪,商船,兩船碰撞,1
10104,其他,其他,其他,國輪,商船,機器故障,1
10104,我國海域,港區內,基隆港,國輪,商船,傾覆,1
10104,我國海域,港區內,基隆港,國輪,商船,其他,1
10104,我國海域,港區內,臺中港,國輪,商船,失火,1
10104,其他,其他,其他,外輪,漁船,其他,1
10104,其他,其他,其他,外輪,漁船,非常變故,6
10104,其他,其他,其他,外輪,漁船,非常變故,4
10104,我國海域,港區內,臺中港,外輪,漁船,非常變故,1
10105,其他,其他,其他,國輪,商船,機器故障,4
10105,我國海域,港區內,基隆港,國輪,商船,其他,1
10105,我國海域,港區內,安平港,國輪,漁船,洩漏,1
10105,其他,其他,其他,外輪,漁船,非常變故,6
10105,其他,其他,其他,外輪,漁船,非常變故,2
10106,我國海域,港區內,花蓮港,國輪,漁船,與其他物碰撞,1
10106,我國海域,港區內,臺中港,國輪,漁船,兩船碰撞,2
10106,其他,其他,其他,國輪,漁船,機器故障,1
10106,其他,其他,其他,外輪,漁船,非常變故,3
10106,其他,其他,其他,國輪,漁船,其他,1
10106,其他,其他,其他,外輪,漁船,非常變故,1
10106,其他,其他,其他,國輪,其他,其他,1
10107,其他,其他,其他,國輪,商船,機器故障,2
10107,其他,其他,其他,國輪,商船,其他,1
10107,其他,其他,其他,國輪,商船,機器故障,3
10107,我國海域,港區內,基隆港,外輪,漁船,其他,1
10107,其他,其他,其他,國輪,漁船,機器故障,4
10107,其他,其他,其他,外輪,漁船,與其他物碰撞,1
10107,我國海域,港區內,基隆港,外輪,漁船,其他,1
10107,我國海域,港區內,基隆港,外輪,漁船,非常變故,4
10107,其他,其他,其他,外輪,漁船,非常變故,3
10107,其他,其他,其他,外輪,漁船,非常變故,1
10107,我國海域,港區內,基隆港,國輪,其他,兩船碰撞,2
10108,我國海域,港區內,基隆港,國輪,商船,兩船碰撞,3
10108,其他,其他,其他,國輪,商船,失火,2
10108,其他,其他,其他,國輪,商船,機器故障,1
10108,其他,其他,其他,國輪,商船,其他,1
10108,其他,其他,其他,外輪,漁船,非常變故,1
10108,我國海域,港區內,台北港,外輪,漁船,與其他物碰撞,1
10108,其他,其他,其他,外輪,漁船,洩漏,1
10108,其他,其他,其他,外輪,漁船,非常變故,4
10108,其他,其他,其他,外輪,漁船,非常變故,4
10109,其他,其他,其他,國輪,商船,觸礁或擱淺,1
10109,其他,其他,其他,國輪,商船,失火,2
10109,其他,其他,其他,國輪,商船,機器故障,1
10109,其他,其他,其他,國輪,商船,其他,1
10109,其他,其他,其他,國輪,商船,機器故障,2
10109,其他,其他,其他,國輪,商船,其他,1
10109,其他,其他,其他,國輪,商船,機器故障,1
10109,我國海域,港區內,高雄港,國輪,漁船,兩船碰撞,1
10109,我國海域,港區內,臺中港,國輪,漁船,與其他物碰撞,1
10109,我國海域,港區內,高雄港,外輪,漁船,與其他物碰撞,1
10109,我國海域,港區內,臺中港,外輪,漁船,機器故障,1
10109,其他,其他,其他,外輪,漁船,非常變故,1
10109,其他,其他,其他,外輪,漁船,非常變故,1
10109,其他,其他,其他,國輪,漁船,非常變故,2
10109,其他,其他,其他,外輪,漁船,其他,1
10109,其他,其他,其他,外輪,漁船,非常變故,4
10109,我國海域,港區內,基隆港,外輪,漁船,非常變故,1
10109,其他,其他,其他,國輪,其他,兩船碰撞,1
10110,我國海域,港區內,基隆港,國輪,商船,失火,2
10110,其他,其他,其他,國輪,商船,機器故障,1
10110,其他,其他,其他,國輪,商船,失火,1
10110,其他,其他,其他,國輪,商船,傾覆,1
10110,其他,其他,其他,國輪,商船,機器故障,1
10110,其他,其他,其他,國輪,商船,其他,3
10110,我國海域,港區內,基隆港,國輪,商船,兩船碰撞,1
10110,其他,其他,其他,國輪,商船,其他,1
10110,其他,其他,其他,國輪,商船,其他,2
10110,我國海域,港區內,花蓮港,外輪,漁船,非常變故,1
10110,其他,其他,其他,國輪,漁船,觸礁或擱淺,1
10110,其他,其他,其他,國輪,漁船,機器故障,1
10110,我國海域,港區內,高雄港,國輪,漁船,兩船碰撞,1
10110,我國海域,港區內,基隆港,外輪,漁船,非常變故,2
10110,其他,其他,其他,外輪,漁船,非常變故,5
10111,其他,其他,其他,國輪,商船,觸礁或擱淺,1
10111,其他,其他,其他,國輪,商船,失火,1
10111,其他,其他,其他,國輪,商船,其他,2
10111,其他,其他,其他,國輪,商船,機器故障,1
10111,我國海域,港區內,基隆港,國輪,漁船,其他,1
10111,我國海域,港區內,基隆港,外輪,漁船,觸礁或擱淺,3
10111,我國海域,港區內,基隆港,外輪,漁船,非常變故,2
10111,其他,其他,其他,外輪,漁船,非常變故,1
10111,其他,其他,其他,國輪,漁船,其他,2
10111,其他,其他,其他,外輪,漁船,非常變故,3
10111,其他,其他,其他,國輪,其他,其他,1
10112,其他,其他,其他,國輪,商船,觸礁或擱淺,1
10112,其他,其他,其他,國輪,商船,失火,1
10112,其他,其他,其他,國輪,商船,機器故障,1
10112,其他,其他,其他,國輪,商船,其他,1
10112,其他,其他,其他,國輪,商船,兩船碰撞,1
10112,其他,其他,其他,國輪,商船,機器故障,3
10112,我國海域,港區內,基隆港,國輪,漁船,機器故障,1
10112,我國海域,港區內,高雄港,國輪,漁船,兩船碰撞,1
10112,我國海域,港區內,基隆港,外輪,漁船,其他,2
10112,我國海域,港區內,高雄港,外輪,漁船,兩船碰撞,1
10112,我國海域,港區內,高雄港,外輪,漁船,其他,1
10112,其他,其他,其他,外輪,漁船,機器故障,1
10112,其他,其他,其他,外輪,漁船,其他,2
10112,我國海域,港區內,基隆港,外輪,漁船,其他,1
10112,我國海域,港區內,基隆港,外輪,漁船,非常變故,1
10112,其他,其他,其他,外輪,漁船,爆炸,1
10112,其他,其他,其他,外輪,漁船,非常變故,4
10112,我國海域,港區內,高雄港,外輪,其他,兩船碰撞,1
10201,其他,其他,其他,國輪,商船,其他,4
10201,其他,其他,其他,國輪,商船,機器故障,1
10201,其他,其他,其他,國輪,商船,其他,1
10201,其他,其他,其他,國輪,商船,機器故障,1
10201,其他,其他,其他,國輪,漁船,觸礁或擱淺,1
10201,其他,其他,其他,國輪,漁船,觸礁或擱淺,1
10201,其他,其他,其他,外輪,漁船,觸礁或擱淺,1
10201,其他,其他,其他,外輪,漁船,非常變故,19
10201,其他,其他,其他,國輪,其他,觸礁或擱淺,1
10202,其他,其他,其他,國輪,商船,觸礁或擱淺,1
10202,其他,其他,其他,國輪,商船,傾覆,2
10202,其他,其他,其他,國輪,商船,其他,2
10202,其他,其他,其他,國輪,商船,其他,1
10202,我國海域,港區內,臺中港,國輪,漁船,傾覆,1
10202,我國海域,港區內,高雄港,外輪,漁船,兩船碰撞,2
10202,其他,其他,其他,外輪,漁船,機器故障,1
10202,其他,其他,其他,外輪,漁船,非常變故,1
10202,我國海域,港區內,台北港,外輪,漁船,非常變故,1
10202,其他,其他,其他,國輪,漁船,兩船碰撞,1
10202,其他,其他,其他,外輪,漁船,非常變故,6
10203,其他,其他,其他,國輪,商船,失火,1
10203,其他,其他,其他,國輪,商船,傾覆,1
10203,其他,其他,其他,國輪,商船,其他,2
10203,我國海域,港區內,高雄港,國輪,商船,兩船碰撞,1
10203,其他,其他,其他,國輪,商船,機器故障,1
10203,其他,其他,其他,國輪,商船,其他,1
10203,其他,其他,其他,國輪,商船,非常變故,1
10203,我國海域,港區內,臺中港,國輪,漁船,兩船碰撞,1
10203,我國海域,港區內,臺中港,外輪,漁船,與其他物碰撞,1
10203,其他,其他,其他,外輪,漁船,與其他物碰撞,2
10203,其他,其他,其他,外輪,漁船,觸礁或擱淺,1
10203,其他,其他,其他,外輪,漁船,其他,1
10203,其他,其他,其他,外輪,漁船,非常變故,1
10203,我國海域,港區內,高雄港,外輪,漁船,兩船碰撞,2
10203,我國海域,港區內,高雄港,外輪,漁船,觸礁或擱淺,1
10203,其他,其他,其他,外輪,漁船,非常變故,1
10203,我國海域,港區內,基隆港,外輪,漁船,與其他物碰撞,1
10203,其他,其他,其他,國輪,漁船,非常變故,1
10203,其他,其他,其他,外輪,漁船,非常變故,1
10203,其他,其他,其他,外輪,漁船,其他,1
10203,其他,其他,其他,外輪,漁船,非常變故,8
10203,其他,其他,其他,外輪,其他,其他,1
10204,其他,其他,其他,國輪,商船,兩船碰撞,2
10204,其他,其他,其他,國輪,商船,失火,1
10204,其他,其他,其他,國輪,商船,機器故障,5
10204,其他,其他,其他,國輪,商船,其他,1
10204,我國海域,港區內,高雄港,國輪,漁船,其他,1
10204,其他,其他,其他,外輪,漁船,與其他物碰撞,1
10204,其他,其他,其他,國輪,漁船,兩船碰撞,1
10204,其他,其他,其他,外輪,漁船,兩船碰撞,1
10204,其他,其他,其他,外輪,漁船,機器故障,1
10204,其他,其他,其他,外輪,漁船,非常變故,1
10204,其他,其他,其他,國輪,漁船,觸礁或擱淺,1
10204,其他,其他,其他,外輪,漁船,非常變故,6
10205,其他,其他,其他,國輪,商船,失火,1
10205,其他,其他,其他,國輪,商船,其他,1
10205,其他,其他,其他,國輪,商船,其他,1
10205,其他,其他,其他,國輪,商船,兩船碰撞,1
10205,其他,其他,其他,國輪,商船,失火,2
10205,其他,其他,其他,國輪,商船,機器故障,2
10205,其他,其他,其他,國輪,商船,其他,1
10205,我國海域,港區內,高雄港,外輪,漁船,與其他物碰撞,1
10205,其他,其他,其他,國輪,漁船,兩船碰撞,1
10205,其他,其他,其他,外輪,漁船,非常變故,8
10206,其他,其他,其他,國輪,商船,失火,1
10206,其他,其他,其他,國輪,商船,觸礁或擱淺,1
10206,其他,其他,其他,國輪,商船,失火,2
10206,其他,其他,其他,國輪,商船,機器故障,4
10206,其他,其他,其他,國輪,商船,其他,1
10206,其他,其他,其他,國輪,商船,機器故障,1
10206,其他,其他,其他,國輪,商船,機器故障,2
10206,我國海域,港區內,高雄港,國輪,漁船,兩船碰撞,1
10206,我國海域,港區內,高雄港,外輪,漁船,兩船碰撞,1
10206,我國海域,港區內,高雄港,外輪,漁船,與其他物碰撞,1
10206,其他,其他,其他,國輪,漁船,機器故障,1
10206,其他,其他,其他,國輪,漁船,其他,1
10206,其他,其他,其他,外輪,漁船,其他,1
10206,其他,其他,其他,外輪,漁船,非常變故,6
10207,我國海域,港區內,基隆港,國輪,商船,兩船碰撞,2
10207,我國海域,港區內,台北港,國輪,商船,觸礁或擱淺,1
10207,其他,其他,其他,國輪,商船,兩船碰撞,1
10207,其他,其他,其他,國輪,商船,機器故障,2
10207,其他,其他,其他,國輪,商船,非常變故,1
10207,其他,其他,其他,國輪,商船,其他,2
10207,其他,其他,其他,國輪,商船,非常變故,1
10207,其他,其他,其他,國輪,商船,機器故障,1
10207,其他,其他,其他,國輪,商船,機器故障,1
10207,其他,其他,其他,國輪,商船,其他,3
10207,我國海域,港區內,高雄港,國輪,漁船,兩船碰撞,1
10207,我國海域,港區內,高雄港,外輪,漁船,兩船碰撞,1
10207,我國海域,港區內,高雄港,外輪,漁船,與其他物碰撞,1
10207,其他,其他,其他,外輪,漁船,非常變故,2
10207,其他,其他,其他,國輪,漁船,非常變故,1
10207,其他,其他,其他,外輪,漁船,其他,1
10207,其他,其他,其他,外輪,漁船,非常變故,7
10207,我國海域,港區內,基隆港,國輪,其他,兩船碰撞,1
10208,其他,其他,其他,國輪,商船,兩船碰撞,1
10208,其他,其他,其他,國輪,商船,觸礁或擱淺,2
10208,其他,其他,其他,國輪,商船,失火,1
10208,其他,其他,其他,國輪,商船,傾覆,1
10208,其他,其他,其他,國輪,商船,機器故障,1
10208,其他,其他,其他,國輪,商船,其他,1
10208,其他,其他,其他,國輪,商船,兩船碰撞,1
10208,其他,其他,其他,國輪,商船,機器故障,2
10208,其他,其他,其他,國輪,商船,其他,1
10208,其他,其他,其他,國輪,漁船,機器故障,1
10208,我國海域,港區內,高雄港,外輪,漁船,與其他物碰撞,1
10208,其他,其他,其他,國輪,漁船,其他,1
10208,其他,其他,其他,外輪,漁船,非常變故,9
10209,其他,其他,其他,國輪,商船,非常變故,1
10209,其他,其他,其他,國輪,商船,兩船碰撞,1
10209,其他,其他,其他,國輪,商船,傾覆,1
10209,其他,其他,其他,國輪,商船,機器故障,1
10209,其他,其他,其他,國輪,商船,其他,1
10209,其他,其他,其他,國輪,商船,非常變故,1
10209,其他,其他,其他,國輪,商船,其他,1
10209,其他,其他,其他,國輪,商船,兩船碰撞,1
10209,其他,其他,其他,國輪,商船,其他,2
10209,我國海域,港區內,基隆港,外輪,漁船,與其他物碰撞,1
10209,我國海域,港區內,高雄港,外輪,漁船,與其他物碰撞,1
10209,我國海域,港區內,台北港,外輪,漁船,與其他物碰撞,1
10209,其他,其他,其他,國輪,漁船,其他,1
10209,其他,其他,其他,外輪,漁船,機器故障,1
10209,其他,其他,其他,外輪,漁船,其他,1
10209,其他,其他,其他,外輪,漁船,非常變故,1
10209,其他,其他,其他,外輪,漁船,與其他物碰撞,1
10209,其他,其他,其他,外輪,漁船,非常變故,6
10210,其他,其他,其他,國輪,商船,兩船碰撞,1
10210,其他,其他,其他,國輪,商船,機器故障,1
10210,其他,其他,其他,國輪,商船,其他,1
10210,其他,其他,其他,國輪,商船,兩船碰撞,1
10210,其他,其他,其他,國輪,商船,其他,1
10210,其他,其他,其他,國輪,漁船,其他,1
10210,我國海域,港區內,高雄港,國輪,漁船,與其他物碰撞,1
10210,我國海域,港區內,蘇澳港,國輪,漁船,與其他物碰撞,1
10210,我國海域,港區內,高雄港,外輪,漁船,機器故障,1
10210,我國海域,港區內,臺中港,外輪,漁船,其他,1
10210,其他,其他,其他,外輪,漁船,兩船碰撞,2
10210,其他,其他,其他,外輪,漁船,傾覆,1
10210,其他,其他,其他,外輪,漁船,機器故障,1
10210,其他,其他,其他,外輪,漁船,其他,2
10210,其他,其他,其他,外輪,漁船,非常變故,1
10210,其他,其他,其他,外輪,漁船,非常變故,2
10210,我國海域,港區內,花蓮港,外輪,漁船,與其他物碰撞,1
10210,其他,其他,其他,外輪,漁船,非常變故,6
10210,我國海域,港區內,基隆港,國輪,其他,觸礁或擱淺,1
10210,我國海域,港區內,臺中港,國輪,其他,非常變故,1
10210,我國海域,港區內,臺中港,國輪,其他,其他,1
10211,我國海域,港區內,高雄港,國輪,商船,兩船碰撞,1
10211,其他,其他,其他,國輪,商船,兩船碰撞,5
10211,其他,其他,其他,國輪,商船,觸礁或擱淺,2
10211,其他,其他,其他,國輪,商船,失火,3
10211,其他,其他,其他,國輪,商船,傾覆,1
10211,其他,其他,其他,國輪,商船,非常變故,2
10211,其他,其他,其他,國輪,商船,其他,1
10211,其他,其他,其他,國輪,商船,失火,1
10211,其他,其他,其他,國輪,商船,傾覆,1
10211,其他,其他,其他,國輪,商船,機器故障,2
10211,其他,其他,其他,國輪,商船,其他,1
10211,我國海域,港區內,高雄港,外輪,漁船,兩船碰撞,1
10211,其他,其他,其他,國輪,漁船,觸礁或擱淺,1
10211,其他,其他,其他,外輪,漁船,非常變故,11
10211,我國海域,港區內,臺中港,外輪,其他,兩船碰撞,1
10212,其他,其他,其他,國輪,商船,兩船碰撞,2
10212,其他,其他,其他,國輪,商船,觸礁或擱淺,1
10212,其他,其他,其他,國輪,商船,機器故障,3
10212,其他,其他,其他,國輪,商船,觸礁或擱淺,1
10212,其他,其他,其他,國輪,商船,機器故障,1
10212,其他,其他,其他,國輪,商船,其他,1
10212,其他,其他,其他,國輪,商船,兩船碰撞,1
10212,其他,其他,其他,國輪,商船,其他,1
10212,我國海域,港區內,高雄港,國輪,漁船,兩船碰撞,1
10212,我國海域,港區內,高雄港,外輪,漁船,兩船碰撞,1
10212,其他,其他,其他,外輪,漁船,兩船碰撞,1
10212,我國海域,港區內,台北港,外輪,漁船,與其他物碰撞,1
10212,其他,其他,其他,國輪,漁船,其他,1
10212,其他,其他,其他,外輪,漁船,其他,1
10212,其他,其他,其他,外輪,漁船,非常變故,3
10212,其他,其他,其他,國輪,漁船,非常變故,1
10212,其他,其他,其他,外輪,漁船,非常變故,12
10212,我國海域,港區內,臺中港,國輪,其他,洩漏,1
10301,其他,其他,其他,國輪,商船,失火,2
10301,其他,其他,其他,國輪,商船,傾覆,2
10301,其他,其他,其他,國輪,商船,兩船碰撞,1
10301,其他,其他,其他,國輪,商船,失火,1
10301,其他,其他,其他,國輪,商船,機器故障,1
10301,其他,其他,其他,國輪,商船,其他,1
10301,其他,其他,其他,國輪,商船,機器故障,1
10301,我國海域,港區內,基隆港,外輪,漁船,與其他物碰撞,1
10301,我國海域,港區內,臺中港,外輪,漁船,與其他物碰撞,1
10301,我國海域,港區內,臺中港,外輪,漁船,其他,2
10301,其他,其他,其他,外輪,漁船,兩船碰撞,1
10301,其他,其他,其他,外輪,漁船,其他,1
10301,其他,其他,其他,外輪,漁船,非常變故,2
10301,其他,其他,其他,外輪,漁船,其他,1
10301,其他,其他,其他,外輪,漁船,非常變故,10
10301,我國海域,港區內,臺中港,國輪,其他,兩船碰撞,1
10302,其他,其他,其他,國輪,商船,失火,5
10302,其他,其他,其他,國輪,商船,與其他物碰撞,1
10302,其他,其他,其他,國輪,商船,觸礁或擱淺,1
10302,其他,其他,其他,國輪,商船,失火,1
10302,其他,其他,其他,國輪,商船,機器故障,3
10302,其他,其他,其他,國輪,商船,其他,1
10302,其他,其他,其他,國輪,商船,失火,1
10302,我國海域,港區內,高雄港,國輪,漁船,與其他物碰撞,1
10302,我國海域,港區內,基隆港,外輪,漁船,其他,1
10302,我國海域,港區內,高雄港,外輪,漁船,兩船碰撞,2
10302,其他,其他,其他,外輪,漁船,非常變故,1
10302,其他,其他,其他,外輪,漁船,爆炸,1
10302,其他,其他,其他,外輪,漁船,非常變故,2
10302,其他,其他,其他,外輪,漁船,非常變故,7
10303,其他,其他,其他,國輪,商船,觸礁或擱淺,1
10303,其他,其他,其他,國輪,商船,機器故障,5
10303,其他,其他,其他,國輪,商船,其他,2
10303,其他,其他,其他,國輪,商船,機器故障,1
10303,我國海域,港區內,基隆港,外輪,漁船,其他,1
10303,我國海域,港區內,高雄港,外輪,漁船,兩船碰撞,1
10303,我國海域,港區內,高雄港,外輪,漁船,與其他物碰撞,1
10303,其他,其他,其他,外輪,漁船,與其他物碰撞,1
10303,其他,其他,其他,國輪,漁船,其他,1
10303,其他,其他,其他,外輪,漁船,其他,1
10303,其他,其他,其他,外輪,漁船,其他,1
10303,其他,其他,其他,外輪,漁船,非常變故,1
10303,其他,其他,其他,外輪,漁船,機器故障,1
10303,其他,其他,其他,外輪,漁船,非常變故,7
10303,我國海域,港區內,臺中港,國輪,其他,其他,1
10304,其他,其他,其他,國輪,商船,觸礁或擱淺,2
10304,其他,其他,其他,國輪,商船,其他,1
10304,其他,其他,其他,國輪,商船,機器故障,2
10304,我國海域,港區內,高雄港,國輪,漁船,兩船碰撞,1
10304,我國海域,港區內,高雄港,外輪,漁船,兩船碰撞,6
10304,我國海域,港區內,高雄港,外輪,漁船,機器故障,1
10304,其他,其他,其他,外輪,漁船,非常變故,3
10304,其他,其他,其他,外輪,漁船,非常變故,8
10304,我國海域,港區內,高雄港,外輪,其他,兩船碰撞,1
10304,我國海域,港區內,高雄港,國輪,其他,洩漏,1
10305,其他,其他,其他,國輪,商船,觸礁或擱淺,1
10305,其他,其他,其他,國輪,商船,其他,1
10305,其他,其他,其他,國輪,商船,傾覆,1
10305,其他,其他,其他,國輪,商船,機器故障,1
10305,其他,其他,其他,國輪,商船,失火,2
10305,其他,其他,其他,國輪,商船,機器故障,2
10305,我國海域,港區內,高雄港,外輪,漁船,兩船碰撞,1
10305,我國海域,港區內,臺中港,外輪,漁船,失火,1
10305,其他,其他,其他,國輪,漁船,其他,1
10305,其他,其他,其他,外輪,漁船,機器故障,1
10305,其他,其他,其他,外輪,漁船,兩船碰撞,2
10305,其他,其他,其他,外輪,漁船,非常變故,2
10305,其他,其他,其他,外輪,漁船,機器故障,1
10305,其他,其他,其他,外輪,漁船,非常變故,4
10306,其他,其他,其他,國輪,商船,觸礁或擱淺,1
10306,其他,其他,其他,國輪,商船,兩船碰撞,1
10306,其他,其他,其他,國輪,商船,失火,1
10306,其他,其他,其他,國輪,商船,機器故障,1
10306,其他,其他,其他,國輪,商船,其他,5
10306,其他,其他,其他,國輪,商船,失火,1
10306,其他,其他,其他,國輪,商船,其他,1
10306,我國海域,港區內,蘇澳港,國輪,漁船,兩船碰撞,1
10306,我國海域,港區內,高雄港,外輪,漁船,其他,1
10307,其他,其他,其他,國輪,商船,失火,1
10307,其他,其他,其他,國輪,商船,兩船碰撞,2
10307,其他,其他,其他,國輪,商船,觸礁或擱淺,1
10307,其他,其他,其他,國輪,商船,失火,1
10307,其他,其他,其他,國輪,商船,機器故障,1
10307,其他,其他,其他,國輪,商船,非常變故,1
10307,其他,其他,其他,國輪,商船,洩漏,1
10307,其他,其他,其他,國輪,商船,其他,1
10307,其他,其他,其他,國輪,商船,兩船碰撞,1
10307,其他,其他,其他,國輪,商船,機器故障,1
10307,其他,其他,其他,國輪,商船,非常變故,1
10307,其他,其他,其他,國輪,商船,其他,2
10307,我國海域,港區內,花蓮港,國輪,漁船,兩船碰撞,3
10307,我國海域,港區內,花蓮港,國輪,漁船,其他,2
10307,我國海域,港區內,臺中港,國輪,漁船,觸礁或擱淺,1
10307,我國海域,港區內,高雄港,外輪,漁船,與其他物碰撞,1
10307,我國海域,港區內,高雄港,外輪,漁船,觸礁或擱淺,1
10307,其他,其他,其他,國輪,漁船,其他,1
10307,其他,其他,其他,外輪,漁船,非常變故,2
10307,其他,其他,其他,外輪,漁船,非常變故,6
10307,我國海域,港區內,台北港,國輪,其他,觸礁或擱淺,1
10308,其他,其他,其他,國輪,商船,兩船碰撞,1
10308,其他,其他,其他,國輪,商船,觸礁或擱淺,1
10308,其他,其他,其他,國輪,商船,觸礁或擱淺,1
10308,其他,其他,其他,國輪,商船,其他,1
10308,我國海域,港區內,高雄港,國輪,漁船,兩船碰撞,1
10308,我國海域,港區內,臺中港,國輪,漁船,與其他物碰撞,1
10308,我國海域,港區內,高雄港,外輪,漁船,兩船碰撞,1
10308,我國海域,港區內,高雄港,外輪,漁船,洩漏,1
10308,我國海域,港區內,臺中港,外輪,漁船,與其他物碰撞,1
10308,其他,其他,其他,外輪,漁船,非常變故,3
10309,其他,其他,其他,國輪,商船,失火,1
10309,其他,其他,其他,國輪,商船,兩船碰撞,1
10309,其他,其他,其他,國輪,商船,失火,1
10309,其他,其他,其他,國輪,商船,機器故障,2
10309,其他,其他,其他,國輪,商船,其他,2
10309,其他,其他,其他,國輪,商船,兩船碰撞,1
10309,其他,其他,其他,國輪,商船,機器故障,1
10309,我國海域,港區內,花蓮港,國輪,漁船,與其他物碰撞,2
10309,我國海域,港區內,臺中港,國輪,漁船,非常變故,1
10309,我國海域,港區內,高雄港,外輪,漁船,與其他物碰撞,1
10309,我國海域,港區內,臺中港,外輪,漁船,機器故障,1
10309,其他,其他,其他,外輪,漁船,非常變故,2
10309,其他,其他,其他,外輪,漁船,觸礁或擱淺,1
10309,其他,其他,其他,外輪,漁船,非常變故,6
10309,我國海域,港區內,花蓮港,外輪,其他,非常變故,1
10310,其他,其他,其他,國輪,商船,觸礁或擱淺,1
10310,其他,其他,其他,國輪,商船,失火,1
10310,其他,其他,其他,國輪,商船,機器故障,2
10310,其他,其他,其他,國輪,商船,其他,4
10310,其他,其他,其他,國輪,商船,機器故障,2
10310,我國海域,港區內,蘇澳港,國輪,漁船,其他,1
10310,其他,其他,其他,國輪,漁船,觸礁或擱淺,1
10310,其他,其他,其他,外輪,漁船,非常變故,1
10310,其他,其他,其他,外輪,漁船,非常變故,4
10310,其他,其他,其他,外輪,漁船,非常變故,5
10310,我國海域,港區內,臺中港,國輪,其他,與其他物碰撞,1
10310,其他,其他,其他,國輪,其他,其他,2
10311,其他,其他,其他,國輪,商船,失火,1
10311,其他,其他,其他,國輪,商船,機器故障,1
10311,其他,其他,其他,國輪,商船,其他,1
10311,其他,其他,其他,國輪,商船,兩船碰撞,3
10311,我國海域,港區內,基隆港,國輪,漁船,其他,1
10311,我國海域,港區內,台北港,國輪,漁船,其他,1
10311,我國海域,港區內,高雄港,外輪,漁船,與其他物碰撞,1
10311,我國海域,港區內,臺中港,外輪,漁船,與其他物碰撞,1
10311,其他,其他,其他,外輪,漁船,非常變故,1
10311,我國海域,港區內,基隆港,外輪,漁船,非常變故,1
10311,其他,其他,其他,外輪,漁船,其他,1
10311,其他,其他,其他,外輪,漁船,非常變故,2
10311,其他,其他,其他,外輪,漁船,非常變故,5
10311,其他,其他,其他,國輪,其他,其他,1
10311,其他,其他,其他,國輪,其他,其他,1
10312,其他,其他,其他,國輪,商船,兩船碰撞,1
10312,其他,其他,其他,國輪,商船,觸礁或擱淺,3
10312,其他,其他,其他,國輪,商船,失火,1
10312,其他,其他,其他,國輪,商船,其他,2
10312,其他,其他,其他,國輪,商船,其他,1
10312,其他,其他,其他,國輪,商船,失火,2
10312,其他,其他,其他,國輪,商船,機器故障,1
10312,其他,其他,其他,國輪,商船,其他,3
10312,我國海域,港區內,高雄港,國輪,漁船,洩漏,1
10312,其他,其他,其他,國輪,漁船,其他,1
10312,其他,其他,其他,外輪,漁船,非常變故,1
10312,其他,其他,其他,國輪,漁船,非常變故,1
10312,其他,其他,其他,外輪,漁船,非常變故,6
10312,其他,其他,其他,外輪,漁船,非常變故,8
10312,我國海域,港區內,臺中港,國輪,其他,機器故障,1
10401,其他,其他,其他,國輪,商船,觸礁或擱淺,2
10401,其他,其他,其他,國輪,商船,機器故障,2
10401,其他,其他,其他,國輪,商船,其他,4
10401,其他,其他,其他,國輪,商船,非常變故,1
10401,其他,其他,其他,國輪,商船,機器故障,1
10401,其他,其他,其他,國輪,商船,兩船碰撞,1
10401,其他,其他,其他,國輪,商船,機器故障,4
10401,其他,其他,其他,國輪,商船,其他,1
10401,其他,其他,其他,國輪,漁船,失火,1
10401,其他,其他,其他,國輪,漁船,其他,1
10401,我國海域,港區內,高雄港,外輪,漁船,其他,1
10401,我國海域,港區內,臺中港,外輪,漁船,兩船碰撞,1
10401,其他,其他,其他,外輪,漁船,機器故障,1
10401,其他,其他,其他,外輪,漁船,其他,1
10401,其他,其他,其他,外輪,漁船,非常變故,3
10401,其他,其他,其他,外輪,漁船,非常變故,2
10401,其他,其他,其他,國輪,其他,其他,1
10401,我國海域,港區內,台北港,國輪,其他,與其他物碰撞,1
10401,我國海域,港區內,安平港,外輪,其他,機器故障,1
10401,我國海域,港區內,高雄港,外輪,其他,其他,1
10402,其他,其他,其他,國輪,商船,觸礁或擱淺,1
10402,其他,其他,其他,國輪,商船,機器故障,1
10402,我國海域,港區內,花蓮港,國輪,商船,機器故障,1
10402,其他,其他,其他,國輪,商船,其他,1
10402,其他,其他,其他,國輪,商船,機器故障,1
10402,我國海域,港區內,高雄港,國輪,商船,其他,1
10402,我國海域,港區內,高雄港,外輪,漁船,與其他物碰撞,1
10402,其他,其他,其他,外輪,漁船,機器故障,1
10402,其他,其他,其他,外輪,漁船,非常變故,1
10402,其他,其他,其他,外輪,漁船,非常變故,4
10402,我國海域,港區內,臺中港,國輪,其他,機器故障,1
10403,其他,其他,其他,國輪,商船,非常變故,1
10403,其他,其他,其他,國輪,商船,其他,1
10403,其他,其他,其他,國輪,商船,兩船碰撞,1
10403,其他,其他,其他,國輪,商船,失火,1
10403,其他,其他,其他,國輪,商船,機器故障,1
10403,其他,其他,其他,國輪,商船,其他,1
10403,其他,其他,其他,國輪,商船,其他,1
10403,其他,其他,其他,國輪,商船,兩船碰撞,1
10403,其他,其他,其他,國輪,商船,失火,1
10403,其他,其他,其他,國輪,商船,其他,1
10403,其他,其他,其他,國輪,商船,失火,1
10403,其他,其他,其他,國輪,商船,其他,1
10403,其他,其他,其他,國輪,漁船,兩船碰撞,1
10403,我國海域,港區內,花蓮港,外輪,漁船,兩船碰撞,1
10403,我國海域,港區內,高雄港,外輪,漁船,兩船碰撞,1
10403,我國海域,港區內,高雄港,外輪,漁船,其他,1
10403,其他,其他,其他,國輪,漁船,觸礁或擱淺,1
10403,其他,其他,其他,外輪,漁船,非常變故,1
10403,其他,其他,其他,外輪,漁船,其他,1
10403,其他,其他,其他,外輪,漁船,非常變故,8
10403,我國海域,港區內,臺中港,國輪,其他,兩船碰撞,1
10403,我國海域,港區內,臺中港,國輪,其他,機器故障,1
10403,其他,其他,其他,國輪,其他,傾覆,1
10404,其他,其他,其他,國輪,商船,失火,1
10404,其他,其他,其他,國輪,商船,其他,1
10404,我國海域,港區內,高雄港,國輪,商船,兩船碰撞,1
10404,其他,其他,其他,國輪,商船,失火,1
10404,其他,其他,其他,國輪,商船,其他,1
10404,其他,其他,其他,國輪,商船,其他,1
10404,其他,其他,其他,國輪,商船,兩船碰撞,1
10404,其他,其他,其他,國輪,商船,失火,1
10404,其他,其他,其他,國輪,商船,機器故障,1
10404,其他,其他,其他,國輪,商船,失火,1
10404,其他,其他,其他,國輪,商船,機器故障,1
10404,我國海域,港區內,花蓮港,國輪,漁船,與其他物碰撞,1
10404,我國海域,港區內,高雄港,國輪,漁船,兩船碰撞,1
10404,我國海域,港區內,花蓮港,外輪,漁船,與其他物碰撞,1
10404,我國海域,港區內,高雄港,外輪,漁船,兩船碰撞,1
10404,我國海域,港區內,高雄港,外輪,漁船,兩船碰撞,1
10404,其他,其他,其他,外輪,漁船,觸礁或擱淺,1
10404,其他,其他,其他,外輪,漁船,非常變故,7
10404,其他,其他,其他,外輪,漁船,非常變故,3
10405,其他,其他,其他,國輪,商船,失火,1
10405,其他,其他,其他,國輪,商船,其他,1
10405,其他,其他,其他,國輪,商船,失火,1
10405,其他,其他,其他,國輪,商船,機器故障,1
10405,其他,其他,其他,國輪,商船,機器故障,1
10405,其他,其他,其他,國輪,商船,其他,2
10405,其他,其他,其他,國輪,商船,其他,1
10405,其他,其他,其他,國輪,商船,機器故障,1
10405,我國海域,港區內,花蓮港,國輪,漁船,其他,1
10405,我國海域,港區內,花蓮港,外輪,漁船,其他,1
10405,其他,其他,其他,外輪,漁船,觸礁或擱淺,1
10405,其他,其他,其他,國輪,漁船,兩船碰撞,1
10405,其他,其他,其他,外輪,漁船,非常變故,3
10405,其他,其他,其他,外輪,漁船,非常變故,1
10405,其他,其他,其他,國輪,其他,機器故障,1
10406,其他,其他,其他,國輪,商船,觸礁或擱淺,1
10406,其他,其他,其他,國輪,商船,傾覆,1
10406,其他,其他,其他,國輪,商船,兩船碰撞,1
10406,其他,其他,其他,國輪,商船,機器故障,3
10406,我國海域,港區內,高雄港,國輪,商船,兩船碰撞,1
10406,其他,其他,其他,國輪,商船,機器故障,1
10406,其他,其他,其他,國輪,商船,失火,1
10406,其他,其他,其他,國輪,商船,機器故障,1
10406,我國海域,港區內,台北港,國輪,漁船,與其他物碰撞,1
10406,我國海域,港區內,基隆港,外輪,漁船,兩船碰撞,1
10406,其他,其他,其他,國輪,漁船,機器故障,1
10406,其他,其他,其他,外輪,漁船,非常變故,3
10406,其他,其他,其他,外輪,漁船,非常變故,4
10407,其他,其他,其他,國輪,商船,其他,1
10407,我國海域,港區內,高雄港,外輪,商船,兩船碰撞,1
10407,其他,其他,其他,國輪,商船,其他,1
10407,其他,其他,其他,國輪,商船,觸礁或擱淺,1
10407,其他,其他,其他,國輪,商船,機器故障,2
10407,其他,其他,其他,國輪,商船,其他,1
10407,其他,其他,其他,國輪,商船,其他,2
10407,其他,其他,其他,國輪,商船,機器故障,3
10407,我國海域,港區內,台北港,國輪,漁船,其他,1
10407,我國海域,港區內,花蓮港,外輪,漁船,其他,1
10407,我國海域,港區內,高雄港,外輪,漁船,兩船碰撞,1
10407,我國海域,港區內,高雄港,外輪,漁船,兩船碰撞,2
10407,其他,其他,其他,外輪,漁船,非常變故,1
10407,其他,其他,其他,外輪,漁船,非常變故,7
10407,我國海域,港區內,高雄港,外輪,漁船,兩船碰撞,1
10407,其他,其他,其他,國輪,漁船,非常變故,1
10407,其他,其他,其他,外輪,漁船,非常變故,2
10407,我國海域,港區內,高雄港,外輪,其他,與其他物碰撞,1
10407,其他,其他,其他,國輪,其他,非常變故,1
10408,其他,其他,其他,國輪,商船,傾覆,1
10408,其他,其他,其他,國輪,商船,非常變故,1
10408,其他,其他,其他,國輪,商船,其他,2
10408,其他,其他,其他,國輪,商船,失火,1
10408,其他,其他,其他,國輪,商船,機器故障,2
10408,我國海域,港區內,花蓮港,國輪,漁船,其他,1
10408,我國海域,港區內,高雄港,國輪,漁船,傾覆,1
10408,我國海域,港區內,高雄港,國輪,漁船,兩船碰撞,1
10408,我國海域,港區內,高雄港,國輪,漁船,與其他物碰撞,2
10408,我國海域,港區內,高雄港,外輪,漁船,與其他物碰撞,1
10408,我國海域,港區內,臺中港,外輪,漁船,兩船碰撞,3
10408,其他,其他,其他,國輪,漁船,機器故障,1
10408,其他,其他,其他,外輪,漁船,非常變故,3
10408,其他,其他,其他,國輪,漁船,兩船碰撞,1
10408,其他,其他,其他,外輪,漁船,非常變故,2
10408,其他,其他,其他,外輪,漁船,非常變故,1
10408,我國海域,港區內,高雄港,國輪,其他,兩船碰撞,1
10408,我國海域,港區內,臺中港,國輪,其他,機器故障,4
10408,我國海域,港區內,臺中港,國輪,其他,非常變故,2
10408,其他,其他,其他,外輪,其他,非常變故,1
10409,其他,其他,其他,國輪,商船,失火,1
10409,其他,其他,其他,國輪,商船,其他,3
10409,其他,其他,其他,國輪,商船,兩船碰撞,1
10409,其他,其他,其他,國輪,商船,與其他物碰撞,2
10409,其他,其他,其他,國輪,商船,機器故障,1
10409,其他,其他,其他,國輪,商船,兩船碰撞,1
10409,我國海域,港區內,基隆港,外輪,漁船,兩船碰撞,1
10409,其他,其他,其他,國輪,漁船,兩船碰撞,1
10409,其他,其他,其他,國輪,漁船,失火,1
10409,其他,其他,其他,國輪,漁船,機器故障,1
10409,其他,其他,其他,外輪,漁船,其他,1
10409,其他,其他,其他,外輪,漁船,兩船碰撞,1
10409,其他,其他,其他,外輪,漁船,非常變故,4
10409,我國海域,港區內,臺中港,國輪,其他,其他,1
10409,其他,其他,其他,國輪,其他,其他,1
10409,其他,其他,其他,國輪,其他,兩船碰撞,1
10410,其他,其他,其他,國輪,商船,兩船碰撞,1
10410,其他,其他,其他,國輪,商船,其他,1
10410,其他,其他,其他,國輪,商船,兩船碰撞,1
10410,我國海域,港區內,高雄港,國輪,商船,傾覆,1
10410,我國海域,港區內,台北港,國輪,商船,兩船碰撞,1
10410,其他,其他,其他,國輪,商船,兩船碰撞,1
10410,其他,其他,其他,國輪,商船,其他,1
10410,其他,其他,其他,國輪,商船,其他,3
10410,其他,其他,其他,國輪,漁船,失火,1
10410,其他,其他,其他,外輪,漁船,非常變故,7
10410,其他,其他,其他,外輪,漁船,其他,1
10410,其他,其他,其他,外輪,漁船,非常變故,3
10410,其他,其他,其他,外輪,漁船,非常變故,1
10411,其他,其他,其他,國輪,商船,失火,1
10411,我國海域,港區內,高雄港,外輪,商船,其他,1
10411,其他,其他,其他,國輪,商船,觸礁或擱淺,1
10411,其他,其他,其他,國輪,商船,機器故障,1
10411,其他,其他,其他,國輪,商船,其他,1
10411,其他,其他,其他,國輪,商船,其他,1
10411,其他,其他,其他,國輪,商船,機器故障,2
10411,我國海域,港區內,基隆港,國輪,漁船,兩船碰撞,1
10411,我國海域,港區內,基隆港,國輪,漁船,機器故障,1
10411,其他,其他,其他,外輪,漁船,非常變故,1
10411,其他,其他,其他,國輪,漁船,其他,1
10411,其他,其他,其他,外輪,漁船,其他,1
10411,其他,其他,其他,外輪,漁船,非常變故,4
10411,其他,其他,其他,外輪,漁船,非常變故,3
10411,我國海域,港區內,高雄港,國輪,其他,兩船碰撞,1
10412,我國海域,港區內,高雄港,國輪,商船,與其他物碰撞,1
10412,其他,其他,其他,國輪,商船,兩船碰撞,1
10412,其他,其他,其他,國輪,商船,其他,1
10412,其他,其他,其他,國輪,商船,其他,1
10412,其他,其他,其他,國輪,商船,其他,1
10412,其他,其他,其他,國輪,商船,觸礁或擱淺,1
10412,其他,其他,其他,國輪,商船,機器故障,1
10412,其他,其他,其他,國輪,商船,其他,2
10412,其他,其他,其他,國輪,商船,失火,1
10412,其他,其他,其他,國輪,商船,機器故障,1
10412,我國海域,港區內,基隆港,外輪,漁船,機器故障,1
10412,我國海域,港區內,基隆港,外輪,漁船,其他,1
10412,我國海域,港區內,台北港,國輪,漁船,機器故障,1
10412,其他,其他,其他,外輪,漁船,非常變故,7
10412,其他,其他,其他,外輪,漁船,非常變故,2
10412,我國海域,港區內,基隆港,國輪,其他,其他,1
10501,其他,其他,其他,國輪,商船,其他,2
10501,其他,其他,其他,國輪,商船,兩船碰撞,1
10501,其他,其他,其他,國輪,商船,機器故障,2
10501,其他,其他,其他,國輪,商船,其他,1
10501,其他,其他,其他,國輪,商船,機器故障,3
10501,我國海域,港區內,基隆港,國輪,漁船,非常變故,1
10501,我國海域,港區內,基隆港,外輪,漁船,機器故障,1
10501,我國海域,港區內,基隆港,外輪,漁船,其他,2
10501,我國海域,港區內,高雄港,外輪,漁船,兩船碰撞,1
10501,我國海域,港區內,台北港,外輪,漁船,兩船碰撞,1
10501,我國海域,港區內,台北港,外輪,漁船,與其他物碰撞,1
10501,其他,其他,其他,外輪,漁船,其他,1
10501,其他,其他,其他,外輪,漁船,非常變故,2
10501,我國海域,港區內,基隆港,外輪,漁船,其他,1
10501,其他,其他,其他,外輪,漁船,非常變故,6
10501,其他,其他,其他,國輪,漁船,其他,1
10501,其他,其他,其他,外輪,漁船,其他,1
10501,其他,其他,其他,外輪,漁船,非常變故,4
10501,我國海域,港區內,高雄港,國輪,其他,其他,1
10502,其他,其他,其他,國輪,商船,機器故障,2
10502,我國海域,港區內,高雄港,國輪,漁船,兩船碰撞,1
10502,我國海域,港區內,臺中港,國輪,漁船,其他,1
10502,我國海域,港區內,高雄港,外輪,漁船,其他,1
10502,我國海域,港區內,台北港,外輪,漁船,機器故障,1
10502,其他,其他,其他,外輪,漁船,非常變故,1
10502,其他,其他,其他,外輪,漁船,非常變故,5
10502,其他,其他,其他,外輪,漁船,非常變故,2
10502,我國海域,港區內,基隆港,國輪,其他,兩船碰撞,1
10502,我國海域,港區內,基隆港,國輪,其他,其他,1
10502,我國海域,港區內,高雄港,國輪,其他,兩船碰撞,1
10502,我國海域,港區內,高雄港,國輪,其他,其他,1
10502,我國海域,港區內,臺中港,國輪,其他,兩船碰撞,1
10502,我國海域,港區內,臺中港,國輪,其他,與其他物碰撞,1
10503,我國海域,港區內,蘇澳港,國輪,商船,機器故障,1
10503,其他,其他,其他,國輪,商船,兩船碰撞,1
10503,其他,其他,其他,國輪,商船,失火,1
10503,其他,其他,其他,國輪,商船,其他,1
10503,其他,其他,其他,國輪,商船,機器故障,2
10503,其他,其他,其他,國輪,商船,其他,1
10503,其他,其他,其他,國輪,商船,其他,1
10503,其他,其他,其他,國輪,商船,失火,1
10503,我國海域,港區內,基隆港,外輪,漁船,兩船碰撞,1
10503,我國海域,港區內,臺中港,外輪,漁船,兩船碰撞,1
10503,其他,其他,其他,國輪,漁船,兩船碰撞,1
10503,其他,其他,其他,外輪,漁船,非常變故,1
10503,其他,其他,其他,外輪,漁船,非常變故,7
10503,其他,其他,其他,外輪,漁船,其他,1
10503,其他,其他,其他,外輪,漁船,非常變故,1
10503,我國海域,港區內,臺中港,國輪,其他,其他,1
10504,其他,其他,其他,國輪,商船,兩船碰撞,1
10504,其他,其他,其他,國輪,商船,兩船碰撞,1
10504,其他,其他,其他,國輪,商船,觸礁或擱淺,1
10504,其他,其他,其他,國輪,商船,失火,1
10504,其他,其他,其他,國輪,商船,機器故障,3
10504,其他,其他,其他,國輪,商船,其他,1
10504,其他,其他,其他,國輪,商船,其他,1
10504,其他,其他,其他,國輪,商船,其他,1
10504,我國海域,港區內,高雄港,外輪,漁船,兩船碰撞,2
10504,其他,其他,其他,國輪,漁船,兩船碰撞,1
10504,其他,其他,其他,外輪,漁船,非常變故,5
10504,其他,其他,其他,外輪,漁船,機器故障,1
10504,我國海域,港區內,基隆港,外輪,其他,兩船碰撞,1
10505,其他,其他,其他,國輪,商船,其他,4
10505,其他,其他,其他,國輪,商船,觸礁或擱淺,1
10505,其他,其他,其他,國輪,商船,失火,1
10505,其他,其他,其他,國輪,商船,機器故障,1
10505,其他,其他,其他,國輪,商船,其他,1
10505,其他,其他,其他,國輪,商船,其他,1
10505,其他,其他,其他,國輪,商船,機器故障,1
10505,其他,其他,其他,國輪,商船,其他,1
10505,我國海域,港區內,花蓮港,國輪,漁船,兩船碰撞,1
10505,我國海域,港區內,臺中港,國輪,漁船,兩船碰撞,1
10505,我國海域,港區內,臺中港,外輪,漁船,其他,1
10505,其他,其他,其他,國輪,漁船,觸礁或擱淺,1
10505,其他,其他,其他,國輪,漁船,機器故障,1
10505,其他,其他,其他,外輪,漁船,兩船碰撞,1
10505,其他,其他,其他,外輪,漁船,非常變故,5
10505,我國海域,港區內,高雄港,國輪,其他,兩船碰撞,2
10506,其他,其他,其他,國輪,商船,觸礁或擱淺,1
10506,其他,其他,其他,國輪,商船,機器故障,1
10506,其他,其他,其他,國輪,商船,其他,1
10506,我國海域,港區內,安平港,外輪,漁船,觸礁或擱淺,1
10506,我國海域,港區內,高雄港,外輪,漁船,兩船碰撞,1
10506,我國海域,港區內,高雄港,外輪,漁船,兩船碰撞,2
10506,我國海域,港區內,臺中港,外輪,漁船,其他,1
10506,其他,其他,其他,外輪,漁船,兩船碰撞,2
10506,其他,其他,其他,外輪,漁船,非常變故,4
10506,其他,其他,其他,外輪,漁船,非常變故,1
10507,其他,其他,其他,國輪,商船,觸礁或擱淺,1
10507,其他,其他,其他,國輪,商船,其他,1
10507,其他,其他,其他,國輪,商船,兩船碰撞,1
10507,其他,其他,其他,國輪,商船,失火,1
10507,我國海域,港區內,安平港,國輪,商船,兩船碰撞,1
10507,其他,其他,其他,國輪,商船,其他,1
10507,其他,其他,其他,國輪,漁船,其他,1
10507,我國海域,港區內,花蓮港,國輪,漁船,兩船碰撞,1
10507,我國海域,港區內,基隆港,國輪,漁船,其他,1
10507,我國海域,港區內,高雄港,國輪,漁船,兩船碰撞,2
10507,我國海域,港區內,高雄港,外輪,漁船,兩船碰撞,1
10507,我國海域,港區內,台北港,外輪,漁船,其他,1
10507,我國海域,港區內,臺中港,外輪,漁船,其他,1
10507,其他,其他,其他,外輪,漁船,非常變故,5
10507,我國海域,港區內,基隆港,外輪,其他,與其他物碰撞,1
10508,其他,其他,其他,國輪,商船,兩船碰撞,2
10508,其他,其他,其他,國輪,商船,其他,3
10508,其他,其他,其他,國輪,商船,兩船碰撞,1
10508,其他,其他,其他,國輪,商船,兩船碰撞,1
10508,其他,其他,其他,國輪,商船,兩船碰撞,1
10508,其他,其他,其他,國輪,商船,機器故障,1
10508,其他,其他,其他,國輪,商船,其他,1
10508,我國海域,港區內,高雄港,國輪,漁船,與其他物碰撞,1
10508,其他,其他,其他,國輪,漁船,觸礁或擱淺,1
10508,我國海域,港區內,高雄港,外輪,漁船,與其他物碰撞,1
10508,其他,其他,其他,國輪,漁船,機器故障,1
10508,我國海域,港區內,高雄港,國輪,漁船,機器故障,1
10508,其他,其他,其他,外輪,漁船,非常變故,2
10508,其他,其他,其他,外輪,漁船,非常變故,5
10508,我國海域,港區內,高雄港,國輪,其他,其他,1
10508,我國海域,港區內,高雄港,國輪,其他,兩船碰撞,1
10508,其他,其他,其他,國輪,其他,機器故障,1
10508,其他,其他,其他,國輪,其他,其他,1
10509,我國海域,港區內,高雄港,國輪,商船,兩船碰撞,1
10509,其他,其他,其他,國輪,商船,兩船碰撞,2
10509,其他,其他,其他,國輪,商船,與其他物碰撞,1
10509,我國海域,港區內,高雄港,外輪,商船,兩船碰撞,1
10509,其他,其他,其他,國輪,商船,機器故障,1
10509,我國海域,港區內,安平港,國輪,漁船,兩船碰撞,2
10509,我國海域,港區內,高雄港,國輪,漁船,兩船碰撞,1
10509,我國海域,港區內,安平港,外輪,漁船,兩船碰撞,1
10509,我國海域,港區內,高雄港,外輪,漁船,兩船碰撞,3
10509,我國海域,港區內,高雄港,外輪,漁船,兩船碰撞,2
10509,我國海域,港區內,高雄港,外輪,漁船,非常變故,1
10509,其他,其他,其他,外輪,漁船,兩船碰撞,2
10509,其他,其他,其他,外輪,漁船,兩船碰撞,1
10509,其他,其他,其他,外輪,漁船,非常變故,2
10509,其他,其他,其他,外輪,漁船,非常變故,1
10509,其他,其他,其他,外輪,漁船,兩船碰撞,1
10509,其他,其他,其他,外輪,漁船,非常變故,6
10510,其他,其他,其他,國輪,商船,兩船碰撞,2
10510,其他,其他,其他,國輪,商船,兩船碰撞,1
10510,其他,其他,其他,國輪,商船,機器故障,2
10510,我國海域,港區內,基隆港,國輪,商船,兩船碰撞,2
10510,我國海域,港區內,高雄港,國輪,漁船,機器故障,1
10510,我國海域,港區內,基隆港,國輪,漁船,兩船碰撞,1
10510,我國海域,港區內,高雄港,國輪,漁船,兩船碰撞,1
10510,其他,其他,其他,外輪,漁船,非常變故,2
10510,其他,其他,其他,外輪,漁船,非常變故,5
10510,其他,其他,其他,外輪,漁船,其他,1
10510,其他,其他,其他,外輪,漁船,非常變故,3
10510,我國海域,港區內,高雄港,外輪,其他,兩船碰撞,2
10511,我國海域,港區內,基隆港,國輪,商船,兩船碰撞,1
10511,其他,其他,其他,國輪,商船,其他,1
10511,其他,其他,其他,國輪,商船,兩船碰撞,2
10511,其他,其他,其他,國輪,商船,觸礁或擱淺,1
10511,其他,其他,其他,國輪,商船,其他,1
10511,其他,其他,其他,國輪,商船,兩船碰撞,3
10511,其他,其他,其他,國輪,商船,與其他物碰撞,1
10511,其他,其他,其他,國輪,商船,失火,1
10511,其他,其他,其他,國輪,商船,機器故障,2
10511,我國海域,港區內,高雄港,國輪,商船,觸礁或擱淺,1
10511,其他,其他,其他,國輪,商船,其他,1
10511,其他,其他,其他,國輪,商船,失火,1
10511,其他,其他,其他,國輪,商船,機器故障,3
10511,我國海域,港區內,基隆港,國輪,漁船,兩船碰撞,1
10511,我國海域,港區內,基隆港,外輪,漁船,其他,1
10511,我國海域,港區內,高雄港,外輪,漁船,兩船碰撞,1
10511,我國海域,港區內,高雄港,外輪,漁船,與其他物碰撞,1
10511,其他,其他,其他,外輪,漁船,其他,1
10511,其他,其他,其他,外輪,漁船,機器故障,1
10511,其他,其他,其他,外輪,漁船,其他,1
10511,其他,其他,其他,外輪,漁船,非常變故,1
10511,其他,其他,其他,外輪,漁船,非常變故,2
10511,其他,其他,其他,國輪,漁船,非常變故,1
10511,其他,其他,其他,外輪,漁船,非常變故,5
10511,其他,其他,其他,國輪,其他,兩船碰撞,1
10511,其他,其他,其他,外輪,其他,非常變故,1
10512,其他,其他,其他,國輪,商船,兩船碰撞,2
10512,其他,其他,其他,國輪,商船,傾覆,1
10512,其他,其他,其他,國輪,商船,其他,1
10512,其他,其他,其他,國輪,商船,其他,2
10512,其他,其他,其他,國輪,商船,兩船碰撞,2
10512,其他,其他,其他,國輪,商船,其他,1
10512,其他,其他,其他,國輪,商船,兩船碰撞,1
10512,其他,其他,其他,國輪,商船,其他,1
10512,其他,其他,其他,國輪,商船,機器故障,1
10512,我國海域,港區內,基隆港,國輪,漁船,觸礁或擱淺,1
10512,我國海域,港區內,高雄港,國輪,漁船,兩船碰撞,1
10512,我國海域,港區內,高雄港,國輪,漁船,其他,1
10512,我國海域,港區內,基隆港,外輪,漁船,兩船碰撞,1
10512,我國海域,港區內,台北港,外輪,漁船,與其他物碰撞,1
10512,其他,其他,其他,外輪,漁船,機器故障,1
10512,其他,其他,其他,外輪,漁船,非常變故,2
10512,其他,其他,其他,外輪,漁船,其他,1
10609,其他,其他,其他,國輪,漁船,兩船碰撞,1
10609,其他,其他,其他,國輪,漁船,兩船碰撞,1
10609,其他,其他,其他,外輪,漁船,其他,2
10609,其他,其他,其他,外輪,漁船,非常變故,4
10609,其他,其他,其他,國輪,其他,非常變故,1
10611,其他,其他,其他,國輪,商船,失火,1
10611,其他,其他,其他,國輪,商船,其他,1
10611,其他,其他,其他,國輪,商船,其他,3
10611,其他,其他,其他,國輪,商船,失火,1
10611,其他,其他,其他,國輪,商船,其他,1
10611,其他,其他,其他,國輪,商船,兩船碰撞,1
10611,我國海域,港區內,基隆港,國輪,漁船,與其他物碰撞,1
10611,其他,其他,其他,國輪,漁船,機器故障,1
10611,我國海域,港區內,臺中港,外輪,漁船,其他,1
10611,其他,其他,其他,國輪,漁船,其他,1
10611,其他,其他,其他,國輪,漁船,其他,1
10611,其他,其他,其他,外輪,漁船,非常變故,1
10611,其他,其他,其他,外輪,漁船,非常變故,1
10611,其他,其他,其他,外輪,漁船,非常變故,7
10612,其他,其他,其他,國輪,商船,失火,1
10612,其他,其他,其他,國輪,商船,傾覆,1
10612,其他,其他,其他,國輪,商船,其他,1
10612,其他,其他,其他,國輪,商船,兩船碰撞,1
10612,其他,其他,其他,國輪,商船,觸礁或擱淺,1
10612,其他,其他,其他,國輪,商船,機器故障,2
10612,其他,其他,其他,國輪,商船,其他,1
10612,其他,其他,其他,國輪,商船,機器故障,2
10612,我國海域,港區內,高雄港,外輪,漁船,與其他物碰撞,1
10612,我國海域,港區內,臺中港,外輪,漁船,其他,2
10612,其他,其他,其他,國輪,漁船,機器故障,1
10612,其他,其他,其他,外輪,漁船,觸礁或擱淺,1
10612,其他,其他,其他,外輪,漁船,非常變故,1
10612,其他,其他,其他,國輪,漁船,非常變故,1
10612,其他,其他,其他,外輪,漁船,非常變故,2
10612,其他,其他,其他,外輪,漁船,其他,1
10612,其他,其他,其他,外輪,漁船,非常變故,6
10612,我國海域,港區內,基隆港,國輪,其他,機器故障,1
10612,我國海域,港區內,高雄港,國輪,其他,兩船碰撞,1
10612,其他,其他,其他,國輪,其他,其他,1
10610,其他,其他,其他,國輪,商船,失火,1
10610,我國海域,港區內,基隆港,國輪,商船,觸礁或擱淺,1
10610,其他,其他,其他,國輪,商船,機器故障,1
10610,其他,其他,其他,國輪,商船,其他,1
10610,其他,其他,其他,國輪,漁船,兩船碰撞,1
10610,我國海域,港區內,台北港,國輪,漁船,兩船碰撞,1
10610,我國海域,港區內,臺中港,國輪,漁船,兩船碰撞,1
10610,我國海域,港區內,高雄港,外輪,漁船,兩船碰撞,3
10610,我國海域,港區內,臺中港,外輪,漁船,兩船碰撞,3
10610,其他,其他,其他,國輪,漁船,其他,1
10610,其他,其他,其他,國輪,漁船,兩船碰撞,1
10610,其他,其他,其他,外輪,漁船,觸礁或擱淺,1
10610,其他,其他,其他,外輪,漁船,其他,1
10610,其他,其他,其他,外輪,漁船,機器故障,1
10610,其他,其他,其他,外輪,漁船,非常變故,1
10610,我國海域,港區內,基隆港,外輪,漁船,非常變故,1
10610,我國海域,港區內,台北港,外輪,漁船,非常變故,1
10610,其他,其他,其他,外輪,漁船,機器故障,1
10610,其他,其他,其他,外輪,漁船,非常變故,4
10610,其他,其他,其他,國輪,其他,其他,1
10610,其他,其他,其他,國輪,其他,觸礁或擱淺,1
10610,其他,其他,其他,外輪,其他,其他,1
10701,其他,其他,其他,國輪,商船,其他,1
10701,其他,其他,其他,國輪,商船,兩船碰撞,1
10701,其他,其他,其他,國輪,商船,傾覆,1
10701,其他,其他,其他,國輪,商船,其他,1
10701,其他,其他,其他,國輪,商船,其他,1
10701,其他,其他,其他,國輪,商船,兩船碰撞,1
10701,其他,其他,其他,國輪,商船,觸礁或擱淺,1
10701,其他,其他,其他,國輪,商船,其他,1
10701,其他,其他,其他,國輪,商船,機器故障,2
10701,我國海域,港區內,基隆港,國輪,漁船,兩船碰撞,1
10701,我國海域,港區內,基隆港,外輪,漁船,兩船碰撞,1
10701,其他,其他,其他,國輪,漁船,觸礁或擱淺,1
10701,其他,其他,其他,外輪,漁船,非常變故,3
10701,其他,其他,其他,外輪,漁船,非常變故,2
10701,其他,其他,其他,外輪,漁船,非常變故,4
10701,其他,其他,其他,外輪,其他,觸礁或擱淺,1
10702,其他,其他,其他,國輪,商船,失火,1
10702,其他,其他,其他,國輪,商船,觸礁或擱淺,1
10702,其他,其他,其他,國輪,商船,失火,1
10702,其他,其他,其他,國輪,商船,機器故障,1
10702,我國海域,港區內,高雄港,外輪,漁船,兩船碰撞,2
10702,我國海域,港區內,臺中港,外輪,漁船,兩船碰撞,2
10702,其他,其他,其他,國輪,漁船,非常變故,1
10702,其他,其他,其他,外輪,漁船,機器故障,1
10702,我國海域,港區內,基隆港,外輪,漁船,其他,1
10702,其他,其他,其他,外輪,漁船,其他,1
10702,其他,其他,其他,外輪,漁船,其他,1
10702,其他,其他,其他,外輪,漁船,非常變故,1
10702,其他,其他,其他,外輪,漁船,其他,1
10702,其他,其他,其他,外輪,漁船,非常變故,5
10702,我國海域,港區內,臺中港,國輪,其他,其他,1
10702,我國海域,港區內,臺中港,國輪,其他,機器故障,1
10703,其他,其他,其他,國輪,商船,失火,1
10703,其他,其他,其他,國輪,商船,其他,1
10703,其他,其他,其他,國輪,商船,機器故障,1
10703,其他,其他,其他,國輪,商船,其他,2
10703,我國海域,港區內,基隆港,國輪,商船,觸礁或擱淺,1
10703,其他,其他,其他,國輪,商船,其他,1
10703,其他,其他,其他,國輪,漁船,兩船碰撞,1
10703,我國海域,港區內,高雄港,國輪,漁船,洩漏,1
10703,我國海域,港區內,高雄港,外輪,漁船,與其他物碰撞,1
10703,我國海域,港區內,台北港,外輪,漁船,其他,1
10703,我國海域,港區內,臺中港,外輪,漁船,兩船碰撞,1
10703,其他,其他,其他,外輪,漁船,兩船碰撞,1
10703,其他,其他,其他,外輪,漁船,觸礁或擱淺,1
10703,其他,其他,其他,外輪,漁船,非常變故,4
10703,其他,其他,其他,外輪,漁船,兩船碰撞,1
10703,其他,其他,其他,外輪,漁船,非常變故,2
10704,其他,其他,其他,國輪,商船,兩船碰撞,3
10704,其他,其他,其他,國輪,商船,失火,1
10704,其他,其他,其他,國輪,商船,機器故障,1
10704,其他,其他,其他,國輪,商船,兩船碰撞,1
10704,其他,其他,其他,國輪,商船,兩船碰撞,1
10704,其他,其他,其他,國輪,商船,失火,1
10704,我國海域,港區內,花蓮港,國輪,漁船,兩船碰撞,1
10704,我國海域,港區內,高雄港,國輪,漁船,其他,1
10704,我國海域,港區內,高雄港,國輪,漁船,其他,1
10704,我國海域,港區內,高雄港,外輪,漁船,兩船碰撞,1
10704,我國海域,港區內,高雄港,外輪,漁船,與其他物碰撞,1
10704,其他,其他,其他,國輪,漁船,其他,1
10704,其他,其他,其他,外輪,漁船,非常變故,2
10704,我國海域,港區內,高雄港,國輪,漁船,兩船碰撞,1
10704,其他,其他,其他,外輪,漁船,非常變故,4
10704,其他,其他,其他,國輪,其他,觸礁或擱淺,1
10705,其他,其他,其他,國輪,商船,其他,1
10705,其他,其他,其他,國輪,商船,兩船碰撞,1
10705,其他,其他,其他,國輪,商船,機器故障,2
10705,其他,其他,其他,國輪,商船,機器故障,1
10705,我國海域,港區內,花蓮港,國輪,漁船,兩船碰撞,1
10705,我國海域,港區內,臺中港,外輪,漁船,兩船碰撞,1
10705,其他,其他,其他,國輪,漁船,其他,1
10705,其他,其他,其他,外輪,漁船,非常變故,3
10705,其他,其他,其他,外輪,漁船,非常變故,1
10705,我國海域,港區內,臺中港,國輪,其他,兩船碰撞,1
10706,其他,其他,其他,國輪,商船,失火,1
10706,其他,其他,其他,國輪,商船,失火,2
10706,其他,其他,其他,國輪,商船,失火,1
10706,其他,其他,其他,國輪,商船,其他,1
10706,其他,其他,其他,國輪,商船,機器故障,1
10706,我國海域,港區內,花蓮港,國輪,漁船,兩船碰撞,1
10706,我國海域,港區內,高雄港,國輪,漁船,兩船碰撞,2
10706,其他,其他,其他,國輪,漁船,其他,1
10706,我國海域,港區內,蘇澳港,國輪,漁船,與其他物碰撞,1
10706,我國海域,港區內,基隆港,外輪,漁船,兩船碰撞,1
10706,我國海域,港區內,高雄港,外輪,漁船,兩船碰撞,1
10706,我國海域,港區內,高雄港,外輪,漁船,兩船碰撞,1
10706,其他,其他,其他,外輪,漁船,觸礁或擱淺,1
10706,其他,其他,其他,外輪,漁船,非常變故,1
10706,其他,其他,其他,外輪,漁船,非常變故,2
10706,我國海域,港區內,臺中港,國輪,其他,機器故障,1
10707,其他,其他,其他,國輪,商船,其他,1
10707,其他,其他,其他,國輪,商船,其他,1
10707,我國海域,港區內,高雄港,國輪,商船,兩船碰撞,2
10707,其他,其他,其他,國輪,商船,機器故障,1
10707,其他,其他,其他,國輪,商船,失火,1
10707,其他,其他,其他,國輪,商船,機器故障,1
10707,其他,其他,其他,國輪,商船,機器故障,1
10707,其他,其他,其他,國輪,商船,其他,1
10707,其他,其他,其他,國輪,漁船,其他,1
10707,我國海域,港區內,基隆港,國輪,漁船,其他,1
9912,我國海域,港區內,基隆港,國輪,商船,與其他物碰撞,1
9912,其他,其他,其他,國輪,商船,機器故障,1
9912,其他,其他,其他,外輪,漁船,其他,3
9912,我國海域,港區內,高雄港,外輪,漁船,兩船碰撞,1
9912,其他,其他,其他,外輪,漁船,機器故障,1
9912,其他,其他,其他,外輪,漁船,其他,1
9912,其他,其他,其他,外輪,漁船,非常變故,1
9912,我國海域,港區內,高雄港,國輪,其他,機器故障,1
10001,其他,其他,其他,國輪,商船,兩船碰撞,1
10001,其他,其他,其他,國輪,商船,其他,3
10001,我國海域,港區內,基隆港,國輪,商船,其他,2
10001,我國海域,港區內,高雄港,國輪,商船,傾覆,1
10001,我國海域,港區內,高雄港,國輪,商船,機器故障,3
10001,其他,其他,其他,國輪,商船,機器故障,1
10001,其他,其他,其他,國輪,商船,觸礁或擱淺,1
10001,其他,其他,其他,國輪,商船,機器故障,1
10001,其他,其他,其他,國輪,商船,其他,1
10001,其他,其他,其他,外輪,漁船,與其他物碰撞,1
10001,其他,其他,其他,外輪,漁船,觸礁或擱淺,2
10001,其他,其他,其他,外輪,漁船,機器故障,1
10001,其他,其他,其他,外輪,漁船,非常變故,1
10001,其他,其他,其他,外輪,漁船,傾覆,1
10001,其他,其他,其他,外輪,漁船,其他,2
10001,其他,其他,其他,外輪,漁船,非常變故,11
10001,其他,其他,其他,國輪,漁船,失火,1
10001,其他,其他,其他,外輪,漁船,非常變故,3
10002,其他,其他,其他,國輪,商船,觸礁或擱淺,1
10002,其他,其他,其他,國輪,商船,傾覆,1
10002,其他,其他,其他,國輪,商船,機器故障,2
10002,其他,其他,其他,國輪,商船,其他,1
10002,其他,其他,其他,國輪,商船,傾覆,1
10002,其他,其他,其他,國輪,商船,機器故障,1
10002,其他,其他,其他,國輪,商船,其他,1
10002,我國海域,港區內,高雄港,國輪,漁船,其他,1
10002,其他,其他,其他,外輪,漁船,其他,1
10002,我國海域,港區內,臺中港,外輪,漁船,其他,1
10002,其他,其他,其他,外輪,漁船,其他,1
10002,我國海域,港區內,基隆港,外輪,漁船,兩船碰撞,2
10002,我國海域,港區內,基隆港,外輪,漁船,機器故障,1
10002,我國海域,港區內,基隆港,外輪,漁船,非常變故,5
10002,其他,其他,其他,外輪,漁船,機器故障,1
10002,其他,其他,其他,外輪,漁船,非常變故,2
10002,其他,其他,其他,外輪,漁船,非常變故,3
10003,其他,其他,其他,國輪,商船,兩船碰撞,1
10003,其他,其他,其他,國輪,商船,觸礁或擱淺,1
10003,其他,其他,其他,國輪,商船,失火,1
10003,其他,其他,其他,國輪,商船,機器故障,2
10003,其他,其他,其他,國輪,商船,非常變故,1
10003,其他,其他,其他,國輪,商船,其他,3
10003,我國海域,港區內,基隆港,國輪,商船,其他,1
10003,其他,其他,其他,國輪,商船,機器故障,2
10003,其他,其他,其他,國輪,商船,非常變故,1
10003,其他,其他,其他,國輪,商船,機器故障,1
10003,其他,其他,其他,國輪,商船,非常變故,1
10003,其他,其他,其他,國輪,漁船,兩船碰撞,1
10003,我國海域,港區內,基隆港,國輪,漁船,與其他物碰撞,1
10003,我國海域,港區內,臺中港,國輪,漁船,其他,1
10003,其他,其他,其他,外輪,漁船,兩船碰撞,1
10003,其他,其他,其他,外輪,漁船,機器故障,1
10003,其他,其他,其他,外輪,漁船,其他,1
10003,其他,其他,其他,外輪,漁船,非常變故,10
10003,其他,其他,其他,國輪,漁船,兩船碰撞,1
10003,其他,其他,其他,外輪,漁船,兩船碰撞,2
10003,其他,其他,其他,外輪,漁船,機器故障,1
10003,其他,其他,其他,外輪,漁船,其他,1
10003,其他,其他,其他,外輪,漁船,非常變故,1
10004,其他,其他,其他,國輪,商船,觸礁或擱淺,1
10004,其他,其他,其他,國輪,商船,失火,1
10004,其他,其他,其他,國輪,商船,失火,1
10004,其他,其他,其他,國輪,商船,非常變故,1
10004,我國海域,港區內,基隆港,國輪,漁船,其他,1
10004,我國海域,港區內,高雄港,外輪,漁船,機器故障,1
10004,其他,其他,其他,外輪,漁船,與其他物碰撞,1
10004,其他,其他,其他,國輪,漁船,其他,1
10004,其他,其他,其他,國輪,漁船,機器故障,1
10004,其他,其他,其他,國輪,漁船,其他,1
10004,其他,其他,其他,外輪,漁船,與其他物碰撞,1
10004,其他,其他,其他,外輪,漁船,非常變故,7
10004,其他,其他,其他,外輪,漁船,非常變故,2
10004,我國海域,港區內,臺中港,國輪,其他,觸礁或擱淺,1
10005,其他,其他,其他,國輪,商船,觸礁或擱淺,1
10005,其他,其他,其他,國輪,商船,失火,1
10005,其他,其他,其他,國輪,商船,機器故障,1
10005,其他,其他,其他,國輪,商船,其他,1
10005,其他,其他,其他,國輪,商船,其他,1
10005,我國海域,港區內,基隆港,國輪,商船,兩船碰撞,1
10005,我國海域,港區內,基隆港,國輪,商船,機器故障,1
10005,我國海域,港區內,高雄港,國輪,商船,非常變故,1
10005,其他,其他,其他,國輪,商船,失火,1
10005,其他,其他,其他,國輪,商船,機器故障,2
10005,其他,其他,其他,國輪,商船,其他,1
10005,我國海域,港區內,花蓮港,外輪,漁船,非常變故,1
10005,我國海域,港區內,基隆港,外輪,漁船,與其他物碰撞,1
10005,我國海域,港區內,基隆港,外輪,漁船,其他,1
10005,我國海域,港區內,基隆港,國輪,漁船,兩船碰撞,1
10005,其他,其他,其他,外輪,漁船,兩船碰撞,1
10005,我國海域,港區內,高雄港,外輪,漁船,失火,1
10005,其他,其他,其他,外輪,漁船,觸礁或擱淺,2
10005,其他,其他,其他,外輪,漁船,非常變故,8
10005,其他,其他,其他,外輪,漁船,機器故障,1
10005,其他,其他,其他,國輪,其他,其他,1
10006,其他,其他,其他,國輪,商船,兩船碰撞,1
10006,其他,其他,其他,國輪,商船,爆炸,1
10006,其他,其他,其他,國輪,商船,其他,1
10006,其他,其他,其他,國輪,商船,其他,1
10006,其他,其他,其他,國輪,商船,失火,1
10006,其他,其他,其他,國輪,商船,爆炸,1
10006,其他,其他,其他,國輪,商船,機器故障,3
10006,其他,其他,其他,國輪,商船,其他,1
10006,我國海域,港區內,高雄港,國輪,漁船,兩船碰撞,2
10006,我國海域,港區內,高雄港,外輪,漁船,兩船碰撞,2
10006,我國海域,港區內,高雄港,外輪,漁船,其他,1
10006,其他,其他,其他,外輪,漁船,與其他物碰撞,1
10006,我國海域,港區內,臺中港,外輪,漁船,與其他物碰撞,1
10006,我國海域,港區內,臺中港,外輪,漁船,觸礁或擱淺,1
10006,我國海域,港區內,臺中港,外輪,漁船,其他,1
10006,我國海域,港區內,臺中港,外輪,漁船,非常變故,1
10006,其他,其他,其他,國輪,漁船,非常變故,1
10006,我國海域,港區內,高雄港,國輪,漁船,失火,1
10006,其他,其他,其他,國輪,漁船,其他,1
10006,其他,其他,其他,外輪,漁船,非常變故,9
10006,其他,其他,其他,外輪,漁船,非常變故,1
10006,其他,其他,其他,國輪,其他,其他,1
10006,我國海域,港區內,臺中港,國輪,其他,其他,1
10006,其他,其他,其他,國輪,其他,兩船碰撞,1
10007,其他,其他,其他,國輪,商船,機器故障,3
10007,我國海域,港區內,基隆港,國輪,商船,其他,1
10007,其他,其他,其他,國輪,商船,機器故障,3
10007,其他,其他,其他,國輪,商船,其他,1
10007,我國海域,港區內,高雄港,國輪,漁船,兩船碰撞,1
10007,我國海域,港區內,高雄港,外輪,漁船,兩船碰撞,1
10007,其他,其他,其他,外輪,漁船,非常變故,7
10007,其他,其他,其他,外輪,漁船,機器故障,2
10007,其他,其他,其他,外輪,漁船,非常變故,1
10007,其他,其他,其他,外輪,漁船,非常變故,1
10007,我國海域,港區內,高雄港,國輪,其他,兩船碰撞,1
10007,我國海域,港區內,臺中港,國輪,其他,其他,1
10008,其他,其他,其他,國輪,商船,觸礁或擱淺,1
10008,其他,其他,其他,國輪,商船,機器故障,2
10008,我國海域,港區內,基隆港,國輪,商船,其他,1
10008,其他,其他,其他,國輪,商船,兩船碰撞,1
10008,其他,其他,其他,國輪,商船,失火,1
10008,其他,其他,其他,國輪,商船,其他,2
10008,我國海域,港區內,基隆港,國輪,漁船,與其他物碰撞,1
10008,我國海域,港區內,高雄港,國輪,漁船,其他,1
10008,其他,其他,其他,外輪,漁船,觸礁或擱淺,1
10008,其他,其他,其他,國輪,漁船,非常變故,2
10008,其他,其他,其他,外輪,漁船,非常變故,7
10008,其他,其他,其他,外輪,漁船,非常變故,1
10008,其他,其他,其他,外輪,其他,兩船碰撞,1
10009,我國海域,港區內,高雄港,國輪,商船,與其他物碰撞,1
10009,其他,其他,其他,國輪,商船,其他,2
10009,我國海域,港區內,臺中港,國輪,商船,兩船碰撞,1
10009,其他,其他,其他,國輪,商船,兩船碰撞,1
10009,其他,其他,其他,國輪,商船,失火,1
10009,其他,其他,其他,國輪,商船,機器故障,2
10009,我國海域,港區內,基隆港,國輪,漁船,與其他物碰撞,2
10009,我國海域,港區內,基隆港,國輪,漁船,其他,1
10009,其他,其他,其他,國輪,漁船,機器故障,1
10009,其他,其他,其他,國輪,漁船,其他,1
10009,我國海域,港區內,臺中港,國輪,漁船,兩船碰撞,1
10009,其他,其他,其他,外輪,漁船,非常變故,1
10707,我國海域,港區內,高雄港,國輪,漁船,兩船碰撞,1
10707,其他,其他,其他,國輪,漁船,,1
10707,其他,其他,其他,外輪,漁船,,1
10707,其他,其他,其他,外輪,漁船,非常變故,5
10707,我國海域,港區內,台北港,國輪,其他,機器故障,1
10707,我國海域,港區內,臺中港,國輪,其他,其他,1
10708,其他,其他,其他,國輪,商船,其他,1
10708,其他,其他,其他,國輪,商船,失火,1
10708,我國海域,港區內,高雄港,國輪,商船,兩船碰撞,1
10708,其他,其他,其他,國輪,商船,兩船碰撞,2
10708,其他,其他,其他,國輪,商船,其他,2
10708,其他,其他,其他,國輪,漁船,觸礁或擱淺,1
10708,我國海域,港區內,高雄港,外輪,漁船,觸礁或擱淺,1
10708,我國海域,港區內,高雄港,外輪,漁船,其他,1
10708,我國海域,港區內,台北港,外輪,漁船,兩船碰撞,1
10708,我國海域,港區內,臺中港,外輪,漁船,兩船碰撞,1
10708,其他,其他,其他,外輪,漁船,兩船碰撞,1
10708,其他,其他,其他,外輪,漁船,非常變故,2
10708,其他,其他,其他,外輪,漁船,其他,1
10708,其他,其他,其他,外輪,漁船,其他,1
10708,其他,其他,其他,外輪,漁船,非常變故,1
10708,我國海域,港區內,高雄港,國輪,其他,兩船碰撞,1
10708,我國海域,港區內,台北港,國輪,其他,傾覆,1
10708,其他,其他,其他,國輪,其他,機器故障,1
10709,其他,其他,其他,國輪,商船,觸礁或擱淺,1
10709,其他,其他,其他,國輪,商船,觸礁或擱淺,3
10709,其他,其他,其他,國輪,商船,失火,1
10709,其他,其他,其他,國輪,漁船,其他,1
10709,我國海域,港區內,高雄港,外輪,漁船,觸礁或擱淺,1
10709,我國海域,港區內,高雄港,外輪,漁船,觸礁或擱淺,1
10709,我國海域,港區內,高雄港,外輪,漁船,其他,1
10709,其他,其他,其他,外輪,漁船,觸礁或擱淺,2
10709,其他,其他,其他,外輪,漁船,觸礁或擱淺,1
10709,其他,其他,其他,外輪,漁船,非常變故,2
10709,其他,其他,其他,外輪,漁船,其他,1
10709,其他,其他,其他,外輪,漁船,非常變故,1
10709,我國海域,港區內,臺中港,國輪,其他,機器故障,1
10709,其他,其他,其他,外輪,其他,觸礁或擱淺,1
10709,其他,其他,其他,外輪,其他,非常變故,1
10710,其他,其他,其他,國輪,商船,兩船碰撞,1
10710,其他,其他,其他,國輪,商船,失火,1
10710,其他,其他,其他,國輪,商船,其他,2
10710,其他,其他,其他,國輪,商船,觸礁或擱淺,1
10710,其他,其他,其他,國輪,商船,其他,1
10710,其他,其他,其他,國輪,商船,失火,1
10710,其他,其他,其他,國輪,商船,機器故障,2
10710,我國海域,港區內,臺中港,國輪,漁船,其他,2
10710,我國海域,港區內,臺中港,國輪,漁船,洩漏,1
10710,我國海域,港區內,基隆港,外輪,漁船,其他,1
10710,我國海域,港區內,高雄港,外輪,漁船,兩船碰撞,1
10710,我國海域,港區內,臺中港,外輪,漁船,其他,3
10710,我國海域,港區內,臺中港,外輪,漁船,洩漏,1
10710,其他,其他,其他,國輪,漁船,兩船碰撞,1
10710,其他,其他,其他,外輪,漁船,其他,1
10710,其他,其他,其他,外輪,漁船,兩船碰撞,1
10710,其他,其他,其他,外輪,漁船,非常變故,6
10710,其他,其他,其他,外輪,漁船,非常變故,3
10710,我國海域,港區內,高雄港,國輪,其他,失火,2
10710,我國海域,港區內,臺中港,國輪,其他,其他,1
10711,我國海域,港區內,高雄港,國輪,商船,兩船碰撞,1
10711,其他,其他,其他,國輪,商船,機器故障,1
10711,我國海域,港區內,高雄港,國輪,漁船,兩船碰撞,2
10711,我國海域,港區內,高雄港,外輪,漁船,兩船碰撞,1
10711,我國海域,港區內,高雄港,外輪,漁船,機器故障,1
10711,其他,其他,其他,外輪,漁船,兩船碰撞,1
10711,其他,其他,其他,外輪,漁船,非常變故,2
10711,我國海域,港區內,蘇澳港,國輪,其他,兩船碰撞,1
10711,我國海域,港區內,臺中港,國輪,其他,兩船碰撞,1
10712,其他,其他,其他,國輪,商船,失火,1
10712,我國海域,港區內,高雄港,國輪,商船,失火,1
10712,其他,其他,其他,國輪,商船,失火,1
10712,其他,其他,其他,國輪,商船,兩船碰撞,2
10712,其他,其他,其他,國輪,商船,其他,1
10712,其他,其他,其他,國輪,商船,失火,1
10712,我國海域,港區內,臺中港,國輪,漁船,,1
10712,我國海域,港區內,臺中港,國輪,漁船,其他,1
10712,我國海域,港區內,基隆港,外輪,漁船,兩船碰撞,1
10712,其他,其他,其他,外輪,漁船,兩船碰撞,1
10712,其他,其他,其他,外輪,漁船,非常變故,1
10712,其他,其他,其他,外輪,漁船,非常變故,1
10712,其他,其他,其他,外輪,漁船,兩船碰撞,1
10712,我國海域,港區內,基隆港,國輪,其他,機器故障,1
10712,我國海域,港區內,基隆港,國輪,其他,其他,1
10712,我國海域,港區內,基隆港,外輪,其他,觸礁或擱淺,1
10801,其他,其他,其他,國輪,商船,失火,1
10801,其他,其他,其他,國輪,商船,兩船碰撞,1
10801,其他,其他,其他,國輪,商船,兩船碰撞,1
10801,我國海域,港區內,高雄港,國輪,商船,其他,1
10801,我國海域,港區內,高雄港,國輪,商船,兩船碰撞,1
10801,其他,其他,其他,國輪,商船,失火,1
10801,其他,其他,其他,國輪,商船,兩船碰撞,1
10801,其他,其他,其他,國輪,商船,觸礁或擱淺,1
10801,其他,其他,其他,國輪,商船,兩船碰撞,1
10801,其他,其他,其他,國輪,商船,其他,1
10801,其他,其他,其他,國輪,商船,機器故障,1
10801,我國海域,港區內,高雄港,外輪,漁船,非常變故,1
10801,我國海域,港區內,高雄港,外輪,漁船,其他,1
10801,我國海域,港區內,台北港,外輪,漁船,其他,1
10801,我國海域,港區內,臺中港,外輪,漁船,其他,1
10801,其他,其他,其他,國輪,漁船,其他,1
10801,其他,其他,其他,外輪,漁船,其他,1
10801,其他,其他,其他,外輪,漁船,兩船碰撞,1
10801,我國海域,港區內,臺中港,外輪,漁船,非常變故,1
10801,其他,其他,其他,國輪,漁船,其他,1
10801,其他,其他,其他,外輪,漁船,其他,1
10801,其他,其他,其他,外輪,漁船,非常變故,1
10801,其他,其他,其他,外輪,漁船,非常變故,1
10801,其他,其他,其他,國輪,漁船,兩船碰撞,1
10801,其他,其他,其他,外輪,漁船,非常變故,2
10801,其他,其他,其他,外輪,漁船,非常變故,1
10802,其他,其他,其他,國輪,商船,機器故障,1
10802,其他,其他,其他,國輪,商船,觸礁或擱淺,1
10802,其他,其他,其他,國輪,商船,兩船碰撞,2
10802,其他,其他,其他,國輪,商船,其他,1
10802,其他,其他,其他,國輪,商船,失火,1
10802,其他,其他,其他,國輪,商船,機器故障,1
10802,其他,其他,其他,國輪,漁船,與其他物碰撞,1
10802,其他,其他,其他,外輪,漁船,非常變故,2
10802,我國海域,港區內,花蓮港,國輪,其他,與其他物碰撞,1
10803,其他,其他,其他,國輪,商船,其他,1
10803,其他,其他,其他,國輪,商船,其他,1
10803,其他,其他,其他,國輪,商船,兩船碰撞,1
10803,其他,其他,其他,國輪,商船,其他,1
10803,我國海域,港區內,高雄港,國輪,商船,兩船碰撞,1
10803,其他,其他,其他,國輪,商船,失火,2
10803,其他,其他,其他,國輪,商船,其他,2
10803,我國海域,港區內,花蓮港,國輪,漁船,兩船碰撞,1
10803,我國海域,港區內,基隆港,外輪,漁船,兩船碰撞,1
10803,其他,其他,其他,國輪,漁船,其他,1
10803,其他,其他,其他,國輪,漁船,兩船碰撞,1
10803,我國海域,港區內,花蓮港,外輪,漁船,機器故障,1
10803,我國海域,港區內,高雄港,外輪,漁船,兩船碰撞,1
10803,我國海域,港區內,臺中港,外輪,漁船,兩船碰撞,1
10803,我國海域,港區內,臺中港,外輪,漁船,非常變故,1
10803,其他,其他,其他,外輪,漁船,非常變故,2
10803,其他,其他,其他,外輪,漁船,非常變故,1
10803,其他,其他,其他,外輪,漁船,非常變故,2
10803,我國海域,港區內,花蓮港,國輪,其他,兩船碰撞,1
10804,其他,其他,其他,國輪,商船,其他,1
10804,其他,其他,其他,國輪,商船,其他,1
10804,其他,其他,其他,國輪,商船,其他,1
10804,其他,其他,其他,國輪,商船,機器故障,1
10804,其他,其他,其他,國輪,商船,其他,1
10804,其他,其他,其他,國輪,商船,兩船碰撞,1
10804,我國海域,港區內,安平港,國輪,商船,機器故障,1
10804,其他,其他,其他,國輪,商船,機器故障,1
10804,我國海域,港區內,高雄港,國輪,商船,其他,1
10804,其他,其他,其他,國輪,商船,其他,1
10804,我國海域,港區內,高雄港,國輪,商船,機器故障,1
10804,其他,其他,其他,國輪,漁船,與其他物碰撞,1
10804,我國海域,港區內,高雄港,外輪,漁船,與其他物碰撞,1
10804,我國海域,港區內,基隆港,外輪,漁船,其他,1
10804,其他,其他,其他,外輪,漁船,非常變故,3
10804,其他,其他,其他,外輪,漁船,其他,1
10804,其他,其他,其他,外輪,漁船,非常變故,2
10804,我國海域,港區內,安平港,國輪,其他,其他,1
10805,其他,其他,其他,國輪,商船,觸礁或擱淺,1
10805,其他,其他,其他,國輪,商船,其他,1
10805,我國海域,港區內,蘇澳港,國輪,商船,其他,1
10805,其他,其他,其他,國輪,商船,其他,1
10805,其他,其他,其他,國輪,商船,其他,1
10805,其他,其他,其他,國輪,漁船,其他,1
10805,我國海域,港區內,臺中港,國輪,漁船,其他,1
10805,我國海域,港區內,高雄港,外輪,漁船,與其他物碰撞,1
10805,其他,其他,其他,外輪,漁船,與其他物碰撞,1
10805,我國海域,港區內,台北港,外輪,漁船,兩船碰撞,1
10805,其他,其他,其他,國輪,漁船,其他,1
10805,其他,其他,其他,國輪,漁船,機器故障,1
10805,其他,其他,其他,國輪,漁船,機器故障,1
10805,其他,其他,其他,外輪,漁船,非常變故,1
10805,其他,其他,其他,外輪,漁船,與其他物碰撞,1
10805,其他,其他,其他,外輪,漁船,非常變故,2
10807,其他,其他,其他,國輪,商船,其他,1
10807,我國海域,港區內,高雄港,國輪,商船,其他,1
10807,我國海域,港區內,安平港,國輪,商船,傾覆,1
10807,我國海域,港區內,基隆港,國輪,商船,其他,1
10807,我國海域,港區內,高雄港,國輪,商船,其他,1
10807,我國海域,港區內,高雄港,國輪,商船,兩船碰撞,2
10807,其他,其他,其他,國輪,商船,機器故障,1
10807,其他,其他,其他,國輪,商船,其他,1
10807,其他,其他,其他,外輪,漁船,其他,1
10807,我國海域,港區內,基隆港,外輪,漁船,觸礁或擱淺,1
10807,我國海域,港區內,基隆港,外輪,漁船,與其他物碰撞,1
10807,我國海域,港區內,台北港,外輪,漁船,與其他物碰撞,1
10807,其他,其他,其他,國輪,漁船,機器故障,1
10807,其他,其他,其他,外輪,漁船,非常變故,2
10807,我國海域,港區內,臺中港,國輪,其他,與其他物碰撞,2
10808,其他,其他,其他,國輪,商船,其他,1
10808,其他,其他,其他,國輪,商船,其他,1
10808,其他,其他,其他,國輪,商船,其他,1
10808,其他,其他,其他,國輪,商船,失火,1
10808,我國海域,港區內,基隆港,國輪,商船,其他,1
10808,其他,其他,其他,國輪,商船,失火,1
10808,其他,其他,其他,國輪,商船,其他,1
10808,其他,其他,其他,國輪,漁船,觸礁或擱淺,1
10808,其他,其他,其他,國輪,漁船,觸礁或擱淺,1
10808,其他,其他,其他,國輪,漁船,機器故障,1
10808,其他,其他,其他,國輪,漁船,兩船碰撞,1
10808,我國海域,港區內,台北港,外輪,漁船,其他,1
10808,我國海域,港區內,臺中港,外輪,漁船,兩船碰撞,1
10808,其他,其他,其他,外輪,漁船,非常變故,1
10808,其他,其他,其他,外輪,漁船,非常變故,1
10808,其他,其他,其他,外輪,漁船,非常變故,2
10808,我國海域,港區內,高雄港,國輪,其他,其他,1
10809,其他,其他,其他,國輪,商船,失火,1
10809,我國海域,港區內,高雄港,國輪,商船,其他,1
10809,其他,其他,其他,國輪,商船,失火,1
10809,我國海域,港區內,高雄港,國輪,商船,機器故障,1
10809,其他,其他,其他,國輪,商船,兩船碰撞,1
10809,我國海域,港區內,台北港,國輪,商船,失火,1
10809,我國海域,港區內,台北港,國輪,商船,機器故障,1
10809,其他,其他,其他,國輪,商船,機器故障,2
10809,我國海域,港區內,高雄港,外輪,漁船,兩船碰撞,2
10809,我國海域,港區內,蘇澳港,外輪,漁船,觸礁或擱淺,1
10809,我國海域,港區內,台北港,外輪,漁船,兩船碰撞,1
10809,我國海域,港區內,臺中港,外輪,漁船,其他,1
10809,我國海域,港區內,基隆港,外輪,漁船,機器故障,1
10809,我國海域,港區內,基隆港,外輪,漁船,非常變故,1
10809,其他,其他,其他,外輪,漁船,非常變故,1
10809,其他,其他,其他,外輪,漁船,非常變故,2
10809,其他,其他,其他,國輪,其他,觸礁或擱淺,1
10810,我國海域,港區內,高雄港,國輪,商船,兩船碰撞,1
10810,其他,其他,其他,國輪,商船,其他,1
10810,我國海域,港區內,蘇澳港,國輪,商船,其他,1
10810,其他,其他,其他,國輪,商船,觸礁或擱淺,1
10810,其他,其他,其他,國輪,商船,,1
10810,其他,其他,其他,國輪,商船,兩船碰撞,1
10810,我國海域,港區內,高雄港,國輪,漁船,兩船碰撞,1
10810,其他,其他,其他,國輪,漁船,觸礁或擱淺,1
10810,我國海域,港區內,高雄港,外輪,漁船,兩船碰撞,1
10810,其他,其他,其他,國輪,漁船,觸礁或擱淺,1
10810,其他,其他,其他,國輪,漁船,其他,1
10810,我國海域,港區內,臺中港,外輪,漁船,兩船碰撞,1
10810,我國海域,港區內,臺中港,外輪,漁船,觸礁或擱淺,1
10810,其他,其他,其他,外輪,漁船,兩船碰撞,1
10810,其他,其他,其他,外輪,漁船,非常變故,2
10810,其他,其他,其他,外輪,漁船,其他,1
10810,其他,其他,其他,外輪,漁船,非常變故,3
10810,我國海域,港區內,蘇澳港,國輪,其他,兩船碰撞,1
10810,其他,其他,其他,外輪,其他,其他,1
10902,其他,其他,其他,國輪,商船,其他,1
10902,其他,其他,其他,國輪,商船,兩船碰撞,1
10902,其他,其他,其他,國輪,漁船,兩船碰撞,2
10902,我國海域,港區內,高雄港,外輪,漁船,其他,1
10902,其他,其他,其他,外輪,漁船,與其他物碰撞,1
10902,我國海域,港區內,臺中港,外輪,漁船,兩船碰撞,1
10902,其他,其他,其他,外輪,漁船,機器故障,1
10902,其他,其他,其他,外輪,漁船,非常變故,2
10902,我國海域,港區內,高雄港,國輪,其他,其他,1
10902,其他,其他,其他,國輪,其他,其他,1
10903,我國海域,港區內,基隆港,國輪,商船,與其他物碰撞,1
10903,我國海域,港區內,高雄港,國輪,商船,兩船碰撞,1
10903,我國海域,港區內,安平港,國輪,商船,其他,1
10903,我國海域,港區內,基隆港,國輪,商船,機器故障,1
10903,我國海域,港區內,高雄港,國輪,商船,其他,1
10903,其他,其他,其他,國輪,商船,兩船碰撞,1
10903,其他,其他,其他,國輪,商船,其他,1
10903,其他,其他,其他,國輪,商船,機器故障,1
10903,其他,其他,其他,國輪,商船,其他,1
10903,我國海域,港區內,高雄港,國輪,漁船,兩船碰撞,1
10903,我國海域,港區內,高雄港,國輪,漁船,與其他物碰撞,1
10903,其他,其他,其他,國輪,漁船,兩船碰撞,2
10903,我國海域,港區內,高雄港,外輪,漁船,與其他物碰撞,1
10903,我國海域,港區內,台北港,外輪,漁船,兩船碰撞,1
10903,我國海域,港區內,臺中港,外輪,漁船,非常變故,1
10903,我國海域,港區內,台北港,國輪,漁船,失火,1
10903,其他,其他,其他,國輪,漁船,其他,1
10903,其他,其他,其他,外輪,漁船,非常變故,1
10903,其他,其他,其他,外輪,漁船,非常變故,1
10903,其他,其他,其他,外輪,漁船,非常變故,1
10903,我國海域,港區內,台北港,國輪,其他,兩船碰撞,1
10903,我國海域,港區內,臺中港,國輪,其他,其他,1
10904,其他,其他,其他,國輪,商船,失火,1
10904,其他,其他,其他,國輪,商船,觸礁或擱淺,1
10904,其他,其他,其他,國輪,商船,兩船碰撞,1
10904,其他,其他,其他,國輪,商船,兩船碰撞,1
10904,其他,其他,其他,國輪,商船,機器故障,1
10904,其他,其他,其他,國輪,商船,機器故障,1
10904,其他,其他,其他,外輪,商船,其他,1
10904,其他,其他,其他,國輪,漁船,兩船碰撞,1
10904,其他,其他,其他,國輪,漁船,觸礁或擱淺,1
10904,其他,其他,其他,國輪,漁船,與其他物碰撞,1
10904,我國海域,港區內,台北港,外輪,漁船,其他,1
10904,我國海域,港區內,台北港,外輪,漁船,其他,1
10904,我國海域,港區內,台北港,國輪,漁船,兩船碰撞,1
10904,其他,其他,其他,外輪,漁船,非常變故,2
10904,其他,其他,其他,國輪,其他,機器故障,1
10905,我國海域,港區內,花蓮港,國輪,商船,兩船碰撞,1
10905,其他,其他,其他,國輪,商船,機器故障,1
10905,我國海域,港區內,蘇澳港,國輪,商船,機器故障,1
10905,其他,其他,其他,國輪,商船,兩船碰撞,4
10905,其他,其他,其他,國輪,商船,其他,1
10905,其他,其他,其他,國輪,商船,機器故障,1
10905,我國海域,港區內,安平港,外輪,漁船,機器故障,1
10905,其他,其他,其他,外輪,漁船,其他,1
10905,我國海域,港區內,臺中港,外輪,漁船,與其他物碰撞,1
10905,其他,其他,其他,外輪,漁船,非常變故,2
10905,其他,其他,其他,國輪,其他,爆炸,1
10905,其他,其他,其他,國輪,其他,觸礁或擱淺,1
10905,其他,其他,其他,國輪,其他,機器故障,1
10906,其他,其他,其他,國輪,商船,失火,1
10906,其他,其他,其他,國輪,商船,非常變故,1
10906,其他,其他,其他,國輪,商船,失火,3
10906,其他,其他,其他,國輪,商船,失火,2
10906,其他,其他,其他,國輪,商船,兩船碰撞,1
10906,我國海域,港區內,高雄港,國輪,商船,機器故障,1
10906,其他,其他,其他,國輪,商船,其他,1
10906,我國海域,港區內,高雄港,國輪,漁船,與其他物碰撞,1
10906,我國海域,港區內,臺中港,國輪,漁船,兩船碰撞,1
10906,我國海域,港區內,高雄港,外輪,漁船,兩船碰撞,2
10906,我國海域,港區內,臺中港,外輪,漁船,與其他物碰撞,1
10806,其他,其他,其他,國輪,商船,兩船碰撞,1
10806,我國海域,港區內,高雄港,國輪,商船,傾覆,1
10806,其他,其他,其他,國輪,商船,失火,1
10806,其他,其他,其他,國輪,商船,觸礁或擱淺,1
10806,其他,其他,其他,國輪,商船,失火,1
10806,其他,其他,其他,國輪,漁船,機器故障,1
10806,我國海域,港區內,台北港,國輪,漁船,兩船碰撞,1
10806,我國海域,港區內,高雄港,外輪,漁船,與其他物碰撞,1
10806,其他,其他,其他,國輪,漁船,其他,1
10806,其他,其他,其他,外輪,漁船,其他,2
10806,其他,其他,其他,外輪,漁船,非常變故,3
10806,其他,其他,其他,外輪,漁船,其他,1
10806,其他,其他,其他,國輪,其他,與其他物碰撞,1
10806,我國海域,港區內,台北港,國輪,其他,其他,1
10811,我國海域,港區內,高雄港,國輪,商船,兩船碰撞,1
10811,我國海域,港區內,蘇澳港,國輪,商船,其他,1
10811,我國海域,港區內,蘇澳港,國輪,商船,機器故障,1
10811,我國海域,港區內,臺中港,國輪,商船,兩船碰撞,1
10811,其他,其他,其他,國輪,商船,失火,1
10811,其他,其他,其他,國輪,商船,兩船碰撞,1
10811,其他,其他,其他,國輪,商船,機器故障,1
10811,我國海域,港區內,基隆港,國輪,漁船,其他,1
10811,我國海域,港區內,高雄港,國輪,漁船,兩船碰撞,2
10811,我國海域,港區內,台北港,國輪,漁船,與其他物碰撞,1
10811,我國海域,港區內,基隆港,外輪,漁船,其他,1
10811,我國海域,港區內,臺中港,外輪,漁船,與其他物碰撞,1
10811,其他,其他,其他,國輪,漁船,其他,1
10811,其他,其他,其他,外輪,漁船,非常變故,4
10811,我國海域,港區內,基隆港,國輪,其他,其他,1
10811,我國海域,港區內,高雄港,國輪,其他,兩船碰撞,2
10811,我國海域,港區內,臺中港,國輪,其他,兩船碰撞,1
10812,其他,其他,其他,國輪,商船,兩船碰撞,1
10812,其他,其他,其他,國輪,商船,其他,1
10812,我國海域,港區內,安平港,國輪,商船,其他,1
10812,我國海域,港區內,蘇澳港,國輪,商船,兩船碰撞,1
10812,我國海域,港區內,蘇澳港,國輪,商船,機器故障,1
10812,其他,其他,其他,國輪,商船,機器故障,1
10812,其他,其他,其他,國輪,商船,其他,1
10812,其他,其他,其他,國輪,商船,觸礁或擱淺,1
10812,其他,其他,其他,國輪,商船,機器故障,1
10812,其他,其他,其他,國輪,商船,失火,1
10812,其他,其他,其他,國輪,商船,機器故障,1
10812,我國海域,港區內,花蓮港,國輪,漁船,其他,1
10812,我國海域,港區內,花蓮港,國輪,漁船,兩船碰撞,2
10812,我國海域,港區內,臺中港,國輪,漁船,兩船碰撞,1
10812,我國海域,港區內,高雄港,外輪,漁船,兩船碰撞,1
10812,我國海域,港區內,臺中港,國輪,漁船,失火,1
10812,其他,其他,其他,外輪,漁船,非常變故,1
10812,我國海域,港區內,台北港,外輪,漁船,非常變故,1
10812,其他,其他,其他,外輪,漁船,非常變故,1
10812,其他,其他,其他,外輪,漁船,非常變故,1
10812,其他,其他,其他,國輪,漁船,兩船碰撞,1
10812,其他,其他,其他,外輪,漁船,非常變故,4
10812,我國海域,港區內,高雄港,外輪,其他,兩船碰撞,1
10901,其他,其他,其他,國輪,商船,其他,3
10901,我國海域,港區內,高雄港,國輪,商船,與其他物碰撞,1
10901,我國海域,港區內,安平港,國輪,商船,其他,1
10901,我國海域,港區內,花蓮港,國輪,商船,失火,1
10901,我國海域,港區內,高雄港,國輪,商船,失火,1
10901,其他,其他,其他,國輪,商船,機器故障,1
10901,其他,其他,其他,國輪,商船,觸礁或擱淺,1
10901,其他,其他,其他,國輪,商船,失火,1
10901,其他,其他,其他,國輪,商船,非常變故,1
10901,其他,其他,其他,國輪,商船,其他,1
10901,其他,其他,其他,國輪,商船,機器故障,1
10901,我國海域,港區內,台北港,國輪,漁船,其他,2
10901,我國海域,港區內,基隆港,外輪,漁船,觸礁或擱淺,1
10901,我國海域,港區內,高雄港,外輪,漁船,兩船碰撞,1
10901,其他,其他,其他,國輪,漁船,機器故障,1
10901,我國海域,港區內,臺中港,外輪,漁船,機器故障,1
10901,其他,其他,其他,外輪,漁船,非常變故,3
10901,我國海域,港區內,高雄港,國輪,其他,兩船碰撞,2
10901,我國海域,港區內,臺中港,國輪,其他,其他,1
10906,其他,其他,其他,國輪,漁船,機器故障,1
10906,其他,其他,其他,外輪,漁船,非常變故,1
10906,其他,其他,其他,外輪,漁船,與其他物碰撞,1
10906,我國海域,港區內,花蓮港,國輪,其他,兩船碰撞,2
10906,其他,其他,其他,國輪,其他,其他,1
10906,我國海域,港區內,臺中港,國輪,其他,其他,1
10906,我國海域,港區內,臺中港,外輪,其他,兩船碰撞,1
10907,其他,其他,其他,國輪,商船,失火,1
10907,其他,其他,其他,國輪,商船,失火,1
10907,其他,其他,其他,國輪,商船,機器故障,1
10907,其他,其他,其他,國輪,商船,觸礁或擱淺,1
10907,我國海域,港區內,基隆港,國輪,商船,其他,1
10907,我國海域,港區內,基隆港,國輪,商船,失火,1
10907,我國海域,港區內,高雄港,國輪,商船,機器故障,1
10907,其他,其他,其他,國輪,商船,失火,1
10907,我國海域,港區內,臺中港,國輪,商船,兩船碰撞,1
10907,其他,其他,其他,國輪,商船,失火,1
10907,其他,其他,其他,國輪,商船,其他,2
10907,其他,其他,其他,國輪,商船,失火,1
10907,其他,其他,其他,國輪,商船,機器故障,1
10907,其他,其他,其他,國輪,商船,其他,1
10907,我國海域,港區內,基隆港,國輪,漁船,與其他物碰撞,1
10907,我國海域,港區內,高雄港,國輪,漁船,機器故障,1
10907,我國海域,港區內,臺中港,國輪,漁船,機器故障,1
10907,我國海域,港區內,高雄港,外輪,漁船,與其他物碰撞,1
10907,我國海域,港區內,高雄港,外輪,漁船,機器故障,1
10907,其他,其他,其他,國輪,漁船,機器故障,1
10907,其他,其他,其他,國輪,漁船,其他,1
10907,我國海域,港區內,台北港,外輪,漁船,與其他物碰撞,1
10907,我國海域,港區內,臺中港,外輪,漁船,兩船碰撞,1
10907,其他,其他,其他,外輪,漁船,非常變故,1
10907,其他,其他,其他,外輪,漁船,非常變故,1
10907,我國海域,港區內,高雄港,國輪,其他,機器故障,1
10907,我國海域,港區內,基隆港,國輪,其他,觸礁或擱淺,1
10908,其他,其他,其他,國輪,商船,失火,1
10908,其他,其他,其他,國輪,商船,兩船碰撞,1
10908,其他,其他,其他,國輪,商船,機器故障,1
10908,我國海域,港區內,高雄港,國輪,漁船,兩船碰撞,2
10908,我國海域,港區內,高雄港,外輪,漁船,兩船碰撞,1
10908,我國海域,港區內,臺中港,國輪,漁船,與其他物碰撞,1
10908,其他,其他,其他,外輪,漁船,非常變故,1
10908,其他,其他,其他,外輪,漁船,非常變故,1
10908,我國海域,港區內,高雄港,國輪,其他,兩船碰撞,1
10909,其他,其他,其他,國輪,商船,失火,1
10909,其他,其他,其他,國輪,商船,失火,2
10909,其他,其他,其他,國輪,商船,傾覆,1
10909,其他,其他,其他,國輪,商船,其他,1
10909,其他,其他,其他,國輪,商船,其他,2
10909,其他,其他,其他,國輪,商船,兩船碰撞,1
10909,其他,其他,其他,國輪,漁船,機器故障,1
10909,其他,其他,其他,國輪,漁船,兩船碰撞,1
10909,其他,其他,其他,外輪,漁船,非常變故,1
10909,我國海域,港區內,蘇澳港,國輪,其他,其他,1
10910,其他,其他,其他,國輪,商船,其他,1
10910,其他,其他,其他,國輪,商船,兩船碰撞,2
10910,我國海域,港區內,基隆港,國輪,商船,機器故障,1
10910,其他,其他,其他,國輪,漁船,其他,1
10910,其他,其他,其他,外輪,漁船,非常變故,2
10911,其他,其他,其他,國輪,商船,其他,1
10911,我國海域,港區內,蘇澳港,國輪,商船,觸礁或擱淺,1
10911,我國海域,港區內,蘇澳港,國輪,商船,其他,1
10911,我國海域,港區內,花蓮港,國輪,商船,觸礁或擱淺,1
10911,我國海域,港區內,基隆港,國輪,商船,兩船碰撞,1
10911,我國海域,港區內,蘇澳港,國輪,商船,觸礁或擱淺,1
10911,其他,其他,其他,國輪,商船,其他,1
10911,我國海域,港區內,台北港,國輪,商船,機器故障,1
10911,其他,其他,其他,國輪,漁船,兩船碰撞,1
10911,我國海域,港區內,高雄港,國輪,漁船,失火,1
10911,其他,其他,其他,國輪,漁船,與其他物碰撞,1
10911,我國海域,港區內,臺中港,國輪,漁船,其他,1
10911,我國海域,港區內,臺中港,外輪,漁船,與其他物碰撞,1
10911,我國海域,港區內,基隆港,外輪,漁船,機器故障,1
10911,我國海域,港區內,高雄港,外輪,漁船,其他,1
10911,其他,其他,其他,外輪,漁船,非常變故,1
10911,其他,其他,其他,外輪,漁船,非常變故,1
10911,其他,其他,其他,外輪,漁船,非常變故,2
10911,我國海域,港區內,高雄港,國輪,其他,與其他物碰撞,1
10912,我國海域,港區內,安平港,國輪,商船,兩船碰撞,1
10912,我國海域,港區內,蘇澳港,國輪,商船,兩船碰撞,1
10912,其他,其他,其他,國輪,商船,其他,1
10912,其他,其他,其他,國輪,漁船,失火,1
10912,其他,其他,其他,外輪,漁船,非常變故,1
11002,其他,其他,其他,國輪,商船,其他,1
11002,其他,其他,其他,國輪,商船,其他,1
11002,其他,其他,其他,國輪,商船,觸礁或擱淺,1
11002,我國海域,港區內,安平港,國輪,商船,兩船碰撞,1
11002,其他,其他,其他,國輪,商船,其他,1
11002,其他,其他,其他,國輪,商船,失火,1
11002,其他,其他,其他,國輪,商船,其他,1
11002,其他,其他,其他,國輪,商船,其他,1
11002,其他,其他,其他,國輪,商船,其他,2
11002,其他,其他,其他,國輪,商船,觸礁或擱淺,1
11002,我國海域,港區內,高雄港,國輪,漁船,兩船碰撞,2
11002,我國海域,港區內,高雄港,國輪,漁船,與其他物碰撞,1
11002,我國海域,港區內,臺中港,國輪,漁船,兩船碰撞,1
11002,我國海域,港區內,基隆港,外輪,漁船,與其他物碰撞,1
11002,其他,其他,其他,國輪,漁船,其他,1
11002,我國海域,港區內,高雄港,外輪,漁船,兩船碰撞,1
11002,我國海域,港區內,臺中港,外輪,漁船,機器故障,1
11002,其他,其他,其他,外輪,漁船,非常變故,1
11002,其他,其他,其他,外輪,漁船,非常變故,1
11002,其他,其他,其他,外輪,漁船,非常變故,2
11002,其他,其他,其他,外輪,漁船,其他,1
11002,我國海域,港區內,高雄港,國輪,其他,兩船碰撞,1
11002,其他,其他,其他,國輪,其他,其他,1
11003,我國海域,港區內,高雄港,國輪,商船,兩船碰撞,2
11003,我國海域,港區內,蘇澳港,國輪,商船,觸礁或擱淺,1
11003,我國海域,港區內,蘇澳港,國輪,商船,其他,1
11003,其他,其他,其他,國輪,商船,觸礁或擱淺,1
11003,其他,其他,其他,國輪,商船,傾覆,1
11003,其他,其他,其他,國輪,商船,機器故障,1
11003,其他,其他,其他,國輪,商船,機器故障,1
11003,我國海域,港區內,基隆港,國輪,漁船,兩船碰撞,1
11003,我國海域,港區內,高雄港,外輪,漁船,兩船碰撞,1
11003,我國海域,港區內,高雄港,外輪,漁船,其他,1
11003,我國海域,港區內,臺中港,外輪,漁船,機器故障,1
11003,我國海域,港區內,花蓮港,國輪,漁船,機器故障,1
11003,我國海域,港區內,基隆港,外輪,漁船,非常變故,1
11003,其他,其他,其他,外輪,漁船,其他,1
11003,其他,其他,其他,外輪,漁船,非常變故,2
11003,其他,其他,其他,外輪,漁船,非常變故,1
11003,我國海域,港區內,基隆港,國輪,其他,兩船碰撞,2
11003,我國海域,港區內,安平港,國輪,其他,兩船碰撞,1
11004,我國海域,港區內,蘇澳港,國輪,商船,兩船碰撞,2
11004,其他,其他,其他,國輪,商船,兩船碰撞,1
11004,其他,其他,其他,國輪,商船,其他,5
11004,其他,其他,其他,國輪,商船,機器故障,1
11004,其他,其他,其他,國輪,漁船,機器故障,1
11004,我國海域,港區內,高雄港,外輪,漁船,兩船碰撞,1
11004,我國海域,港區內,高雄港,外輪,漁船,其他,1
11004,其他,其他,其他,外輪,漁船,兩船碰撞,1
11004,其他,其他,其他,外輪,漁船,非常變故,1
11004,其他,其他,其他,外輪,漁船,非常變故,1
11004,我國海域,港區內,基隆港,外輪,漁船,其他,1
11004,我國海域,港區內,臺中港,國輪,其他,兩船碰撞,1
11004,我國海域,港區內,臺中港,國輪,其他,傾覆,1
11005,其他,其他,其他,國輪,商船,其他,1
11005,我國海域,港區內,安平港,國輪,商船,兩船碰撞,1
11005,其他,其他,其他,國輪,商船,機器故障,1
11005,我國海域,港區內,高雄港,國輪,商船,兩船碰撞,1
11005,我國海域,港區內,蘇澳港,國輪,商船,失火,1
11005,其他,其他,其他,國輪,商船,觸礁或擱淺,1
11005,其他,其他,其他,國輪,商船,機器故障,1
11005,其他,其他,其他,國輪,商船,其他,1
11005,其他,其他,其他,國輪,商船,非常變故,1
11005,其他,其他,其他,外輪,漁船,非常變故,1
11005,其他,其他,其他,國輪,其他,傾覆,1
11005,其他,其他,其他,外輪,其他,其他,1
