時間,臺灣港口,貨物別,地區別,重量(公噸)
098年01月,基隆港,瀝青,廣東廣州,4186
098年03月,基隆港,瀝青,廣東廣州,3265
098年04月,基隆港,瀝青,廣東廣州,2937
098年04月,基隆港,瀝青,江蘇江陰,4113
098年09月,基隆港,其他,廣東蛇口,46
098年10月,基隆港,其他,山東青島,3
099年04月,基隆港,鋼材,天津,2
099年06月,基隆港,其他,廣東東莞,62
099年08月,基隆港,其他,廣東三山,363
099年11月,基隆港,鋼材,上海,1
099年11月,基隆港,其他,廣東中山,62
100年01月,基隆港,鋼材,天津,6
100年01月,基隆港,其他,廣東麻涌,142
100年03月,基隆港,其他,天津新港,10
100年04月,基隆港,其他,天津新港,5
100年05月,基隆港,鋼材,天津,7
100年05月,基隆港,其他,天津新港,17
100年06月,基隆港,其他,廣東沙田,208
100年07月,基隆港,鋼材,天津,5
101年11月,基隆港,鋼材,上海,1
101年12月,基隆港,其他,上海,1
102年01月,基隆港,鋼材,上海,1
102年01月,基隆港,其他,上海,1
102年12月,基隆港,鋼材,上海,5
103年03月,基隆港,鋼材,上海,1
103年05月,基隆港,製材,廣東東莞,2
103年05月,基隆港,其他,上海,1
103年07月,基隆港,製材,廣東東莞,2
104年01月,基隆港,薪材,福建馬尾,1
104年01月,基隆港,其他,上海浦東機場,1
104年08月,基隆港,製材,廣東東莞,1
104年10月,基隆港,製材,廣東東莞,1
104年10月,基隆港,其他,江蘇昆山,4
104年10月,基隆港,其他,浙江寧波,1
104年11月,基隆港,其他,江蘇昆山,6
104年11月,基隆港,其他,浙江寧波,1
104年11月,基隆港,其他,天津新港,146
104年11月,基隆港,其他,福建廈門,1
104年12月,基隆港,製材,廣東東莞,1
104年12月,基隆港,其他,江蘇昆山,3
105年01月,基隆港,鋼材,遼寧大連,1
105年02月,基隆港,其他,浙江寧波,2
105年03月,基隆港,製材,廣東東莞,2
105年03月,基隆港,其他,江蘇昆山,2
105年03月,基隆港,其他,上海,3
105年04月,基隆港,其他,江蘇昆山,2
105年04月,基隆港,其他,上海,3
105年05月,基隆港,鋼材,遼寧大連,1
105年05月,基隆港,其他,廣東黃埔,55
105年05月,基隆港,其他,江蘇昆山,2
105年05月,基隆港,其他,上海,1
105年05月,基隆港,其他,福建廈門,1
105年06月,基隆港,其他,江蘇昆山,2
105年07月,基隆港,其他,江蘇昆山,2
105年08月,基隆港,其他,江蘇昆山,2
105年08月,基隆港,其他,上海,1
105年08月,基隆港,其他,天津新港,2
105年09月,基隆港,其他,江蘇昆山,2
105年10月,基隆港,其他,江蘇昆山,3
105年11月,基隆港,其他,江蘇昆山,2
105年12月,基隆港,鋼材,遼寧大連,2
105年12月,基隆港,其他,江蘇昆山,2
106年01月,基隆港,鋼材,遼寧大連,1
106年01月,基隆港,其他,江蘇昆山,3
106年03月,基隆港,其他,江蘇昆山,2
106年04月,基隆港,其他,江蘇昆山,1
106年04月,基隆港,其他,廣東蛇口,1
106年05月,基隆港,其他,江蘇昆山,1
106年06月,基隆港,鋼材,遼寧大連,1
106年06月,基隆港,其他,江蘇昆山,1
106年06月,基隆港,其他,上海,6
106年07月,基隆港,其他,江蘇昆山,2
106年08月,基隆港,其他,江蘇昆山,3
106年09月,基隆港,其他,江蘇昆山,3
106年10月,基隆港,其他,江蘇昆山,3
106年11月,基隆港,鋼材,遼寧大連,1
106年11月,基隆港,其他,江蘇昆山,2
106年11月,基隆港,其他,上海,1
106年12月,基隆港,其他,江蘇昆山,1
106年12月,基隆港,其他,天津新港,3
107年01月,基隆港,其他,江蘇昆山,1
107年03月,基隆港,其他,江蘇昆山,1
107年04月,基隆港,其他,江蘇昆山,1
107年05月,基隆港,其他,江蘇昆山,1
107年06月,基隆港,其他,廣東黃埔,3
107年06月,基隆港,其他,江蘇昆山,1
107年07月,基隆港,鋼材,遼寧大連,1
107年07月,基隆港,其他,上海,2
107年08月,基隆港,其他,江蘇昆山,1
107年08月,基隆港,其他,天津新港,1
107年09月,基隆港,其他,江蘇昆山,2
107年09月,基隆港,其他,山東青島,1
107年10月,基隆港,鋼材,天津新港,1
107年12月,基隆港,其他,廣東黃埔新港,5
107年12月,基隆港,其他,天津新港,1
108年02月,基隆港,其他,廣東黃埔新港,4
108年02月,基隆港,其他,山東青島,1
108年03月,基隆港,鋼材,天津新港,1
108年04月,基隆港,其他,廣東黃埔,3
108年04月,基隆港,其他,福建廈門,5
108年06月,基隆港,其他,廣東黃埔,3
108年09月,基隆港,其他,廣東黃埔,3
108年11月,基隆港,其他,廣東蓮花山,1
108年11月,基隆港,其他,上海,1
109年03月,基隆港,其他,廣東蓮花山,3
109年06月,基隆港,其他,廣東蓮花山,2
109年06月,基隆港,其他,上海,4
109年08月,基隆港,其他,廣東蓮花山,6
109年08月,基隆港,其他,廣東鹽田,1
109年09月,基隆港,其他,廣東蓮花山,3
109年10月,基隆港,其他,廣東蓮花山,7
109年11月,基隆港,其他,廣東蓮花山,6
109年12月,基隆港,其他,上海,2
110年01月,基隆港,其他,天津新港,1
098年02月,臺中港,化工原料,江蘇常熟,1201
098年02月,臺中港,其他,廣東蛇口,443
098年04月,臺中港,化工原料,上海,80
098年04月,臺中港,製材,上海,2
098年04月,臺中港,其他,廣東蛇口,608
098年05月,臺中港,化工原料,上海,40
098年05月,臺中港,其他,廣東蛇口,615
098年06月,臺中港,其他,廣東蛇口,592
098年07月,臺中港,化工原料,上海,40
098年07月,臺中港,其他,遼寧鱍魚圈,5500
098年07月,臺中港,其他,江蘇常熟,918
098年07月,臺中港,其他,廣東蛇口,591
098年08月,臺中港,其他,江蘇南京,15000
098年08月,臺中港,其他,廣東蛇口,614
098年11月,臺中港,其他,河北京唐（唐山）,6500
098年11月,臺中港,其他,廣東蛇口,614
099年01月,臺中港,其他,廣東蛇口,615
099年02月,臺中港,其他,廣東蛇口,567
099年03月,臺中港,化工原料,浙江寧波,43
099年03月,臺中港,化工原料,天津,29
099年03月,臺中港,其他,江蘇南京,4950
099年05月,臺中港,其他,廣東蛇口,612
099年06月,臺中港,其他,廣東蛇口,613
099年08月,臺中港,其他,上海,17
099年09月,臺中港,其他,江蘇鎮江,23500
100年01月,臺中港,鋼材,上海,9
100年01月,臺中港,其他,廣東蛇口,616
100年02月,臺中港,鋼材,上海,3
100年03月,臺中港,鋼材,上海,26
100年03月,臺中港,其他,江蘇南通,6500
100年03月,臺中港,其他,廣東蛇口,592
100年05月,臺中港,鋼材,上海,8
100年06月,臺中港,鋼材,上海,3
100年07月,臺中港,鋼材,上海,3
100年08月,臺中港,鋼材,上海,3
100年09月,臺中港,鋼材,上海,5
100年11月,臺中港,鋼材,上海,7
100年12月,臺中港,鋼材,上海,2
101年02月,臺中港,其他,上海,27
101年11月,臺中港,化工原料,江蘇張家港,2021
102年03月,臺中港,化工原料,江蘇常熟,2845
102年03月,臺中港,化工原料,江蘇鎮江,2400
102年04月,臺中港,化工原料,江蘇常熟,2919
102年04月,臺中港,化工原料,江蘇泰州,2450
102年04月,臺中港,化工原料,江蘇張家港,4800
102年08月,臺中港,化工原料,廣東惠州,1024
103年01月,臺中港,其他,上海,38
103年02月,臺中港,其他,浙江寧波,128
103年07月,臺中港,其他,上海,33
103年08月,臺中港,其他,廣東黃埔,206
103年09月,臺中港,其他,廣東黃埔,1394
103年10月,臺中港,其他,山東煙臺,13000
103年11月,臺中港,其他,江蘇南通,12500
103年12月,臺中港,化工原料,浙江寧波,1997
103年12月,臺中港,其他,山東煙臺,13000
103年12月,臺中港,其他,福建漳州,6000
104年01月,臺中港,其他,福建福州,1132
104年02月,臺中港,化工原料,江蘇江陰,1841
104年03月,臺中港,化工原料,江蘇江陰,717
104年04月,臺中港,鹽類,江蘇江陰,1
104年04月,臺中港,其他,江蘇南通,7200
104年04月,臺中港,其他,山東煙臺,13000
104年05月,臺中港,化工原料,江蘇常熟,1012
104年05月,臺中港,化工原料,江蘇江陰,1499
104年05月,臺中港,其他,廣東黃埔,988
104年05月,臺中港,其他,山東煙臺,11000
104年10月,臺中港,其他,福建廈門,1
104年10月,臺中港,其他,山東煙臺,8500
104年11月,臺中港,其他,江蘇南通,6500
104年11月,臺中港,其他,山東煙臺,4300
104年12月,臺中港,其他,福建漳州,3500
105年01月,臺中港,化工原料,遼寧鱍魚圈,5999
105年01月,臺中港,其他,上海,2
105年01月,臺中港,其他,天津新港,55
105年02月,臺中港,其他,山東煙臺,9000
105年03月,臺中港,化工原料,遼寧鱍魚圈,3001
105年04月,臺中港,化工原料,遼寧鱍魚圈,2999
105年04月,臺中港,其他,福建廈門,1
105年05月,臺中港,化工原料,遼寧鱍魚圈,3000
105年05月,臺中港,其他,山東煙臺,11000
105年05月,臺中港,其他,福建漳州,3500
105年06月,臺中港,化工原料,遼寧鱍魚圈,6002
105年07月,臺中港,化工原料,遼寧鱍魚圈,3002
105年07月,臺中港,其他,山東煙臺,13000
105年09月,臺中港,其他,福建廈門,2
105年09月,臺中港,其他,山東煙臺,5500
105年11月,臺中港,其他,福建廈門,1
105年11月,臺中港,其他,山東煙臺,9000
105年11月,臺中港,其他,福建漳州,4000
106年01月,臺中港,鋼材,上海,3
106年03月,臺中港,鋼材,上海,2
106年03月,臺中港,其他,山東煙臺,13000
106年04月,臺中港,鋼材,上海,3
106年04月,臺中港,其他,江蘇昆山,1
106年04月,臺中港,其他,山東煙臺,13000
106年04月,臺中港,其他,福建漳州,4000
106年07月,臺中港,其他,江蘇南通,6300
106年07月,臺中港,其他,山東煙臺,6500
106年11月,臺中港,其他,江蘇太倉,42
106年11月,臺中港,其他,山東煙臺,13100
106年11月,臺中港,其他,福建漳州,2000
106年12月,臺中港,化工原料,浙江舟山,1099
107年01月,臺中港,其他,上海,2
107年01月,臺中港,其他,山東煙臺,12700
107年02月,臺中港,其他,上海,6
107年04月,臺中港,化工原料,上海,1
107年04月,臺中港,其他,福建漳州,4000
107年05月,臺中港,肥料,福建廈門,1
107年07月,臺中港,其他,山東煙臺,13000
107年07月,臺中港,其他,福建漳州,2000
107年08月,臺中港,其他,廣東黃埔,3
107年10月,臺中港,其他,山東煙臺,13150
107年11月,臺中港,其他,上海,2
107年12月,臺中港,化工原料,上海,1
107年12月,臺中港,其他,上海,1
107年12月,臺中港,其他,福建漳州,2000
108年01月,臺中港,其他,上海,29
108年01月,臺中港,其他,廣東三山,76
108年02月,臺中港,其他,上海,116
108年02月,臺中港,其他,山東煙臺,13000
108年03月,臺中港,其他,廣東虎門,68
108年03月,臺中港,其他,上海,121
108年04月,臺中港,化工原料,江蘇連雲港,1991
108年04月,臺中港,其他,上海,60
108年04月,臺中港,其他,山東煙臺,13000
108年04月,臺中港,其他,福建漳州,2000
108年05月,臺中港,化工原料,上海漕涇,5867
108年05月,臺中港,其他,上海,3
108年06月,臺中港,化工原料,上海漕涇,2907
108年06月,臺中港,其他,上海,1
108年06月,臺中港,其他,山東煙臺,13000
108年06月,臺中港,其他,福建漳州,2000
108年07月,臺中港,化工原料,上海漕涇,4450
108年07月,臺中港,化工原料,福建江陰,1492
108年07月,臺中港,其他,上海,91
108年08月,臺中港,化工原料,江蘇常熟,2997
108年08月,臺中港,化工原料,上海漕涇,5709
108年08月,臺中港,化工原料,廣東東莞,2499
108年08月,臺中港,其他,江蘇常熟,10
108年09月,臺中港,化工原料,上海漕涇,2627
108年09月,臺中港,化工原料,廣東東莞,3352
108年10月,臺中港,其他,上海,3
108年10月,臺中港,其他,山東煙臺,13000
108年11月,臺中港,化工原料,上海漕涇,3201
108年11月,臺中港,化工原料,廣東東莞,5701
108年11月,臺中港,其他,廣東茂名,1503
108年11月,臺中港,其他,上海,3
108年11月,臺中港,其他,福建漳州,2000
108年12月,臺中港,化工原料,上海,4
108年12月,臺中港,其他,上海,1
109年01月,臺中港,化工原料,上海漕涇,6400
109年01月,臺中港,其他,上海,2
109年02月,臺中港,化工原料,廣東東莞,1998
109年02月,臺中港,化工原料,遼寧東港,1000
109年02月,臺中港,其他,上海,3
109年02月,臺中港,其他,山東煙臺,8500
109年03月,臺中港,其他,廣東虎門,59
109年04月,臺中港,其他,廣東虎門,221
109年04月,臺中港,其他,上海,4
109年04月,臺中港,其他,福建漳州,2000
109年05月,臺中港,焦炭,廣西欽州,5415
109年05月,臺中港,其他,上海,4
109年06月,臺中港,化工原料,江蘇常熟,2006
109年06月,臺中港,其他,廣東虎門,270
109年06月,臺中港,其他,上海,4
109年07月,臺中港,其他,廣東虎門,63
109年07月,臺中港,其他,上海,5
109年08月,臺中港,其他,上海,3
109年09月,臺中港,化工原料,江蘇江陰,2015
109年09月,臺中港,其他,上海,4
109年10月,臺中港,化工原料,上海漕涇,6202
109年10月,臺中港,化工原料,廣東東莞,1998
109年10月,臺中港,化工原料,江蘇南通,1995
109年10月,臺中港,其他,上海,2
109年11月,臺中港,焦炭,廣西欽州,5460
109年11月,臺中港,化工原料,上海漕涇,6000
109年11月,臺中港,化工原料,浙江寧波,1942
109年11月,臺中港,其他,上海,1
109年12月,臺中港,化工原料,上海漕涇,3100
109年12月,臺中港,化工原料,江蘇江陰,1971
110年01月,臺中港,化工原料,上海漕涇,3000
110年01月,臺中港,其他,上海,2
110年04月,臺中港,化工原料,江蘇常熟,1934
110年04月,臺中港,化工原料,江蘇江陰,2001
110年04月,臺中港,其他,上海,2
098年01月,高雄港,化工原料,江蘇江陰,8827
098年01月,高雄港,化工原料,浙江寧波,2992
098年01月,高雄港,化工原料,江蘇南通,4011
098年01月,高雄港,化工原料,上海,2237
098年01月,高雄港,化工原料,江蘇張家港,10972
098年01月,高雄港,化工原料,廣東珠海,12555
098年01月,高雄港,瀝青,江蘇鎮江,4198
098年01月,高雄港,燃料油,廣東黃埔,15639
098年01月,高雄港,燃料油,廣東珠海,58947
098年01月,高雄港,鋼材,上海,5
098年01月,高雄港,廢鐵,廣東黃埔新港,9983
098年01月,高雄港,白蠟油,浙江寧波,1548
098年01月,高雄港,其他,山東萊州,1880
098年02月,高雄港,化工原料,廣東東莞,3473
098年02月,高雄港,化工原料,江蘇江陰,4608
098年02月,高雄港,化工原料,江蘇連雲港,750
098年02月,高雄港,化工原料,浙江寧波,951
098年02月,高雄港,化工原料,江蘇南通,5426
098年02月,高雄港,化工原料,上海,3578
098年02月,高雄港,化工原料,江蘇張家港,3975
098年02月,高雄港,化工原料,廣東珠海,6989
098年02月,高雄港,瀝青,江蘇江陰,5232
098年02月,高雄港,瀝青,山東萊州,4090
098年02月,高雄港,燃料油,上海,29954
098年02月,高雄港,燃料油,天津,79945
098年02月,高雄港,廢鐵,廣東黃埔新港,26511
098年02月,高雄港,白蠟油,江蘇南京,5366
098年02月,高雄港,白蠟油,江蘇南通,1550
098年02月,高雄港,其他,廣東東莞,1926
098年02月,高雄港,其他,山東龍口,7420
098年03月,高雄港,化工原料,江蘇常熟,3104
098年03月,高雄港,化工原料,廣東東莞,1896
098年03月,高雄港,化工原料,江蘇江陰,4838
098年03月,高雄港,化工原料,江蘇連雲港,779
098年03月,高雄港,化工原料,廣東茂名,592
098年03月,高雄港,化工原料,浙江寧波,961
098年03月,高雄港,化工原料,江蘇南通,7933
098年03月,高雄港,化工原料,上海,40
098年03月,高雄港,化工原料,天津,2114
098年03月,高雄港,化工原料,浙江乍浦,951
098年03月,高雄港,化工原料,江蘇鎮江,2906
098年03月,高雄港,化工原料,江蘇張家港,3020
098年03月,高雄港,化工原料,廣東珠海,10746
098年03月,高雄港,瀝青,浙江寧波,5249
098年03月,高雄港,瀝青,江蘇鎮江,5236
098年03月,高雄港,燃料油,江蘇南京,2000
098年03月,高雄港,廢鐵,福建福州,1038
098年03月,高雄港,廢鐵,廣東黃埔新港,14401
098年03月,高雄港,白蠟油,浙江寧波,1050
098年03月,高雄港,白蠟油,江蘇南京,4067
098年03月,高雄港,其他,江蘇南京,1658
098年03月,高雄港,其他,江蘇南通,1927
098年03月,高雄港,其他,上海,934
098年04月,高雄港,化工原料,江蘇常熟,4042
098年04月,高雄港,化工原料,廣東東莞,961
098年04月,高雄港,化工原料,江蘇江陰,5184
098年04月,高雄港,化工原料,浙江寧波,1887
098年04月,高雄港,化工原料,江蘇南通,954
098年04月,高雄港,化工原料,上海,4808
098年04月,高雄港,化工原料,福建廈門,4784
098年04月,高雄港,化工原料,江蘇鎮江,3015
098年04月,高雄港,化工原料,廣東珠海,9774
098年04月,高雄港,瀝青,江蘇江陰,5225
098年04月,高雄港,瀝青,江蘇南京,4082
098年04月,高雄港,瀝青,廣東汕頭,4069
098年04月,高雄港,瀝青,江蘇鎮江,3053
098年04月,高雄港,燃料油,江蘇南京,2005
098年04月,高雄港,燃料油,上海,29962
098年04月,高雄港,燃料油,廣東珠海,36336
098年04月,高雄港,潤滑油,江蘇南通,1020
098年04月,高雄港,鋼材,上海,1
098年04月,高雄港,白蠟油,江蘇南京,5351
098年04月,高雄港,其他,山東龍口,5500
098年04月,高雄港,其他,江蘇南京,5552
098年04月,高雄港,其他,江蘇南通,1034
098年04月,高雄港,其他,廣東水東,1926
098年05月,高雄港,化工原料,江蘇常熟,5951
098年05月,高雄港,化工原料,江蘇江陰,8590
098年05月,高雄港,化工原料,江蘇連雲港,236
098年05月,高雄港,化工原料,廣東茂名,679
098年05月,高雄港,化工原料,浙江寧波,6966
098年05月,高雄港,化工原料,江蘇南通,6856
098年05月,高雄港,化工原料,上海,80
098年05月,高雄港,化工原料,福建廈門,4785
098年05月,高雄港,化工原料,江蘇鎮江,4500
098年05月,高雄港,化工原料,江蘇張家港,7811
098年05月,高雄港,化工原料,廣東珠海,6114
098年05月,高雄港,瀝青,山東萊州,3800
098年05月,高雄港,瀝青,江蘇南京,3950
098年05月,高雄港,瀝青,江蘇鎮江,5210
098年05月,高雄港,柴油,上海,6000
098年05月,高雄港,柴油,天津,3973
098年05月,高雄港,燃料油,江蘇南京,1999
098年05月,高雄港,燃料油,上海,29558
098年05月,高雄港,燃料油,廣東珠海,37652
098年05月,高雄港,潤滑油,江蘇南通,1007
098年05月,高雄港,白蠟油,江蘇南京,3806
098年05月,高雄港,其他,廣東東莞,843
098年05月,高雄港,其他,江蘇南京,5015
098年05月,高雄港,其他,廣東珠海,1922
098年06月,高雄港,化工原料,江蘇常熟,3521
098年06月,高雄港,化工原料,廣東東莞,2279
098年06月,高雄港,化工原料,江蘇江陰,3999
098年06月,高雄港,化工原料,江蘇連雲港,954
098年06月,高雄港,化工原料,浙江寧波,13756
098年06月,高雄港,化工原料,江蘇南通,6824
098年06月,高雄港,化工原料,上海,59
098年06月,高雄港,化工原料,福建廈門,9808
098年06月,高雄港,化工原料,江蘇鎮江,3013
098年06月,高雄港,化工原料,廣東珠海,13003
098年06月,高雄港,瀝青,廣東東莞,1741
098年06月,高雄港,瀝青,江蘇江陰,2729
098年06月,高雄港,瀝青,山東萊州,3900
098年06月,高雄港,瀝青,江蘇鎮江,5310
098年06月,高雄港,燃料油,江蘇南京,2000
098年06月,高雄港,燃料油,廣東珠海,38483
098年06月,高雄港,潤滑油,江蘇江陰,1432
098年06月,高雄港,白蠟油,浙江寧波,2099
098年06月,高雄港,白蠟油,江蘇南京,2851
098年06月,高雄港,其他,廣東茂名,1077
098年06月,高雄港,其他,浙江寧波,6060
098年06月,高雄港,其他,江蘇南京,3453
098年06月,高雄港,其他,江蘇南通,1205
098年06月,高雄港,其他,廣東水東,1949
098年07月,高雄港,化工原料,江蘇常熟,2014
098年07月,高雄港,化工原料,江蘇常州,1005
098年07月,高雄港,化工原料,廣東東莞,951
098年07月,高雄港,化工原料,江蘇江陰,1001
098年07月,高雄港,化工原料,浙江寧波,2952
098年07月,高雄港,化工原料,江蘇南通,3936
098年07月,高雄港,化工原料,上海,40
098年07月,高雄港,化工原料,廣東蛇口,1000
098年07月,高雄港,化工原料,江蘇張家港,6009
098年07月,高雄港,化工原料,廣東珠海,7032
098年07月,高雄港,瀝青,福建福州,4625
098年07月,高雄港,柴油,廣東珠海,68727
098年07月,高雄港,燃料油,廣東珠海,37037
098年07月,高雄港,鋼材,上海,1
098年07月,高雄港,其他,廣東黃埔,6060
098年07月,高雄港,其他,江蘇南通,1919
098年07月,高雄港,其他,廣東水東,1946
098年07月,高雄港,其他,福建廈門,2
098年08月,高雄港,化工原料,江蘇常熟,1982
098年08月,高雄港,化工原料,廣東東莞,480
098年08月,高雄港,化工原料,遼寧大連,4777
098年08月,高雄港,化工原料,江蘇江陰,3498
098年08月,高雄港,化工原料,廣東茂名,983
098年08月,高雄港,化工原料,浙江寧波,2020
098年08月,高雄港,化工原料,福建泉州,502
098年08月,高雄港,化工原料,上海,60
098年08月,高雄港,化工原料,天津,2313
098年08月,高雄港,化工原料,福建廈門,4751
098年08月,高雄港,化工原料,江蘇鎮江,5901
098年08月,高雄港,化工原料,江蘇張家港,7249
098年08月,高雄港,化工原料,廣東珠海,12192
098年08月,高雄港,瀝青,浙江乍浦,10517
098年08月,高雄港,燃料油,上海,36829
098年08月,高雄港,潤滑油,江蘇南通,1021
098年08月,高雄港,鋼材,上海,3
098年08月,高雄港,白蠟油,江蘇南京,2348
098年08月,高雄港,其他,廣東黃埔,6060
098年08月,高雄港,其他,廣東茂名,1943
098年08月,高雄港,其他,江蘇南京,3010
098年08月,高雄港,其他,山東日照,6060
098年09月,高雄港,化工原料,江蘇常熟,1921
098年09月,高雄港,化工原料,江蘇常州,2562
098年09月,高雄港,化工原料,廣東東莞,7884
098年09月,高雄港,化工原料,遼寧大連,4751
098年09月,高雄港,化工原料,江蘇江陰,1953
098年09月,高雄港,化工原料,山東嵐山,3057
098年09月,高雄港,化工原料,廣東茂名,853
098年09月,高雄港,化工原料,浙江寧波,10745
098年09月,高雄港,化工原料,江蘇南通,4939
098年09月,高雄港,化工原料,上海,6936
098年09月,高雄港,化工原料,廣東蛇口,1000
098年09月,高雄港,化工原料,廣東珠海,8804
098年09月,高雄港,燃料油,上海,29841
098年09月,高雄港,燃料油,廣東珠海,37895
098年09月,高雄港,鋼材,上海,2
098年09月,高雄港,白蠟油,浙江寧波,411
098年09月,高雄港,白蠟油,江蘇南京,3802
098年09月,高雄港,其他,山東萊州,1463
098年09月,高雄港,其他,江蘇連雲港,6060
098年09月,高雄港,其他,江蘇鎮江,1947
098年10月,高雄港,化工原料,江蘇常熟,1001
098年10月,高雄港,化工原料,江蘇江陰,1934
098年10月,高雄港,化工原料,江蘇連雲港,1501
098年10月,高雄港,化工原料,浙江寧波,9441
098年10月,高雄港,化工原料,江蘇南通,1008
098年10月,高雄港,化工原料,上海,80
098年10月,高雄港,化工原料,福建廈門,5238
098年10月,高雄港,化工原料,江蘇張家港,4399
098年10月,高雄港,化工原料,廣東珠海,7057
098年10月,高雄港,燃料油,廣東黃埔,23887
098年10月,高雄港,燃料油,廣東珠海,11923
098年10月,高雄港,鋼材,上海,4
098年10月,高雄港,白蠟油,江蘇南京,3999
098年10月,高雄港,其他,江蘇南通,4004
098年10月,高雄港,其他,上海,1
098年11月,高雄港,化工原料,江蘇常熟,4066
098年11月,高雄港,化工原料,江蘇常州,591
098年11月,高雄港,化工原料,廣東東莞,1891
098年11月,高雄港,化工原料,福建福州,969
098年11月,高雄港,化工原料,江蘇江陰,993
098年11月,高雄港,化工原料,浙江寧波,5990
098年11月,高雄港,化工原料,廣東南沙,20
098年11月,高雄港,化工原料,江蘇南通,1950
098年11月,高雄港,化工原料,上海,40
098年11月,高雄港,化工原料,福建廈門,4779
098年11月,高雄港,化工原料,江蘇鎮江,3034
098年11月,高雄港,化工原料,廣東珠海,3914
098年11月,高雄港,鋼材,上海,15
098年11月,高雄港,白蠟油,江蘇南京,3815
098年11月,高雄港,其他,廣東東莞,2027
098年11月,高雄港,其他,山東萊州,955
098年11月,高雄港,其他,江蘇南京,7323
098年11月,高雄港,其他,江蘇南通,1500
098年11月,高雄港,其他,浙江乍浦,2091
098年12月,高雄港,化工原料,江蘇常熟,3896
098年12月,高雄港,化工原料,廣東東莞,3450
098年12月,高雄港,化工原料,江蘇江陰,4990
098年12月,高雄港,化工原料,廣東茂名,799
098年12月,高雄港,化工原料,浙江寧波,5893
098年12月,高雄港,化工原料,廣東南沙,19
098年12月,高雄港,化工原料,江蘇南通,3839
098年12月,高雄港,化工原料,上海,41
098年12月,高雄港,化工原料,福建廈門,4771
098年12月,高雄港,化工原料,廣東湛江,4400
098年12月,高雄港,化工原料,江蘇鎮江,974
098年12月,高雄港,化工原料,江蘇張家港,953
098年12月,高雄港,化工原料,廣東珠海,1063
098年12月,高雄港,潤滑油,江蘇南通,955
098年12月,高雄港,鋼材,上海,1
098年12月,高雄港,白蠟油,浙江寧波,1000
098年12月,高雄港,白蠟油,江蘇南京,4025
098年12月,高雄港,其他,江蘇常熟,1725
098年12月,高雄港,其他,江蘇江陰,2008
098年12月,高雄港,其他,江蘇南京,3331
098年12月,高雄港,其他,廣東水東,2020
098年12月,高雄港,其他,福建廈門,2
098年12月,高雄港,其他,江蘇鎮江,6995
099年01月,高雄港,化工原料,江蘇常熟,3018
099年01月,高雄港,化工原料,江蘇常州,1047
099年01月,高雄港,化工原料,廣東東莞,4985
099年01月,高雄港,化工原料,遼寧大連,4757
099年01月,高雄港,化工原料,江蘇江陰,1001
099年01月,高雄港,化工原料,廣東茂名,936
099年01月,高雄港,化工原料,浙江寧波,3001
099年01月,高雄港,化工原料,江蘇南通,5919
099年01月,高雄港,化工原料,上海,1941
099年01月,高雄港,化工原料,江蘇儀徵,4778
099年01月,高雄港,化工原料,江蘇張家港,2094
099年01月,高雄港,化工原料,廣東珠海,6926
099年01月,高雄港,瀝青,廣東東莞,4179
099年01月,高雄港,瀝青,廣東,4036
099年01月,高雄港,燃料油,上海,59001
099年01月,高雄港,燃料油,天津,39496
099年01月,高雄港,鋼材,上海,17
099年01月,高雄港,白蠟油,江蘇南京,4001
099年01月,高雄港,其他,江蘇常熟,1001
099年01月,高雄港,其他,廣東茂名,2020
099年01月,高雄港,其他,江蘇南通,4497
099年01月,高雄港,其他,浙江乍浦,2002
099年02月,高雄港,化工原料,江蘇常熟,8937
099年02月,高雄港,化工原料,江蘇常州,1047
099年02月,高雄港,化工原料,廣東東莞,11029
099年02月,高雄港,化工原料,江蘇江陰,4892
099年02月,高雄港,化工原料,浙江寧波,6785
099年02月,高雄港,化工原料,上海,99
099年02月,高雄港,化工原料,廣東蛇口,962
099年02月,高雄港,化工原料,江蘇太倉,2799
099年02月,高雄港,化工原料,山東青島,988
099年02月,高雄港,化工原料,江蘇鎮江,1966
099年02月,高雄港,化工原料,江蘇張家港,1994
099年02月,高雄港,化工原料,廣東珠海,4437
099年02月,高雄港,瀝青,廣東,4174
099年02月,高雄港,鋼材,上海,7
099年02月,高雄港,廢鐵,廣東黃埔新港,10019
099年02月,高雄港,白蠟油,江蘇南京,3739
099年02月,高雄港,其他,廣東東莞,3949
099年02月,高雄港,其他,江蘇南京,3447
099年02月,高雄港,其他,江蘇南通,4949
099年02月,高雄港,其他,江蘇鎮江,985
099年03月,高雄港,化工原料,江蘇常熟,5929
099年03月,高雄港,化工原料,江蘇常州,3036
099年03月,高雄港,化工原料,廣東東莞,8775
099年03月,高雄港,化工原料,福建福州,944
099年03月,高雄港,化工原料,江蘇江陰,12600
099年03月,高雄港,化工原料,江蘇連雲港,4031
099年03月,高雄港,化工原料,廣東茂名,1003
099年03月,高雄港,化工原料,浙江寧波,1998
099年03月,高雄港,化工原料,江蘇南通,2928
099年03月,高雄港,化工原料,上海,99
099年03月,高雄港,化工原料,廣東沙田,2865
099年03月,高雄港,化工原料,江蘇太倉,955
099年03月,高雄港,化工原料,山東青島,971
099年03月,高雄港,化工原料,福建廈門,9529
099年03月,高雄港,化工原料,浙江乍浦,952
099年03月,高雄港,化工原料,江蘇鎮江,2857
099年03月,高雄港,化工原料,廣東珠海,4901
099年03月,高雄港,化工原料,福建漳州,960
099年03月,高雄港,瀝青,廣東廣州,3263
099年03月,高雄港,瀝青,廣東,8403
099年03月,高雄港,燃料油,廣東珠海,37942
099年03月,高雄港,潤滑油,江蘇南通,2910
099年03月,高雄港,鋼材,上海,8
099年03月,高雄港,白蠟油,江蘇南京,3807
099年03月,高雄港,其他,江蘇常熟,2003
099年03月,高雄港,其他,浙江嘉興,5042
099年03月,高雄港,其他,山東萊州,2000
099年03月,高雄港,其他,江蘇連雲港,6000
099年03月,高雄港,其他,廣東茂名,1005
099年03月,高雄港,其他,江蘇南京,1676
099年03月,高雄港,其他,江蘇南通,2410
099年03月,高雄港,其他,福建廈門,1
099年04月,高雄港,化工原料,江蘇常熟,2870
099年04月,高雄港,化工原料,廣東東莞,2409
099年04月,高雄港,化工原料,江蘇江陰,2096
099年04月,高雄港,化工原料,廣東茂名,1003
099年04月,高雄港,化工原料,浙江寧波,17310
099年04月,高雄港,化工原料,江蘇南京,4384
099年04月,高雄港,化工原料,江蘇南通,4875
099年04月,高雄港,化工原料,廣東蛇口,957
099年04月,高雄港,化工原料,江蘇太倉,3010
099年04月,高雄港,化工原料,山東青島,971
099年04月,高雄港,化工原料,廣東珠海,5775
099年04月,高雄港,瀝青,廣東,5119
099年04月,高雄港,燃料油,江蘇南京,2001
099年04月,高雄港,白蠟油,浙江寧波,1024
099年04月,高雄港,白蠟油,江蘇南京,5783
099年04月,高雄港,其他,廣東東莞,5105
099年04月,高雄港,其他,江蘇南京,1499
099年04月,高雄港,其他,天津,5881
099年04月,高雄港,其他,廣東新沙,6060
099年04月,高雄港,其他,浙江乍浦,2996
099年05月,高雄港,化工原料,江蘇常熟,2918
099年05月,高雄港,化工原料,江蘇常州,1994
099年05月,高雄港,化工原料,廣東東莞,3850
099年05月,高雄港,化工原料,福建福州,965
099年05月,高雄港,化工原料,江蘇江陰,4506
099年05月,高雄港,化工原料,浙江寧波,6774
099年05月,高雄港,化工原料,江蘇南京,999
099年05月,高雄港,化工原料,江蘇南通,5116
099年05月,高雄港,化工原料,上海,159
099年05月,高雄港,化工原料,山東青島,970
099年05月,高雄港,化工原料,江蘇泰州,4774
099年05月,高雄港,化工原料,江蘇鎮江,954
099年05月,高雄港,化工原料,江蘇張家港,4024
099年05月,高雄港,化工原料,廣東珠海,4033
099年05月,高雄港,瀝青,福建秀嶼,4146
099年05月,高雄港,瀝青,浙江乍浦,5259
099年05月,高雄港,燃料油,江蘇南京,2000
099年05月,高雄港,燃料油,江蘇張家港,999
099年05月,高雄港,鋼材,上海,6
099年05月,高雄港,白蠟油,江蘇南京,4853
099年05月,高雄港,其他,江蘇常熟,1002
099年05月,高雄港,其他,廣東東莞,2021
099年05月,高雄港,其他,廣西防城,6060
099年05月,高雄港,其他,江蘇南京,2112
099年05月,高雄港,其他,江蘇南通,4829
099年05月,高雄港,其他,廣東水東,6060
099年05月,高雄港,其他,上海,1
099年05月,高雄港,其他,福建廈門,4
099年05月,高雄港,其他,浙江乍浦,2893
099年05月,高雄港,其他,廣東珠海,2009
099年06月,高雄港,化工原料,江蘇常熟,2497
099年06月,高雄港,化工原料,廣東東莞,954
099年06月,高雄港,化工原料,遼寧大連,880
099年06月,高雄港,化工原料,江蘇江陰,5211
099年06月,高雄港,化工原料,廣東茂名,1001
099年06月,高雄港,化工原料,浙江寧波,9203
099年06月,高雄港,化工原料,江蘇南通,1569
099年06月,高雄港,化工原料,福建泉州,2713
099年06月,高雄港,化工原料,上海,80
099年06月,高雄港,化工原料,江蘇泰州,4768
099年06月,高雄港,化工原料,江蘇鎮江,5762
099年06月,高雄港,化工原料,廣東珠海,3087
099年06月,高雄港,燃料油,江蘇張家港,1516
099年06月,高雄港,鋼材,上海,3
099年06月,高雄港,其他,廣東東莞,3023
099年06月,高雄港,其他,廣西防城,6060
099年06月,高雄港,其他,江蘇南通,1049
099年06月,高雄港,其他,上海,26
099年06月,高雄港,其他,廣東新豐,25
099年06月,高雄港,其他,廣東珠海,2526
099年07月,高雄港,化工原料,江蘇常熟,7575
099年07月,高雄港,化工原料,江蘇常州,1044
099年07月,高雄港,化工原料,廣東東莞,5783
099年07月,高雄港,化工原料,福建福州,970
099年07月,高雄港,化工原料,江蘇江陰,3997
099年07月,高雄港,化工原料,浙江寧波,2943
099年07月,高雄港,化工原料,上海,79
099年07月,高雄港,化工原料,浙江溫州,994
099年07月,高雄港,化工原料,江蘇鎮江,1006
099年07月,高雄港,化工原料,廣東珠海,5760
099年07月,高雄港,潤滑油,江蘇江陰,958
099年07月,高雄港,合成樹脂,上海,18
099年07月,高雄港,鋼材,上海,17
099年07月,高雄港,白蠟油,江蘇南京,6857
099年07月,高雄港,其他,江蘇常熟,2017
099年07月,高雄港,其他,江蘇連雲港,6000
099年07月,高雄港,其他,江蘇南京,1502
099年07月,高雄港,其他,江蘇南通,2060
099年07月,高雄港,其他,廣東水東,1566
099年07月,高雄港,其他,上海,17
099年07月,高雄港,其他,江蘇儀徵,1810
099年07月,高雄港,其他,江蘇鎮江,1005
099年07月,高雄港,其他,廣東珠海,7010
099年08月,高雄港,化工原料,江蘇常熟,4030
099年08月,高雄港,化工原料,廣東東莞,1430
099年08月,高雄港,化工原料,福建福州,970
099年08月,高雄港,化工原料,江蘇江陰,2518
099年08月,高雄港,化工原料,浙江寧波,7499
099年08月,高雄港,化工原料,江蘇南通,10008
099年08月,高雄港,化工原料,福建泉州,501
099年08月,高雄港,化工原料,上海,79
099年08月,高雄港,化工原料,江蘇鎮江,930
099年08月,高雄港,化工原料,廣東珠海,4849
099年08月,高雄港,燃料油,江蘇南通,2305
099年08月,高雄港,鋼材,上海,1
099年08月,高雄港,白蠟油,江蘇南京,2705
099年08月,高雄港,白蠟油,江蘇南通,1800
099年08月,高雄港,其他,廣東東莞,3389
099年08月,高雄港,其他,廣東茂名,962
099年08月,高雄港,其他,山東日照,6000
099年08月,高雄港,其他,上海,17
099年08月,高雄港,其他,廣東湛江,12120
099年08月,高雄港,其他,廣東珠海,2004
099年09月,高雄港,化工原料,江蘇常熟,7736
099年09月,高雄港,化工原料,江蘇常州,2000
099年09月,高雄港,化工原料,廣東東莞,5774
099年09月,高雄港,化工原料,江蘇江陰,3001
099年09月,高雄港,化工原料,山東龍口,3701
099年09月,高雄港,化工原料,浙江寧波,18243
099年09月,高雄港,化工原料,江蘇南通,2907
099年09月,高雄港,化工原料,福建泉州,799
099年09月,高雄港,化工原料,上海,1941
099年09月,高雄港,化工原料,廣東珠海,6784
099年09月,高雄港,燃料油,江蘇南通,2302
099年09月,高雄港,燃料油,廣東珠海,21305
099年09月,高雄港,鋼材,上海,21
099年09月,高雄港,白蠟油,江蘇南京,1798
099年09月,高雄港,白蠟油,江蘇南通,1509
099年09月,高雄港,白蠟油,江蘇儀徵,1008
099年09月,高雄港,白蠟油,廣東珠海,1200
099年09月,高雄港,其他,江蘇常熟,1008
099年09月,高雄港,其他,廣東東莞,969
099年09月,高雄港,其他,廣東茂名,992
099年09月,高雄港,其他,江蘇南京,1992
099年09月,高雄港,其他,江蘇南通,5513
099年09月,高雄港,其他,廣東汕頭,16
099年09月,高雄港,其他,福建廈門,1
099年09月,高雄港,其他,遼寧營口,2259
099年09月,高雄港,其他,江蘇鎮江,1009
099年10月,高雄港,化工原料,廣東東莞,1474
099年10月,高雄港,化工原料,江蘇江陰,2004
099年10月,高雄港,化工原料,浙江寧波,1001
099年10月,高雄港,化工原料,江蘇南通,1951
099年10月,高雄港,化工原料,福建泉州,492
099年10月,高雄港,化工原料,上海,20
099年10月,高雄港,化工原料,江蘇張家港,3850
099年10月,高雄港,化工原料,廣東珠海,4791
099年10月,高雄港,瀝青,廣東東莞,4192
099年10月,高雄港,燃料油,江蘇南京,2191
099年10月,高雄港,鋼材,上海,1
099年10月,高雄港,白蠟油,江蘇南京,1310
099年10月,高雄港,其他,廣東東莞,1000
099年10月,高雄港,其他,江蘇連雲港,9900
099年10月,高雄港,其他,廣東茂名,1038
099年10月,高雄港,其他,江蘇南京,3007
099年10月,高雄港,其他,廣東水東,1966
099年10月,高雄港,其他,江蘇儀徵,1658
099年10月,高雄港,其他,廣東珠海,5080
099年11月,高雄港,化工原料,江蘇常熟,6969
099年11月,高雄港,化工原料,廣東東莞,2904
099年11月,高雄港,化工原料,江蘇江陰,1497
099年11月,高雄港,化工原料,廣東茂名,906
099年11月,高雄港,化工原料,浙江寧波,10869
099年11月,高雄港,化工原料,江蘇南通,7958
099年11月,高雄港,化工原料,廣東蛇口,1020
099年11月,高雄港,化工原料,江蘇鎮江,1978
099年11月,高雄港,化工原料,江蘇張家港,2895
099年11月,高雄港,化工原料,廣東珠海,2055
099年11月,高雄港,瀝青,廣東東莞,4113
099年11月,高雄港,燃料油,江蘇南京,1941
099年11月,高雄港,潤滑油,江蘇南通,960
099年11月,高雄港,白蠟油,江蘇南京,3580
099年11月,高雄港,白蠟油,江蘇儀徵,999
099年11月,高雄港,其他,廣東東莞,1911
099年11月,高雄港,其他,廣東茂名,995
099年11月,高雄港,其他,江蘇南京,5483
099年11月,高雄港,其他,江蘇南通,2918
099年11月,高雄港,其他,上海,17
099年11月,高雄港,其他,天津,2996
099年11月,高雄港,其他,浙江乍浦,2068
100年01月,高雄港,化工原料,江蘇常熟,965
100年01月,高雄港,化工原料,廣東東莞,953
100年01月,高雄港,化工原料,江蘇江陰,2001
100年01月,高雄港,化工原料,浙江寧波,999
100年01月,高雄港,化工原料,江蘇南通,6992
100年01月,高雄港,化工原料,江蘇鎮江,5711
100年01月,高雄港,化工原料,江蘇張家港,1000
100年01月,高雄港,化工原料,廣東珠海,5806
100年01月,高雄港,燃料油,江蘇南通,2001
100年01月,高雄港,燃料油,江蘇儀徵,1991
100年01月,高雄港,鋼材,上海,4
100年01月,高雄港,白蠟油,江蘇南通,4514
100年01月,高雄港,其他,廣東茂名,1044
100年01月,高雄港,其他,江蘇南京,3566
100年01月,高雄港,其他,江蘇南通,5503
100年01月,高雄港,其他,上海,34
100年01月,高雄港,其他,天津,2869
100年01月,高雄港,其他,浙江乍浦,2006
100年02月,高雄港,化工原料,江蘇常熟,3936
100年02月,高雄港,化工原料,江蘇常州,2000
100年02月,高雄港,化工原料,廣東東莞,1496
100年02月,高雄港,化工原料,江蘇江陰,1952
100年02月,高雄港,化工原料,浙江寧波,2909
100年02月,高雄港,化工原料,江蘇南通,2998
100年02月,高雄港,化工原料,福建泉州,1002
100年02月,高雄港,化工原料,江蘇鎮江,2860
100年02月,高雄港,化工原料,江蘇張家港,5999
100年02月,高雄港,化工原料,廣東珠海,11073
100年02月,高雄港,燃料油,江蘇常熟,996
100年02月,高雄港,燃料油,江蘇南京,3074
100年02月,高雄港,燃料油,江蘇南通,1822
100年02月,高雄港,白蠟油,江蘇南京,2780
100年02月,高雄港,其他,江蘇江陰,1467
100年02月,高雄港,其他,廣東茂名,1006
100年02月,高雄港,其他,江蘇南京,2954
100年02月,高雄港,其他,廣東水東,1507
100年02月,高雄港,其他,浙江乍浦,4199
100年03月,高雄港,化工原料,江蘇常熟,2566
100年03月,高雄港,化工原料,河北滄州,2983
100年03月,高雄港,化工原料,江蘇常州,1961
100年03月,高雄港,化工原料,廣東東莞,5820
100年03月,高雄港,化工原料,江蘇江陰,2702
100年03月,高雄港,化工原料,浙江寧波,2927
100年03月,高雄港,化工原料,江蘇南通,10720
100年03月,高雄港,化工原料,江蘇鎮江,1569
100年03月,高雄港,化工原料,江蘇張家港,5986
100年03月,高雄港,化工原料,廣東珠海,960
100年03月,高雄港,瀝青,江蘇鎮江,4086
100年03月,高雄港,燃料油,江蘇南通,3146
100年03月,高雄港,鋼材,上海,1
100年03月,高雄港,白蠟油,江蘇南京,2800
100年03月,高雄港,白蠟油,江蘇南通,4060
100年03月,高雄港,其他,廣東東莞,1201
100年03月,高雄港,其他,江蘇南通,1987
100年03月,高雄港,其他,福建廈門,3
100年03月,高雄港,其他,江蘇鎮江,998
100年03月,高雄港,其他,廣東珠海,2977
100年04月,高雄港,化工原料,江蘇常熟,3423
100年04月,高雄港,化工原料,廣東東莞,3004
100年04月,高雄港,化工原料,江蘇江陰,2006
100年04月,高雄港,化工原料,浙江寧波,1001
100年04月,高雄港,化工原料,江蘇南京,1927
100年04月,高雄港,化工原料,福建泉州,1499
100年04月,高雄港,化工原料,江蘇張家港,9971
100年04月,高雄港,化工原料,廣東珠海,2986
100年04月,高雄港,燃料油,江蘇南通,2095
100年04月,高雄港,白蠟油,江蘇南通,901
100年04月,高雄港,白蠟油,江蘇儀徵,1500
100年04月,高雄港,其他,廣東東莞,956
100年04月,高雄港,其他,廣東茂名,1912
100年04月,高雄港,其他,江蘇南京,2076
100年04月,高雄港,其他,江蘇南通,1478
100年04月,高雄港,其他,上海,11000
100年04月,高雄港,其他,天津,5989
100年04月,高雄港,其他,浙江乍浦,3844
100年04月,高雄港,其他,江蘇張家港,996
100年04月,高雄港,其他,廣東珠海,3183
100年05月,高雄港,化工原料,江蘇常熟,3929
100年05月,高雄港,化工原料,廣東東莞,960
100年05月,高雄港,化工原料,江蘇江陰,1000
100年05月,高雄港,化工原料,浙江寧波,13602
100年05月,高雄港,化工原料,江蘇南京,1002
100年05月,高雄港,化工原料,福建泉州,501
100年05月,高雄港,化工原料,江蘇泰州,4993
100年05月,高雄港,化工原料,福建廈門,4915
100年05月,高雄港,化工原料,浙江乍浦,3929
100年05月,高雄港,化工原料,江蘇鎮江,2867
100年05月,高雄港,化工原料,江蘇張家港,8709
100年05月,高雄港,化工原料,廣東珠海,12867
100年05月,高雄港,燃料油,江蘇南通,3090
100年05月,高雄港,白蠟油,江蘇南通,5111
100年05月,高雄港,白蠟油,江蘇儀徵,1491
100年05月,高雄港,其他,廣東東莞,954
100年05月,高雄港,其他,廣東茂名,1466
100年05月,高雄港,其他,江蘇南京,3049
100年05月,高雄港,其他,江蘇南通,9719
100年05月,高雄港,其他,上海,50
100年05月,高雄港,其他,天津,6114
100年05月,高雄港,其他,江蘇儀徵,1955
100年06月,高雄港,化工原料,江蘇常熟,2004
100年06月,高雄港,化工原料,上海漕涇,1001
100年06月,高雄港,化工原料,江蘇常州,950
100年06月,高雄港,化工原料,廣東東莞,1999
100年06月,高雄港,化工原料,江蘇江陰,1001
100年06月,高雄港,化工原料,浙江寧波,3991
100年06月,高雄港,化工原料,福建泉州,875
100年06月,高雄港,化工原料,廣東蛇口,1006
100年06月,高雄港,化工原料,山東青島,930
100年06月,高雄港,化工原料,江蘇泰州,4812
100年06月,高雄港,化工原料,浙江乍浦,2861
100年06月,高雄港,化工原料,江蘇鎮江,1005
100年06月,高雄港,化工原料,江蘇張家港,3833
100年06月,高雄港,化工原料,廣東珠海,953
100年06月,高雄港,鋼材,上海,3
100年06月,高雄港,白蠟油,江蘇南通,2004
100年06月,高雄港,其他,江蘇江陰,1441
100年06月,高雄港,其他,廣東茂名,2077
100年06月,高雄港,其他,江蘇南通,11000
100年06月,高雄港,其他,浙江乍浦,2899
100年06月,高雄港,其他,江蘇鎮江,1989
100年07月,高雄港,化工原料,江蘇常熟,3020
100年07月,高雄港,化工原料,上海漕涇,936
100年07月,高雄港,化工原料,廣東東莞,988
100年07月,高雄港,化工原料,江蘇江陰,2985
100年07月,高雄港,化工原料,浙江寧波,8801
100年07月,高雄港,化工原料,江蘇南京,1002
100年07月,高雄港,化工原料,江蘇南通,1029
100年07月,高雄港,化工原料,福建泉州,703
100年07月,高雄港,化工原料,上海,6
100年07月,高雄港,化工原料,浙江乍浦,2850
100年07月,高雄港,化工原料,江蘇鎮江,3812
100年07月,高雄港,化工原料,江蘇張家港,1045
100年07月,高雄港,燃料油,江蘇南通,3087
100年07月,高雄港,鋼材,上海,5
100年07月,高雄港,白蠟油,江蘇南通,2510
100年07月,高雄港,其他,山東萊州,2084
100年07月,高雄港,其他,廣東茂名,2007
100年07月,高雄港,其他,江蘇南通,11500
100年07月,高雄港,其他,上海,8000
100年07月,高雄港,其他,天津,6472
100年07月,高雄港,其他,江蘇鎮江,2499
100年08月,高雄港,化工原料,江蘇常熟,9790
100年08月,高雄港,化工原料,江蘇常州,1001
100年08月,高雄港,化工原料,廣東東莞,1956
100年08月,高雄港,化工原料,江蘇江陰,2991
100年08月,高雄港,化工原料,浙江寧波,13476
100年08月,高雄港,化工原料,江蘇南京,600
100年08月,高雄港,化工原料,江蘇南通,13971
100年08月,高雄港,化工原料,福建泉州,502
100年08月,高雄港,化工原料,廣東蛇口,1954
100年08月,高雄港,化工原料,山東青島,2928
100年08月,高雄港,化工原料,江蘇張家港,10868
100年08月,高雄港,化工原料,廣東珠海,2970
100年08月,高雄港,汽油,廣東珠海,5864
100年08月,高雄港,燃料油,江蘇常熟,1041
100年08月,高雄港,燃料油,江蘇南京,2004
100年08月,高雄港,白蠟油,江蘇南京,3458
100年08月,高雄港,白蠟油,江蘇儀徵,1996
100年08月,高雄港,其他,江蘇江陰,1445
100年08月,高雄港,其他,江蘇南京,3125
100年09月,高雄港,爐石,江蘇南通,5500
100年09月,高雄港,化工原料,江蘇常熟,5001
100年09月,高雄港,化工原料,上海漕涇,1000
100年09月,高雄港,化工原料,江蘇常州,999
100年09月,高雄港,化工原料,廣東東莞,954
100年09月,高雄港,化工原料,江蘇江陰,2998
100年09月,高雄港,化工原料,浙江寧波,5012
100年09月,高雄港,化工原料,江蘇南通,2998
100年09月,高雄港,化工原料,福建泉州,500
100年09月,高雄港,化工原料,廣東蛇口,2000
100年09月,高雄港,化工原料,山東青島,1009
100年09月,高雄港,化工原料,江蘇泰州,4785
100年09月,高雄港,化工原料,福建廈門,4796
100年09月,高雄港,化工原料,江蘇鎮江,957
100年09月,高雄港,化工原料,江蘇張家港,5107
100年09月,高雄港,化工原料,廣東珠海,8634
100年09月,高雄港,瀝青,浙江乍浦,5198
100年09月,高雄港,燃料油,江蘇南京,3778
100年09月,高雄港,白蠟油,江蘇南京,1927
100年09月,高雄港,其他,廣東茂名,1985
100年09月,高雄港,其他,江蘇南通,4307
100年09月,高雄港,其他,天津,7552
100年09月,高雄港,其他,江蘇儀徵,2001
100年09月,高雄港,其他,浙江乍浦,3972
100年09月,高雄港,其他,江蘇鎮江,1936
100年09月,高雄港,其他,廣東珠海,2852
100年10月,高雄港,化工原料,江蘇常熟,6809
100年10月,高雄港,化工原料,上海漕涇,2001
100年10月,高雄港,化工原料,廣東東莞,2958
100年10月,高雄港,化工原料,江蘇江陰,5008
100年10月,高雄港,化工原料,浙江寧波,12517
100年10月,高雄港,化工原料,江蘇南京,1533
100年10月,高雄港,化工原料,江蘇南通,3005
100年10月,高雄港,化工原料,福建泉州,510
100年10月,高雄港,化工原料,江蘇泰州,6295
100年10月,高雄港,化工原料,福建廈門,4995
100年10月,高雄港,化工原料,浙江乍浦,5774
100年10月,高雄港,化工原料,江蘇鎮江,3019
100年10月,高雄港,化工原料,江蘇張家港,7909
100年10月,高雄港,化工原料,廣東珠海,2873
100年10月,高雄港,燃料油,江蘇南京,2000
100年10月,高雄港,鋼材,廣東媽灣,992
100年10月,高雄港,鋼材,上海,181
100年10月,高雄港,鋼材,廣東沙田,12
100年10月,高雄港,白蠟油,江蘇南京,3852
100年10月,高雄港,白蠟油,江蘇儀徵,3030
100年10月,高雄港,其他,山東萊州,3117
100年10月,高雄港,其他,廣東茂名,1891
100年10月,高雄港,其他,江蘇南京,2098
100年10月,高雄港,其他,上海,6600
100年10月,高雄港,其他,福建廈門,4
100年10月,高雄港,其他,廣東珠海,479
100年11月,高雄港,化工原料,江蘇常熟,9511
100年11月,高雄港,化工原料,廣東東莞,2462
100年11月,高雄港,化工原料,廣東虎門,3011
100年11月,高雄港,化工原料,江蘇江陰,3997
100年11月,高雄港,化工原料,浙江寧波,25255
100年11月,高雄港,化工原料,江蘇南通,4986
100年11月,高雄港,化工原料,廣東蛇口,2478
100年11月,高雄港,化工原料,江蘇泰州,2880
100年11月,高雄港,化工原料,廣東小湖島,1001
100年11月,高雄港,化工原料,浙江乍浦,2861
100年11月,高雄港,化工原料,江蘇張家港,2857
100年11月,高雄港,化工原料,廣東珠海,14410
100年11月,高雄港,鋼材,廣東媽灣,623
100年11月,高雄港,鋼材,上海,10
100年11月,高雄港,白蠟油,江蘇儀徵,3113
100年11月,高雄港,其他,江蘇南通,1197
100年11月,高雄港,其他,天津,1907
100年11月,高雄港,其他,江蘇鎮江,2003
100年11月,高雄港,其他,廣東珠海,3840
100年12月,高雄港,化工原料,江蘇常州,1984
100年12月,高雄港,化工原料,廣東東莞,2960
100年12月,高雄港,化工原料,江蘇江陰,995
100年12月,高雄港,化工原料,浙江寧波,8791
100年12月,高雄港,化工原料,廣東小湖島,2039
100年12月,高雄港,化工原料,浙江乍浦,2882
100年12月,高雄港,化工原料,江蘇張家港,8867
100年12月,高雄港,化工原料,廣東珠海,1902
100年12月,高雄港,燃料油,江蘇南通,2002
100年12月,高雄港,鋼材,廣東媽灣,287
100年12月,高雄港,鋼材,上海,11
100年12月,高雄港,其他,江蘇南通,3448
100年12月,高雄港,其他,上海,8000
100年12月,高雄港,其他,天津,2387
100年12月,高雄港,其他,廣東珠海,4936
101年01月,高雄港,化工原料,江蘇常熟,2929
101年01月,高雄港,化工原料,江蘇常州,2001
101年01月,高雄港,化工原料,廣東東莞,2000
101年01月,高雄港,化工原料,江蘇江陰,1985
101年01月,高雄港,化工原料,浙江寧波,18369
101年01月,高雄港,化工原料,江蘇南京,1397
101年01月,高雄港,化工原料,江蘇南通,5890
101年01月,高雄港,化工原料,浙江乍浦,1000
101年01月,高雄港,化工原料,江蘇鎮江,2861
101年01月,高雄港,化工原料,江蘇張家港,7033
101年01月,高雄港,化工原料,廣東珠海,1006
101年01月,高雄港,燃料油,江蘇南京,1540
101年01月,高雄港,鋼材,廣東媽灣,174
101年01月,高雄港,鋼材,浙江寧波,681
101年01月,高雄港,鋼材,上海,160
101年01月,高雄港,白蠟油,江蘇南京,5734
101年01月,高雄港,白蠟油,江蘇南通,1385
101年01月,高雄港,白蠟油,江蘇儀徵,2996
101年01月,高雄港,其他,江蘇南通,2073
101年01月,高雄港,其他,天津新港,4121
101年01月,高雄港,其他,福建廈門,1
101年01月,高雄港,其他,江蘇鎮江,2068
101年01月,高雄港,其他,廣東珠海,2897
101年02月,高雄港,化工原料,江蘇常熟,5473
101年02月,高雄港,化工原料,江蘇常州,970
101年02月,高雄港,化工原料,廣東東莞,1919
101年02月,高雄港,化工原料,浙江寧波,9871
101年02月,高雄港,化工原料,江蘇南通,3945
101年02月,高雄港,化工原料,福建泉州,1000
101年02月,高雄港,化工原料,江蘇太倉,3018
101年02月,高雄港,化工原料,廣東小湖島,2921
101年02月,高雄港,化工原料,浙江乍浦,2858
101年02月,高雄港,化工原料,江蘇鎮江,2897
101年02月,高雄港,化工原料,江蘇張家港,1645
101年02月,高雄港,化工原料,廣東珠海,6239
101年02月,高雄港,燃料油,廣東黃埔,27000
101年02月,高雄港,燃料油,江蘇南京,2841
101年02月,高雄港,鋼材,廣東媽灣,790
101年02月,高雄港,鋼材,上海,2
101年02月,高雄港,白蠟油,江蘇南京,1729
101年02月,高雄港,白蠟油,江蘇南通,1450
101年02月,高雄港,其他,廣東茂名,1952
101年02月,高雄港,其他,江蘇南通,2389
101年02月,高雄港,其他,天津,2538
101年02月,高雄港,其他,江蘇楊州,603
101年02月,高雄港,其他,浙江乍浦,2005
101年02月,高雄港,其他,江蘇鎮江,2094
101年03月,高雄港,化工原料,江蘇常熟,5966
101年03月,高雄港,化工原料,江蘇常州,2006
101年03月,高雄港,化工原料,廣東東莞,5951
101年03月,高雄港,化工原料,江蘇江陰,2000
101年03月,高雄港,化工原料,浙江寧波,7782
101年03月,高雄港,化工原料,江蘇南京,1359
101年03月,高雄港,化工原料,江蘇南通,992
101年03月,高雄港,化工原料,上海,4792
101年03月,高雄港,化工原料,江蘇太倉,3010
101年03月,高雄港,化工原料,江蘇鎮江,7422
101年03月,高雄港,化工原料,江蘇張家港,5870
101年03月,高雄港,化工原料,廣東珠海,2007
101年03月,高雄港,燃料油,江蘇南通,2933
101年03月,高雄港,鋼材,廣東媽灣,689
101年03月,高雄港,鋼材,上海,10
101年03月,高雄港,白蠟油,江蘇南京,2921
101年03月,高雄港,其他,廣東茂名,1951
101年03月,高雄港,其他,江蘇南京,3023
101年03月,高雄港,其他,江蘇南通,3903
101年03月,高雄港,其他,上海,8000
101年03月,高雄港,其他,天津,2006
101年03月,高雄港,其他,江蘇楊州,400
101年03月,高雄港,其他,江蘇鎮江,1953
101年04月,高雄港,化工原料,江蘇常熟,3014
101年04月,高雄港,化工原料,廣東東莞,2991
101年04月,高雄港,化工原料,江蘇江陰,2985
101年04月,高雄港,化工原料,浙江寧波,4752
101年04月,高雄港,化工原料,江蘇南通,3999
101年04月,高雄港,化工原料,福建泉州,1431
101年04月,高雄港,化工原料,廣東小湖島,1990
101年04月,高雄港,化工原料,江蘇張家港,8907
101年04月,高雄港,化工原料,廣東珠海,7009
101年04月,高雄港,燃料油,江蘇南京,3717
101年04月,高雄港,鋼材,廣東媽灣,914
101年04月,高雄港,鋼材,上海,4
101年04月,高雄港,白蠟油,江蘇南京,1203
101年04月,高雄港,其他,廣東茂名,2000
101年04月,高雄港,其他,江蘇南通,12998
101年04月,高雄港,其他,天津新港,3109
101年04月,高雄港,其他,浙江乍浦,2057
101年04月,高雄港,其他,廣東珠海,1913
101年05月,高雄港,化工原料,江蘇常熟,2999
101年05月,高雄港,化工原料,上海漕涇,2086
101年05月,高雄港,化工原料,廣東東莞,4056
101年05月,高雄港,化工原料,江蘇江陰,998
101年05月,高雄港,化工原料,浙江寧波,8854
101年05月,高雄港,化工原料,江蘇南京,1353
101年05月,高雄港,化工原料,江蘇南通,4813
101年05月,高雄港,化工原料,山東青島,5016
101年05月,高雄港,化工原料,浙江乍浦,2891
101年05月,高雄港,化工原料,江蘇張家港,3011
101年05月,高雄港,柴油,廣東珠海,40003
101年05月,高雄港,燃料油,江蘇南通,1499
101年05月,高雄港,鋼材,廣東媽灣,583
101年05月,高雄港,鋼材,上海,31
101年05月,高雄港,白蠟油,江蘇南京,3359
101年05月,高雄港,其他,江蘇江陰,967
101年05月,高雄港,其他,江蘇南通,15525
101年05月,高雄港,其他,天津,2009
101年05月,高雄港,其他,江蘇儀徵,3496
101年06月,高雄港,化工原料,江蘇常熟,986
101年06月,高雄港,化工原料,廣東東莞,4947
101年06月,高雄港,化工原料,江蘇江陰,1005
101年06月,高雄港,化工原料,廣東茂名,390
101年06月,高雄港,化工原料,浙江寧波,998
101年06月,高雄港,化工原料,江蘇南京,988
101年06月,高雄港,化工原料,廣東小湖島,987
101年06月,高雄港,化工原料,江蘇張家港,2896
101年06月,高雄港,化工原料,廣東珠海,8629
101年06月,高雄港,燃料油,江蘇南京,848
101年06月,高雄港,鋼材,廣東媽灣,522
101年06月,高雄港,鋼材,廣東南海,85
101年06月,高雄港,鋼材,上海,8
101年06月,高雄港,其他,廣東茂名,2049
101年06月,高雄港,其他,上海,7500
101年06月,高雄港,其他,天津,2341
101年06月,高雄港,其他,福建廈門,3
101年06月,高雄港,其他,浙江乍浦,1935
101年07月,高雄港,化工原料,江蘇常熟,2005
101年07月,高雄港,化工原料,上海漕涇,978
101年07月,高雄港,化工原料,廣東東莞,4026
101年07月,高雄港,化工原料,江蘇江陰,1000
101年07月,高雄港,化工原料,浙江寧波,8780
101年07月,高雄港,化工原料,江蘇南通,4988
101年07月,高雄港,化工原料,福建泉州,494
101年07月,高雄港,化工原料,江蘇泰州,3816
101年07月,高雄港,化工原料,廣東小湖島,902
101年07月,高雄港,化工原料,浙江乍浦,953
101年07月,高雄港,化工原料,江蘇張家港,4807
101年07月,高雄港,汽油,福建廈門,4198
101年07月,高雄港,燃料油,江蘇南京,4253
101年07月,高雄港,燃料油,江蘇南通,1000
101年07月,高雄港,鋼材,廣東媽灣,219
101年07月,高雄港,鋼材,上海,14
101年07月,高雄港,白蠟油,江蘇南京,3269
101年07月,高雄港,白蠟油,江蘇南通,852
101年07月,高雄港,其他,天津,1984
101年07月,高雄港,其他,天津新港,3059
101年08月,高雄港,化工原料,江蘇常熟,4084
101年08月,高雄港,化工原料,上海漕涇,2001
101年08月,高雄港,化工原料,廣東東莞,1860
101年08月,高雄港,化工原料,江蘇江陰,972
101年08月,高雄港,化工原料,浙江寧波,14079
101年08月,高雄港,化工原料,江蘇鎮江,3048
101年08月,高雄港,化工原料,江蘇張家港,3000
101年08月,高雄港,化工原料,廣東珠海,3135
101年08月,高雄港,汽油,江蘇南通,9748
101年08月,高雄港,燃料油,江蘇南通,1982
101年08月,高雄港,燃料油,廣東珠海,998
101年08月,高雄港,鋼材,廣東媽灣,594
101年08月,高雄港,鋼材,上海,9
101年08月,高雄港,白蠟油,浙江寧波,1005
101年08月,高雄港,其他,江蘇南通,8474
101年08月,高雄港,其他,天津,1000
101年08月,高雄港,其他,天津新港,1048
101年08月,高雄港,其他,浙江乍浦,1966
101年08月,高雄港,其他,廣東珠海,2403
101年09月,高雄港,化工原料,江蘇常熟,4042
101年09月,高雄港,化工原料,廣東東莞,4858
101年09月,高雄港,化工原料,江蘇江陰,2947
101年09月,高雄港,化工原料,浙江寧波,25502
101年09月,高雄港,化工原料,廣東小湖島,2988
101年09月,高雄港,化工原料,江蘇鎮江,4004
101年09月,高雄港,化工原料,江蘇張家港,5820
101年09月,高雄港,化工原料,廣東珠海,936
101年09月,高雄港,燃料油,山東龍口,41937
101年09月,高雄港,燃料油,山東嵐山,39532
101年09月,高雄港,燃料油,江蘇南京,4388
101年09月,高雄港,燃料油,江蘇南通,994
101年09月,高雄港,白蠟油,江蘇南京,1503
101年09月,高雄港,其他,廣東東莞,2582
101年09月,高雄港,其他,江蘇南京,2098
101年09月,高雄港,其他,江蘇南通,4813
101年09月,高雄港,其他,天津,1000
101年09月,高雄港,其他,福建廈門,4
101年09月,高雄港,其他,浙江乍浦,1914
101年09月,高雄港,其他,江蘇鎮江,1003
101年10月,高雄港,化工原料,江蘇常熟,6982
101年10月,高雄港,化工原料,廣東東莞,3805
101年10月,高雄港,化工原料,江蘇江陰,999
101年10月,高雄港,化工原料,浙江寧波,4813
101年10月,高雄港,化工原料,江蘇南京,1000
101年10月,高雄港,化工原料,江蘇南通,785
101年10月,高雄港,化工原料,江蘇泰州,5740
101年10月,高雄港,化工原料,廣東小湖島,2006
101年10月,高雄港,化工原料,江蘇張家港,9339
101年10月,高雄港,化工原料,廣東珠海,1958
101年10月,高雄港,燃料油,江蘇常熟,1492
101年10月,高雄港,燃料油,江蘇南京,1995
101年10月,高雄港,燃料油,江蘇南通,985
101年10月,高雄港,燃料油,山東青島,39851
101年10月,高雄港,鋼材,廣東媽灣,438
101年10月,高雄港,鋼材,上海,4
101年10月,高雄港,鋼材,福建廈門,52
101年10月,高雄港,白蠟油,江蘇南京,3233
101年10月,高雄港,其他,天津,3941
101年10月,高雄港,其他,福建廈門,1
101年10月,高雄港,其他,江蘇儀徵,2014
101年10月,高雄港,其他,廣東珠海,2859
101年11月,高雄港,化工原料,江蘇常熟,2080
101年11月,高雄港,化工原料,廣東東莞,1990
101年11月,高雄港,化工原料,浙江寧波,14777
101年11月,高雄港,化工原料,江蘇南京,1361
101年11月,高雄港,化工原料,江蘇張家港,7421
101年11月,高雄港,燃料油,山東萊州,73457
101年11月,高雄港,燃料油,江蘇南京,1988
101年11月,高雄港,燃料油,江蘇南通,996
101年11月,高雄港,燃料油,山東青島,36722
101年11月,高雄港,鋼材,上海,5
101年11月,高雄港,白蠟油,江蘇南京,1995
101年11月,高雄港,其他,江蘇南京,2011
101年11月,高雄港,其他,江蘇南通,8547
101年11月,高雄港,其他,天津新港,3028
101年11月,高雄港,其他,浙江乍浦,1992
101年11月,高雄港,其他,廣東珠海,1910
101年12月,高雄港,化工原料,江蘇常熟,2983
101年12月,高雄港,化工原料,廣東東莞,3068
101年12月,高雄港,化工原料,江蘇江陰,950
101年12月,高雄港,化工原料,浙江寧波,14523
101年12月,高雄港,化工原料,江蘇南通,775
101年12月,高雄港,化工原料,江蘇泰州,2516
101年12月,高雄港,化工原料,廣東小湖島,1969
101年12月,高雄港,化工原料,浙江乍浦,950
101年12月,高雄港,化工原料,江蘇張家港,6996
101年12月,高雄港,燃料油,江蘇常熟,538
101年12月,高雄港,燃料油,江蘇南京,984
101年12月,高雄港,燃料油,江蘇南通,979
101年12月,高雄港,燃料油,山東青島,36708
101年12月,高雄港,鋼材,上海,6
101年12月,高雄港,白蠟油,江蘇南京,500
101年12月,高雄港,其他,廣東東莞,3958
101年12月,高雄港,其他,江蘇南京,2042
101年12月,高雄港,其他,江蘇南通,4019
101年12月,高雄港,其他,上海,14550
101年12月,高雄港,其他,天津,2694
101年12月,高雄港,其他,江蘇儀徵,2064
101年12月,高雄港,其他,江蘇鎮江,1428
102年01月,高雄港,化工原料,江蘇常熟,976
102年01月,高雄港,化工原料,廣東東莞,2962
102年01月,高雄港,化工原料,福建福州,2948
102年01月,高雄港,化工原料,江蘇海安,5007
102年01月,高雄港,化工原料,江蘇江陰,3708
102年01月,高雄港,化工原料,浙江寧波,9045
102年01月,高雄港,化工原料,江蘇南通,1000
102年01月,高雄港,化工原料,江蘇太倉,2950
102年01月,高雄港,化工原料,浙江乍浦,1000
102年01月,高雄港,化工原料,江蘇鎮江,3819
102年01月,高雄港,化工原料,江蘇張家港,8910
102年01月,高雄港,化工原料,廣東珠海,1953
102年01月,高雄港,燃料油,江蘇南通,997
102年01月,高雄港,鋼材,廣東媽灣,628
102年01月,高雄港,鋼材,上海,5
102年01月,高雄港,白蠟油,江蘇南通,2606
102年01月,高雄港,其他,江蘇江陰,1007
102年01月,高雄港,其他,江蘇南京,4168
102年01月,高雄港,其他,江蘇南通,3149
102年01月,高雄港,其他,江蘇儀徵,3057
102年01月,高雄港,其他,浙江乍浦,3031
102年01月,高雄港,其他,廣東珠海,2498
102年02月,高雄港,化工原料,江蘇常熟,2837
102年02月,高雄港,化工原料,廣東東莞,4378
102年02月,高雄港,化工原料,遼寧大連,10225
102年02月,高雄港,化工原料,福建福州,2928
102年02月,高雄港,化工原料,浙江寧波,7936
102年02月,高雄港,化工原料,江蘇南通,839
102年02月,高雄港,化工原料,廣東小湖島,1994
102年02月,高雄港,化工原料,江蘇張家港,3737
102年02月,高雄港,化工原料,廣東珠海,2971
102年02月,高雄港,燃料油,江蘇南京,1989
102年02月,高雄港,燃料油,江蘇南通,1989
102年02月,高雄港,鋼材,廣東媽灣,312
102年02月,高雄港,鋼材,上海,1
102年02月,高雄港,白蠟油,江蘇南京,1801
102年02月,高雄港,其他,江蘇南京,1932
102年02月,高雄港,其他,江蘇南通,1954
102年02月,高雄港,其他,天津,2104
102年02月,高雄港,其他,天津新港,3021
102年02月,高雄港,其他,江蘇儀徵,2083
102年02月,高雄港,其他,浙江乍浦,2869
102年02月,高雄港,其他,廣東珠海,1910
102年03月,高雄港,化工原料,江蘇常熟,2403
102年03月,高雄港,化工原料,廣東東莞,3188
102年03月,高雄港,化工原料,遼寧大連,5232
102年03月,高雄港,化工原料,浙江寧波,17771
102年03月,高雄港,化工原料,江蘇南京,1351
102年03月,高雄港,化工原料,浙江乍浦,5090
102年03月,高雄港,化工原料,江蘇張家港,3979
102年03月,高雄港,化工原料,廣東珠海,1990
102年03月,高雄港,燃料油,江蘇南通,995
102年03月,高雄港,鋼材,廣東媽灣,401
102年03月,高雄港,鋼材,上海,4
102年03月,高雄港,白蠟油,浙江寧波,815
102年03月,高雄港,白蠟油,江蘇南京,4660
102年03月,高雄港,其他,江蘇南通,11407
102年03月,高雄港,其他,上海,6600
102年03月,高雄港,其他,福建廈門,2
102年03月,高雄港,其他,江蘇儀徵,4956
102年04月,高雄港,化工原料,江蘇常熟,4957
102年04月,高雄港,化工原料,江蘇江陰,6830
102年04月,高雄港,化工原料,浙江寧波,12353
102年04月,高雄港,化工原料,江蘇南京,1357
102年04月,高雄港,化工原料,江蘇南通,991
102年04月,高雄港,化工原料,江蘇太倉,2962
102年04月,高雄港,化工原料,廣東小湖島,2000
102年04月,高雄港,化工原料,浙江乍浦,4841
102年04月,高雄港,化工原料,江蘇張家港,3068
102年04月,高雄港,燃料油,江蘇南通,995
102年04月,高雄港,液化石油氣,浙江嘉興,1982
102年04月,高雄港,鋼材,廣東黃埔,209
102年04月,高雄港,鋼材,廣東媽灣,428
102年04月,高雄港,鋼材,上海,3
102年04月,高雄港,白蠟油,江蘇南京,2303
102年04月,高雄港,白蠟油,江蘇南通,1046
102年04月,高雄港,其他,江蘇江陰,1001
102年04月,高雄港,其他,江蘇南京,2002
102年04月,高雄港,其他,江蘇南通,3137
102年04月,高雄港,其他,福建泉州,2098
102年04月,高雄港,其他,天津,2784
102年04月,高雄港,其他,江蘇泰州,1928
102年04月,高雄港,其他,天津新港,3026
102年04月,高雄港,其他,廣東珠海,1962
102年05月,高雄港,化工原料,江蘇常熟,2017
102年05月,高雄港,化工原料,廣東東莞,3861
102年05月,高雄港,化工原料,浙江寧波,11831
102年05月,高雄港,化工原料,江蘇太倉,1992
102年05月,高雄港,化工原料,廣東小湖島,1987
102年05月,高雄港,化工原料,福建廈門,5000
102年05月,高雄港,化工原料,江蘇張家港,5906
102年05月,高雄港,化工原料,廣東珠海,4889
102年05月,高雄港,燃料油,江蘇南京,1000
102年05月,高雄港,燃料油,江蘇南通,1006
102年05月,高雄港,燃料油,上海,29020
102年05月,高雄港,液化石油氣,浙江嘉興,1985
102年05月,高雄港,液化石油氣,廣東南沙,1985
102年05月,高雄港,鋼材,上海,83
102年05月,高雄港,白蠟油,山東嵐山,1003
102年05月,高雄港,白蠟油,浙江寧波,750
102年05月,高雄港,白蠟油,江蘇南通,2003
102年05月,高雄港,其他,江蘇南通,7800
102年05月,高雄港,其他,江蘇儀徵,1969
102年05月,高雄港,其他,浙江乍浦,1909
102年05月,高雄港,其他,江蘇鎮江,2927
102年05月,高雄港,其他,廣東珠海,1918
102年06月,高雄港,化工原料,江蘇常熟,4971
102年06月,高雄港,化工原料,江蘇常州,2999
102年06月,高雄港,化工原料,廣東東莞,8695
102年06月,高雄港,化工原料,浙江寧波,16888
102年06月,高雄港,化工原料,江蘇南京,1355
102年06月,高雄港,化工原料,江蘇南通,1761
102年06月,高雄港,化工原料,江蘇太倉,3004
102年06月,高雄港,化工原料,江蘇泰州,5018
102年06月,高雄港,化工原料,廣東小湖島,997
102年06月,高雄港,化工原料,福建廈門,8047
102年06月,高雄港,化工原料,浙江乍浦,4994
102年06月,高雄港,化工原料,江蘇鎮江,2999
102年06月,高雄港,化工原料,江蘇張家港,5746
102年06月,高雄港,化工原料,廣東珠海,954
102年06月,高雄港,燃料油,江蘇南京,2094
102年06月,高雄港,燃料油,江蘇南通,2564
102年06月,高雄港,液化石油氣,浙江嘉興,2006
102年06月,高雄港,鋼材,上海,62
102年06月,高雄港,白蠟油,江蘇南京,1928
102年06月,高雄港,白蠟油,江蘇南通,1411
102年06月,高雄港,其他,江蘇南京,3236
102年06月,高雄港,其他,江蘇南通,6675
102年06月,高雄港,其他,天津,2004
102年06月,高雄港,其他,福建廈門,1
102年06月,高雄港,其他,江蘇儀徵,2019
102年06月,高雄港,其他,浙江乍浦,1900
102年07月,高雄港,化工原料,江蘇常熟,2471
102年07月,高雄港,化工原料,廣東東莞,977
102年07月,高雄港,化工原料,浙江寧波,17521
102年07月,高雄港,化工原料,廣東小湖島,1643
102年07月,高雄港,化工原料,福建廈門,8126
102年07月,高雄港,化工原料,浙江乍浦,5111
102年07月,高雄港,化工原料,江蘇張家港,5872
102年07月,高雄港,化工原料,廣東珠海,7238
102年07月,高雄港,燃料油,江蘇南通,3093
102年07月,高雄港,鋼材,上海,4
102年07月,高雄港,其他,廣東東莞,999
102年07月,高雄港,其他,江蘇南通,6700
102年07月,高雄港,其他,江蘇儀徵,4860
102年07月,高雄港,其他,廣東珠海,1000
102年08月,高雄港,化工原料,江蘇常熟,1829
102年08月,高雄港,化工原料,廣東東莞,6015
102年08月,高雄港,化工原料,福建福州,3001
102年08月,高雄港,化工原料,江蘇江陰,1007
102年08月,高雄港,化工原料,浙江寧波,6315
102年08月,高雄港,化工原料,江蘇南通,1000
102年08月,高雄港,化工原料,海南洋浦,5241
102年08月,高雄港,化工原料,浙江乍浦,1005
102年08月,高雄港,化工原料,江蘇鎮江,1003
102年08月,高雄港,化工原料,江蘇張家港,8005
102年08月,高雄港,化工原料,廣東珠海,5068
102年08月,高雄港,鋼材,上海,2
102年08月,高雄港,白蠟油,山東嵐山,999
102年08月,高雄港,白蠟油,江蘇南京,300
102年08月,高雄港,白蠟油,江蘇南通,1201
102年08月,高雄港,其他,江蘇泰州,997
102年08月,高雄港,其他,浙江乍浦,1910
102年08月,高雄港,其他,江蘇鎮江,2409
102年09月,高雄港,化工原料,江蘇常熟,1025
102年09月,高雄港,化工原料,廣東東莞,4361
102年09月,高雄港,化工原料,江蘇江陰,2044
102年09月,高雄港,化工原料,浙江寧波,9025
102年09月,高雄港,化工原料,江蘇南京,1002
102年09月,高雄港,化工原料,江蘇南通,976
102年09月,高雄港,化工原料,福建廈門,5000
102年09月,高雄港,化工原料,海南洋浦,5241
102年09月,高雄港,化工原料,江蘇張家港,17046
102年09月,高雄港,燃料油,江蘇南通,2239
102年09月,高雄港,鋼材,上海,10
102年09月,高雄港,白蠟油,浙江寧波,1000
102年09月,高雄港,白蠟油,江蘇南京,1501
102年09月,高雄港,白蠟油,江蘇南通,1819
102年09月,高雄港,其他,廣東東莞,2035
102年09月,高雄港,其他,江蘇南通,1982
102年09月,高雄港,其他,福建廈門,1
102年09月,高雄港,其他,江蘇儀徵,2853
102年09月,高雄港,其他,江蘇鎮江,2044
102年10月,高雄港,化工原料,江蘇常熟,982
102年10月,高雄港,化工原料,上海漕涇,1045
102年10月,高雄港,化工原料,廣東東莞,6354
102年10月,高雄港,化工原料,江蘇江陰,7112
102年10月,高雄港,化工原料,浙江寧波,8045
102年10月,高雄港,化工原料,江蘇南通,951
102年10月,高雄港,化工原料,廣東小湖島,1510
102年10月,高雄港,化工原料,福建廈門,4940
102年10月,高雄港,化工原料,江蘇張家港,5933
102年10月,高雄港,燃料油,江蘇常州,2040
102年10月,高雄港,燃料油,江蘇南京,1148
102年10月,高雄港,鋼材,上海,135
102年10月,高雄港,白蠟油,浙江寧波,2004
102年10月,高雄港,白蠟油,江蘇南京,700
102年10月,高雄港,其他,江蘇南京,2091
102年10月,高雄港,其他,上海,7700
102年10月,高雄港,其他,江蘇儀徵,4953
102年10月,高雄港,其他,江蘇鎮江,2884
102年11月,高雄港,化工原料,江蘇常熟,3775
102年11月,高雄港,化工原料,廣東東莞,4446
102年11月,高雄港,化工原料,遼寧大連,5218
102年11月,高雄港,化工原料,江蘇江陰,3297
102年11月,高雄港,化工原料,浙江寧波,5000
102年11月,高雄港,化工原料,江蘇南通,993
102年11月,高雄港,化工原料,海南洋浦,2007
102年11月,高雄港,化工原料,浙江乍浦,11088
102年11月,高雄港,化工原料,江蘇鎮江,1002
102年11月,高雄港,化工原料,江蘇張家港,5048
102年11月,高雄港,化工原料,廣東珠海,1505
102年11月,高雄港,燃料油,江蘇南京,1000
102年11月,高雄港,燃料油,江蘇南通,997
102年11月,高雄港,鋼材,上海,65
102年11月,高雄港,鋼材,福建廈門,41
102年11月,高雄港,白蠟油,浙江寧波,1530
102年11月,高雄港,白蠟油,江蘇南京,791
102年11月,高雄港,白蠟油,江蘇南通,1230
102年11月,高雄港,其他,廣東東莞,1020
102年11月,高雄港,其他,江蘇南通,2016
102年11月,高雄港,其他,江蘇太倉,1605
102年11月,高雄港,其他,江蘇泰州,1750
102年11月,高雄港,其他,江蘇儀徵,2965
102年12月,高雄港,化工原料,江蘇常熟,3820
102年12月,高雄港,化工原料,江蘇江陰,6766
102年12月,高雄港,化工原料,浙江寧波,6202
102年12月,高雄港,化工原料,浙江乍浦,5140
102年12月,高雄港,化工原料,廣東珠海,5202
102年12月,高雄港,燃料油,江蘇南京,1796
102年12月,高雄港,鋼材,上海,12
102年12月,高雄港,白蠟油,江蘇南京,206
102年12月,高雄港,白蠟油,江蘇南通,1420
102年12月,高雄港,其他,江蘇南通,1599
102年12月,高雄港,其他,上海,6200
102年12月,高雄港,其他,江蘇太倉,386
102年12月,高雄港,其他,天津,1916
102年12月,高雄港,其他,江蘇儀徵,3025
102年12月,高雄港,其他,浙江乍浦,1941
103年01月,高雄港,化工原料,江蘇常熟,2042
103年01月,高雄港,化工原料,廣東東莞,2012
103年01月,高雄港,化工原料,江蘇江陰,3032
103年01月,高雄港,化工原料,浙江寧波,5157
103年01月,高雄港,化工原料,江蘇南京,980
103年01月,高雄港,化工原料,浙江乍浦,8278
103年01月,高雄港,化工原料,江蘇鎮江,2703
103年01月,高雄港,化工原料,江蘇張家港,3090
103年01月,高雄港,燃料油,江蘇南京,1889
103年01月,高雄港,鋼材,上海,135
103年01月,高雄港,鋼材,福建廈門,50
103年01月,高雄港,白蠟油,江蘇常州,992
103年01月,高雄港,白蠟油,山東嵐山,1509
103年01月,高雄港,白蠟油,江蘇南京,3263
103年01月,高雄港,其他,江蘇南京,2095
103年01月,高雄港,其他,江蘇太倉,1930
103年01月,高雄港,其他,江蘇泰州,1974
103年01月,高雄港,其他,江蘇鎮江,1997
103年01月,高雄港,其他,廣東珠海,1455
103年02月,高雄港,化工原料,江蘇常熟,1999
103年02月,高雄港,化工原料,廣東東莞,8280
103年02月,高雄港,化工原料,浙江寧波,12815
103年02月,高雄港,化工原料,福建泉州,4016
103年02月,高雄港,化工原料,江蘇太倉,6755
103年02月,高雄港,化工原料,江蘇泰州,12766
103年02月,高雄港,化工原料,海南洋浦,2852
103年02月,高雄港,化工原料,江蘇鎮江,1001
103年02月,高雄港,化工原料,江蘇張家港,15910
103年02月,高雄港,化工原料,廣東珠海,4836
103年02月,高雄港,鋼材,上海,136
103年02月,高雄港,白蠟油,浙江寧波,1500
103年02月,高雄港,白蠟油,江蘇南京,3592
103年02月,高雄港,其他,江蘇南通,1725
103年02月,高雄港,其他,江蘇儀徵,3023
103年02月,高雄港,其他,浙江乍浦,2011
103年03月,高雄港,化工原料,江蘇常熟,4954
103年03月,高雄港,化工原料,廣東東莞,955
103年03月,高雄港,化工原料,江蘇江陰,1003
103年03月,高雄港,化工原料,浙江寧波,3005
103年03月,高雄港,化工原料,江蘇南京,1086
103年03月,高雄港,化工原料,江蘇泰州,3809
103年03月,高雄港,化工原料,江蘇鎮江,1001
103年03月,高雄港,化工原料,江蘇張家港,4042
103年03月,高雄港,化工原料,廣東珠海,4761
103年03月,高雄港,鋼材,上海,70
103年03月,高雄港,白蠟油,江蘇常州,1847
103年03月,高雄港,白蠟油,江蘇南京,4562
103年03月,高雄港,其他,江蘇南京,1281
103年03月,高雄港,其他,上海,6800
103年03月,高雄港,其他,江蘇太倉,2406
103年03月,高雄港,其他,天津,1932
103年03月,高雄港,其他,江蘇儀徵,5768
103年03月,高雄港,其他,江蘇鎮江,2447
103年04月,高雄港,化工原料,江蘇常熟,1994
103年04月,高雄港,化工原料,江蘇江陰,994
103年04月,高雄港,化工原料,浙江寧波,6001
103年04月,高雄港,化工原料,江蘇南通,1001
103年04月,高雄港,化工原料,江蘇泰州,3852
103年04月,高雄港,化工原料,浙江乍浦,4028
103年04月,高雄港,化工原料,江蘇張家港,12942
103年04月,高雄港,鋼材,上海,12
103年04月,高雄港,白蠟油,江蘇南京,4000
103年04月,高雄港,白蠟油,廣東珠海,2009
103年04月,高雄港,其他,江蘇南京,2053
103年04月,高雄港,其他,江蘇南通,5100
103年04月,高雄港,其他,上海,3
103年04月,高雄港,其他,江蘇太倉,2059
103年04月,高雄港,其他,江蘇儀徵,2886
103年04月,高雄港,其他,江蘇鎮江,2337
103年05月,高雄港,化工原料,廣東東莞,858
103年05月,高雄港,化工原料,江蘇江陰,2989
103年05月,高雄港,化工原料,浙江寧波,1961
103年05月,高雄港,化工原料,福建泉州,2980
103年05月,高雄港,化工原料,海南洋浦,9429
103年05月,高雄港,化工原料,江蘇鎮江,2002
103年05月,高雄港,化工原料,江蘇張家港,6751
103年05月,高雄港,化工原料,廣東珠海,5042
103年05月,高雄港,化工原料,福建漳州,9868
103年05月,高雄港,白蠟油,江蘇常州,1887
103年05月,高雄港,白蠟油,江蘇南京,301
103年05月,高雄港,其他,江蘇南通,13400
103年05月,高雄港,其他,江蘇泰州,1994
103年05月,高雄港,其他,浙江乍浦,2007
103年06月,高雄港,化工原料,廣東廣州,3022
103年06月,高雄港,化工原料,廣東東莞,8219
103年06月,高雄港,化工原料,遼寧大連,4756
103年06月,高雄港,化工原料,江蘇江陰,2905
103年06月,高雄港,化工原料,山東萊州,4281
103年06月,高雄港,化工原料,浙江寧波,8798
103年06月,高雄港,化工原料,福建泉州,2932
103年06月,高雄港,化工原料,江蘇泰州,5860
103年06月,高雄港,化工原料,海南洋浦,7202
103年06月,高雄港,化工原料,江蘇鎮江,1460
103年06月,高雄港,化工原料,江蘇張家港,12288
103年06月,高雄港,化工原料,福建漳州,5249
103年06月,高雄港,鋼材,上海,97
103年06月,高雄港,白蠟油,江蘇南通,1001
103年06月,高雄港,其他,廣東廣州,5100
103年06月,高雄港,其他,廣東東莞,5969
103年06月,高雄港,其他,江蘇南通,3911
103年06月,高雄港,其他,江蘇太倉,2081
103年07月,高雄港,化工原料,廣東東莞,7565
103年07月,高雄港,化工原料,江蘇江陰,950
103年07月,高雄港,化工原料,浙江寧波,2925
103年07月,高雄港,化工原料,福建泉州,2932
103年07月,高雄港,化工原料,江蘇泰州,3004
103年07月,高雄港,化工原料,海南洋浦,4761
103年07月,高雄港,化工原料,江蘇鎮江,1451
103年07月,高雄港,化工原料,江蘇張家港,3098
103年07月,高雄港,化工原料,福建漳州,10985
103年07月,高雄港,白蠟油,山東嵐山,1003
103年07月,高雄港,白蠟油,江蘇南京,1050
103年07月,高雄港,其他,廣東東莞,11070
103年07月,高雄港,其他,江蘇南通,9725
103年07月,高雄港,其他,上海,7200
103年07月,高雄港,其他,江蘇太倉,2461
103年07月,高雄港,其他,江蘇泰州,1997
103年07月,高雄港,其他,江蘇儀徵,2003
103年08月,高雄港,化工原料,廣東東莞,7272
103年08月,高雄港,化工原料,遼寧大連,5056
103年08月,高雄港,化工原料,江蘇江陰,1946
103年08月,高雄港,化工原料,浙江寧波,14006
103年08月,高雄港,化工原料,福建泉州,2952
103年08月,高雄港,化工原料,山東日照,1662
103年08月,高雄港,化工原料,上海,3035
103年08月,高雄港,化工原料,天津,2349
103年08月,高雄港,化工原料,浙江乍浦,1621
103年08月,高雄港,化工原料,江蘇鎮江,2001
103年08月,高雄港,化工原料,江蘇張家港,1967
103年08月,高雄港,化工原料,福建漳州,11045
103年08月,高雄港,汽油,廣東南沙,17653
103年08月,高雄港,鋼材,福建廈門,75
103年08月,高雄港,白蠟油,江蘇常州,1978
103年08月,高雄港,白蠟油,江蘇南京,2552
103年08月,高雄港,其他,江蘇南通,2416
103年09月,高雄港,化工原料,江蘇常熟,907
103年09月,高雄港,化工原料,廣東東莞,6696
103年09月,高雄港,化工原料,廣東惠州,1799
103年09月,高雄港,化工原料,江蘇江陰,992
103年09月,高雄港,化工原料,浙江寧波,24894
103年09月,高雄港,化工原料,福建泉州,1000
103年09月,高雄港,化工原料,江蘇太倉,2957
103年09月,高雄港,化工原料,江蘇儀徵,1513
103年09月,高雄港,化工原料,浙江乍浦,5645
103年09月,高雄港,化工原料,江蘇鎮江,2499
103年09月,高雄港,化工原料,江蘇張家港,14475
103年09月,高雄港,化工原料,福建漳州,10931
103年09月,高雄港,鋼材,上海,33
103年09月,高雄港,白蠟油,江蘇南京,4645
103年09月,高雄港,白蠟油,廣東珠海,1551
103年09月,高雄港,其他,廣東媽灣,63
103年09月,高雄港,其他,江蘇南京,1337
103年09月,高雄港,其他,江蘇儀徵,2011
103年10月,高雄港,化工原料,廣東東莞,7529
103年10月,高雄港,化工原料,廣東惠州,1680
103年10月,高雄港,化工原料,浙江寧波,4001
103年10月,高雄港,化工原料,江蘇太倉,2600
103年10月,高雄港,化工原料,江蘇鎮江,1490
103年10月,高雄港,化工原料,江蘇張家港,2019
103年10月,高雄港,化工原料,廣東珠海,4773
103年10月,高雄港,化工原料,福建漳州,10775
103年10月,高雄港,白蠟油,江蘇常州,954
103年10月,高雄港,白蠟油,江蘇南京,4065
103年10月,高雄港,其他,廣東茂名,2917
103年10月,高雄港,其他,江蘇南通,9940
103年10月,高雄港,其他,上海,12000
103年10月,高雄港,其他,江蘇泰州,2013
103年10月,高雄港,其他,江蘇儀徵,3144
103年11月,高雄港,化工原料,廣東東莞,9316
103年11月,高雄港,化工原料,江蘇江陰,1001
103年11月,高雄港,化工原料,江蘇連雲港,1602
103年11月,高雄港,化工原料,浙江寧波,7946
103年11月,高雄港,化工原料,廣東南沙,4490
103年11月,高雄港,化工原料,山東日照,4971
103年11月,高雄港,化工原料,天津,4842
103年11月,高雄港,化工原料,浙江乍浦,1742
103年11月,高雄港,化工原料,江蘇張家港,8327
103年11月,高雄港,化工原料,福建漳州,5901
103年11月,高雄港,鋼材,福建廈門,72
103年11月,高雄港,白蠟油,江蘇南京,3890
103年11月,高雄港,其他,江蘇南通,7200
103年11月,高雄港,其他,上海,6200
103年11月,高雄港,其他,江蘇儀徵,3089
103年11月,高雄港,其他,江蘇鎮江,2221
103年11月,高雄港,其他,廣東珠海,2922
103年12月,高雄港,化工原料,江蘇常州,3143
103年12月,高雄港,化工原料,廣東東莞,1040
103年12月,高雄港,化工原料,江蘇江陰,1001
103年12月,高雄港,化工原料,浙江寧波,7042
103年12月,高雄港,化工原料,山東日照,2516
103年12月,高雄港,化工原料,上海,1201
103年12月,高雄港,化工原料,天津,12017
103年12月,高雄港,化工原料,江蘇鎮江,2004
103年12月,高雄港,化工原料,江蘇張家港,10327
103年12月,高雄港,化工原料,福建漳州,15332
103年12月,高雄港,汽油,廣東東莞,9436
103年12月,高雄港,汽油,廣東珠海,9850
103年12月,高雄港,白蠟油,江蘇常州,1047
103年12月,高雄港,白蠟油,江蘇南京,3021
104年01月,高雄港,化工原料,廣東東莞,3887
104年01月,高雄港,化工原料,江蘇江陰,2006
104年01月,高雄港,化工原料,浙江寧波,2932
104年01月,高雄港,化工原料,天津,4210
104年01月,高雄港,化工原料,江蘇儀徵,1632
104年01月,高雄港,化工原料,江蘇鎮江,2502
104年01月,高雄港,化工原料,江蘇張家港,4132
104年01月,高雄港,化工原料,福建漳州,9978
104年01月,高雄港,鋼材,上海,51
104年01月,高雄港,白蠟油,江蘇南京,1910
104年01月,高雄港,白蠟油,江蘇南通,1045
104年01月,高雄港,其他,江蘇南京,1350
104年02月,高雄港,化工原料,廣東東莞,15526
104年02月,高雄港,化工原料,江蘇江陰,2001
104年02月,高雄港,化工原料,福建泉州,2993
104年02月,高雄港,化工原料,天津,5195
104年02月,高雄港,化工原料,海南洋浦,7474
104年02月,高雄港,化工原料,江蘇張家港,19571
104年02月,高雄港,化工原料,福建漳州,4912
104年02月,高雄港,鋼材,上海,154
104年02月,高雄港,白蠟油,江蘇南京,2607
104年02月,高雄港,其他,江蘇泰州,4048
104年03月,高雄港,化工原料,江蘇常熟,6487
104年03月,高雄港,化工原料,上海漕涇,1909
104年03月,高雄港,化工原料,廣東東莞,6839
104年03月,高雄港,化工原料,江蘇江陰,3949
104年03月,高雄港,化工原料,浙江寧波,5006
104年03月,高雄港,化工原料,福建泉州,1993
104年03月,高雄港,化工原料,廣東小湖島,4950
104年03月,高雄港,化工原料,江蘇鎮江,1001
104年03月,高雄港,化工原料,江蘇張家港,11901
104年03月,高雄港,化工原料,福建漳州,4908
104年03月,高雄港,汽油,廣東東莞,9419
104年03月,高雄港,汽油,廣東珠海,8606
104年03月,高雄港,白蠟油,江蘇南京,3893
104年03月,高雄港,其他,廣東媽灣,38
104年03月,高雄港,其他,江蘇南通,3127
104年04月,高雄港,化工原料,江蘇常熟,1934
104年04月,高雄港,化工原料,廣東東莞,10860
104年04月,高雄港,化工原料,江蘇江陰,1500
104年04月,高雄港,化工原料,浙江寧波,2002
104年04月,高雄港,化工原料,福建泉州,1999
104年04月,高雄港,化工原料,江蘇張家港,6169
104年04月,高雄港,化工原料,福建漳州,4808
104年04月,高雄港,鋼材,上海,127
104年04月,高雄港,鋼材,福建廈門,49
104年04月,高雄港,白蠟油,江蘇常州,995
104年04月,高雄港,白蠟油,江蘇南京,6203
104年04月,高雄港,白蠟油,江蘇南通,1048
104年04月,高雄港,其他,江蘇南京,1353
104年04月,高雄港,其他,上海,13000
104年04月,高雄港,其他,江蘇儀徵,1922
104年05月,高雄港,化工原料,江蘇常熟,3596
104年05月,高雄港,化工原料,廣東東莞,3005
104年05月,高雄港,化工原料,江蘇江陰,2555
104年05月,高雄港,化工原料,浙江寧波,14011
104年05月,高雄港,化工原料,江蘇南通,4320
104年05月,高雄港,化工原料,福建泉州,1996
104年05月,高雄港,化工原料,江蘇鎮江,1310
104年05月,高雄港,化工原料,江蘇張家港,992
104年05月,高雄港,白蠟油,江蘇常州,963
104年05月,高雄港,白蠟油,江蘇南京,5204
104年05月,高雄港,其他,浙江寧波,1017
104年05月,高雄港,其他,江蘇南通,3128
104年05月,高雄港,其他,江蘇太倉,70
104年05月,高雄港,其他,浙江舟山,995
104年06月,高雄港,化工原料,江蘇常熟,3918
104年06月,高雄港,化工原料,廣東東莞,8606
104年06月,高雄港,化工原料,江蘇江陰,4426
104年06月,高雄港,化工原料,浙江寧波,17045
104年06月,高雄港,化工原料,江蘇南通,1500
104年06月,高雄港,化工原料,浙江乍浦,4146
104年06月,高雄港,化工原料,江蘇張家港,994
104年06月,高雄港,白蠟油,江蘇南京,8153
104年06月,高雄港,其他,江蘇南京,1334
104年06月,高雄港,其他,江蘇南通,3127
104年06月,高雄港,其他,江蘇楊州,3040
104年07月,高雄港,化工原料,江蘇常熟,7145
104年07月,高雄港,化工原料,廣東東莞,5964
104年07月,高雄港,化工原料,江蘇江陰,2680
104年07月,高雄港,化工原料,浙江寧波,5000
104年07月,高雄港,化工原料,江蘇南通,2001
104年07月,高雄港,化工原料,江蘇張家港,1935
104年07月,高雄港,鋼材,廣東媽灣,12
104年07月,高雄港,鋼材,上海,131
104年07月,高雄港,白蠟油,江蘇南京,6396
104年07月,高雄港,其他,江蘇江陰,2567
104年07月,高雄港,其他,浙江寧波,982
104年07月,高雄港,其他,上海,7200
104年08月,高雄港,化工原料,江蘇常熟,3000
104年08月,高雄港,化工原料,廣東東莞,4826
104年08月,高雄港,化工原料,江蘇江陰,2355
104年08月,高雄港,化工原料,浙江寧波,11011
104年08月,高雄港,化工原料,江蘇鎮江,1001
104年08月,高雄港,化工原料,江蘇張家港,4966
104年08月,高雄港,鋼材,廣東媽灣,39
104年08月,高雄港,鋼材,上海,1
104年08月,高雄港,白蠟油,江蘇南京,3887
104年08月,高雄港,其他,上海,1
104年09月,高雄港,爐石,河北京唐（唐山）,6601
104年09月,高雄港,化工原料,江蘇常熟,4747
104年09月,高雄港,化工原料,上海漕涇,2001
104年09月,高雄港,化工原料,廣東東莞,7231
104年09月,高雄港,化工原料,江蘇江陰,7058
104年09月,高雄港,化工原料,福建廈門,2004
104年09月,高雄港,化工原料,江蘇張家港,5740
104年09月,高雄港,鋼材,江西南昌,16
104年09月,高雄港,鋼材,廣東媽灣,59
104年09月,高雄港,鋼材,上海,133
104年09月,高雄港,白蠟油,江蘇南京,5869
104年09月,高雄港,其他,廣東廣州,3
104年09月,高雄港,其他,廣東東莞,976
104年09月,高雄港,其他,上海,4
104年09月,高雄港,其他,天津新港,44
104年10月,高雄港,化工原料,江蘇常熟,1003
104年10月,高雄港,化工原料,廣東東莞,2420
104年10月,高雄港,化工原料,江蘇江陰,5154
104年10月,高雄港,化工原料,浙江寧波,5019
104年10月,高雄港,化工原料,江蘇南通,2003
104年10月,高雄港,化工原料,上海,2000
104年10月,高雄港,化工原料,浙江乍浦,4350
104年10月,高雄港,化工原料,江蘇鎮江,998
104年10月,高雄港,化工原料,江蘇張家港,2906
104年10月,高雄港,鋼材,江西南昌,22
104年10月,高雄港,鋼材,廣東媽灣,47
104年10月,高雄港,鋼材,廣東南頭,2
104年10月,高雄港,鋼材,上海,3
104年10月,高雄港,鋼材,福建廈門,20
104年10月,高雄港,白蠟油,江蘇南京,4815
104年10月,高雄港,其他,廣東,1
104年10月,高雄港,其他,廣東媽灣,36
104年10月,高雄港,其他,浙江寧波,3027
104年10月,高雄港,其他,江蘇南京,1354
104年10月,高雄港,其他,廣東南頭,2
104年10月,高雄港,其他,上海,12504
104年10月,高雄港,其他,江蘇泰州,1013
104年10月,高雄港,其他,湖北武漢,2
104年10月,高雄港,其他,江蘇鎮江,1998
104年11月,高雄港,化工原料,江蘇常熟,2950
104年11月,高雄港,化工原料,上海漕涇,2001
104年11月,高雄港,化工原料,廣東東莞,3113
104年11月,高雄港,化工原料,江蘇江陰,2884
104年11月,高雄港,化工原料,山東青島,2001
104年11月,高雄港,化工原料,江蘇張家港,15409
104年11月,高雄港,汽油,廣東東莞,8964
104年11月,高雄港,鋼材,江西南昌,16
104年11月,高雄港,鋼材,廣東南頭,1
104年11月,高雄港,鋼材,上海,159
104年11月,高雄港,白蠟油,江蘇南京,2946
104年11月,高雄港,其他,廣東東莞,1
104年11月,高雄港,其他,廣東黃埔,1
104年11月,高雄港,其他,廣東南頭,2
104年11月,高雄港,其他,上海,3
104年12月,高雄港,化工原料,廣東東莞,2536
104年12月,高雄港,化工原料,浙江寧波,957
104年12月,高雄港,化工原料,江蘇南通,1300
104年12月,高雄港,化工原料,江蘇鎮江,958
104年12月,高雄港,化工原料,江蘇張家港,7795
104年12月,高雄港,化工原料,廣東珠海,1015
104年12月,高雄港,鋼材,江西南昌,20
104年12月,高雄港,鋼材,廣東媽灣,48
104年12月,高雄港,鋼材,上海,6
104年12月,高雄港,白蠟油,江蘇南京,997
104年12月,高雄港,其他,浙江寧波,38
104年12月,高雄港,其他,廣東南頭,2
104年12月,高雄港,其他,上海,6305
105年01月,高雄港,化工原料,廣東東莞,990
105年01月,高雄港,化工原料,福建江陰,1723
105年01月,高雄港,化工原料,江蘇江陰,2001
105年01月,高雄港,化工原料,浙江寧波,1002
105年01月,高雄港,化工原料,浙江乍浦,4456
105年01月,高雄港,化工原料,江蘇張家港,6982
105年01月,高雄港,鋼材,廣東媽灣,18
105年01月,高雄港,鋼材,廣東南頭,1
105年01月,高雄港,鋼材,上海,6
105年01月,高雄港,鋼材,福建廈門,54
105年01月,高雄港,白蠟油,江蘇南京,4956
105年01月,高雄港,其他,江蘇南京,1352
105年01月,高雄港,其他,廣東南頭,1
105年01月,高雄港,其他,上海,4
105年01月,高雄港,其他,廣東深圳,2
105年02月,高雄港,化工原料,江蘇常熟,2903
105年02月,高雄港,化工原料,廣東虎門,5017
105年02月,高雄港,化工原料,江蘇江陰,1012
105年02月,高雄港,化工原料,江蘇南通,1999
105年02月,高雄港,化工原料,上海,1600
105年02月,高雄港,化工原料,江蘇張家港,2919
105年02月,高雄港,汽油,廣東珠海,18044
105年02月,高雄港,鋼材,上海,4
105年02月,高雄港,白蠟油,江蘇常熟,1996
105年02月,高雄港,白蠟油,江蘇南京,4903
105年02月,高雄港,其他,廣東東莞,1
105年02月,高雄港,其他,浙江寧波,3107
105年02月,高雄港,其他,江蘇南京,1286
105年02月,高雄港,其他,上海,5
105年03月,高雄港,化工原料,上海漕涇,1993
105年03月,高雄港,化工原料,廣東東莞,998
105年03月,高雄港,化工原料,福建江陰,979
105年03月,高雄港,化工原料,江蘇江陰,4883
105年03月,高雄港,化工原料,浙江寧波,1001
105年03月,高雄港,化工原料,江蘇南通,950
105年03月,高雄港,化工原料,山東日照,2330
105年03月,高雄港,化工原料,江蘇儀徵,1795
105年03月,高雄港,化工原料,江蘇張家港,9766
105年03月,高雄港,鋼材,廣東媽灣,48
105年03月,高雄港,鋼材,上海,6
105年03月,高雄港,白蠟油,江蘇南京,3085
105年03月,高雄港,其他,江蘇南京,1331
105年03月,高雄港,其他,上海,7
105年04月,高雄港,化工原料,江蘇常熟,3300
105年04月,高雄港,化工原料,上海漕涇,2000
105年04月,高雄港,化工原料,廣東東莞,2001
105年04月,高雄港,化工原料,福建江陰,2978
105年04月,高雄港,化工原料,江蘇江陰,3953
105年04月,高雄港,化工原料,福建泉州,1992
105年04月,高雄港,化工原料,江蘇鎮江,1299
105年04月,高雄港,化工原料,江蘇張家港,12329
105年04月,高雄港,鋼材,廣東南頭,1
105年04月,高雄港,鋼材,上海,11
105年04月,高雄港,白蠟油,江蘇南京,1986
105年04月,高雄港,其他,浙江寧波,3067
105年04月,高雄港,其他,上海,3
105年05月,高雄港,化工原料,上海漕涇,1030
105年05月,高雄港,化工原料,江蘇江陰,3999
105年05月,高雄港,化工原料,浙江寧波,997
105年05月,高雄港,化工原料,廣東珠海前山,1042
105年05月,高雄港,化工原料,福建泉州,1999
105年05月,高雄港,化工原料,江蘇鎮江,1001
105年05月,高雄港,化工原料,江蘇張家港,8971
105年05月,高雄港,鋼材,上海,153
105年05月,高雄港,白蠟油,江蘇南通,4982
105年05月,高雄港,其他,江蘇南京,1126
105年05月,高雄港,其他,廣東南沙,177
105年05月,高雄港,其他,上海,6306
105年05月,高雄港,其他,天津新港,15
105年05月,高雄港,其他,江蘇泰州,1016
105年05月,高雄港,其他,福建廈門,132748
105年06月,高雄港,化工原料,遼寧鱍魚圈,2859
105年06月,高雄港,化工原料,江蘇常熟,3049
105年06月,高雄港,化工原料,上海漕涇,5641
105年06月,高雄港,化工原料,廣東東莞,3205
105年06月,高雄港,化工原料,江蘇江陰,5085
105年06月,高雄港,化工原料,海南洋浦,5966
105年06月,高雄港,化工原料,江蘇張家港,2855
105年06月,高雄港,柴油,廣東南沙,5217
105年06月,高雄港,鋼材,廣東南頭,1
105年06月,高雄港,鋼材,上海,4
105年06月,高雄港,鋼材,廣東沙田,41
105年06月,高雄港,鋼材,廣東中山,46
105年06月,高雄港,白蠟油,浙江寧波,994
105年06月,高雄港,白蠟油,江蘇南通,1994
105年06月,高雄港,其他,廣東東莞,1
105年06月,高雄港,其他,浙江寧波,2025
105年06月,高雄港,其他,上海,6304
105年07月,高雄港,化工原料,江蘇常熟,12394
105年07月,高雄港,化工原料,廣東東莞,1000
105年07月,高雄港,化工原料,江蘇南通,1001
105年07月,高雄港,化工原料,上海,2002
105年07月,高雄港,化工原料,海南洋浦,2904
105年07月,高雄港,化工原料,江蘇楊州,800
105年07月,高雄港,化工原料,江蘇鎮江,998
105年07月,高雄港,化工原料,江蘇張家港,12586
105年07月,高雄港,化工原料,廣東珠海,1025
105年07月,高雄港,柴油,廣東南沙,5221
105年07月,高雄港,鋼材,上海,4
105年07月,高雄港,鋼材,廣東中山,94
105年07月,高雄港,白蠟油,江蘇南通,2987
105年07月,高雄港,其他,廣東東莞,2
105年07月,高雄港,其他,廣東黃埔新港,370
105年07月,高雄港,其他,廣東南頭,1
105年07月,高雄港,其他,上海,30
105年07月,高雄港,其他,廣東深圳,1
105年08月,高雄港,化工原料,遼寧鱍魚圈,2950
105年08月,高雄港,化工原料,江蘇常熟,8480
105年08月,高雄港,化工原料,廣東東莞,6055
105年08月,高雄港,化工原料,福建江陰,978
105年08月,高雄港,化工原料,江蘇江陰,7966
105年08月,高雄港,化工原料,浙江寧波,10010
105年08月,高雄港,化工原料,福建泉州,1999
105年08月,高雄港,化工原料,江蘇鎮江,1251
105年08月,高雄港,化工原料,江蘇張家港,1000
105年08月,高雄港,化工原料,廣東珠海,3007
105年08月,高雄港,柴油,廣東東莞,10382
105年08月,高雄港,柴油,廣東南沙,9999
105年08月,高雄港,鋼材,廣東媽灣,79
105年08月,高雄港,鋼材,廣東南頭,2
105年08月,高雄港,鋼材,上海,134
105年08月,高雄港,鋼材,廣東沙田,64
105年08月,高雄港,鋼材,廣東中山,64
105年08月,高雄港,白蠟油,江蘇常熟,1988
105年08月,高雄港,其他,廣東觀瀾,1
105年08月,高雄港,其他,浙江寧波,66374
105年08月,高雄港,其他,廣東南頭,3
105年08月,高雄港,其他,上海,23
105年08月,高雄港,其他,天津新港,15
105年08月,高雄港,其他,江蘇鎮江,3010
105年09月,高雄港,化工原料,江蘇常熟,8433
105年09月,高雄港,化工原料,上海漕涇,2860
105年09月,高雄港,化工原料,廣東東莞,4757
105年09月,高雄港,化工原料,福建江陰,1034
105年09月,高雄港,化工原料,江蘇江陰,7861
105年09月,高雄港,化工原料,浙江寧波,10010
105年09月,高雄港,化工原料,廣東小湖島,972
105年09月,高雄港,化工原料,海南洋浦,5962
105年09月,高雄港,化工原料,江蘇鎮江,2251
105年09月,高雄港,化工原料,江蘇張家港,3527
105年09月,高雄港,化工原料,廣東珠海,2734
105年09月,高雄港,鋼材,廣東南頭,1
105年09月,高雄港,鋼材,上海,131
105年09月,高雄港,白蠟油,江蘇南通,2972
105年09月,高雄港,其他,浙江寧波,2603
105年09月,高雄港,其他,廣東南頭,1
105年09月,高雄港,其他,上海,5
105年10月,高雄港,化工原料,江蘇常熟,12854
105年10月,高雄港,化工原料,廣東東莞,4930
105年10月,高雄港,化工原料,江蘇江陰,3962
105年10月,高雄港,化工原料,海南洋浦,8102
105年10月,高雄港,化工原料,江蘇鎮江,1001
105年10月,高雄港,化工原料,江蘇張家港,4985
105年10月,高雄港,化工原料,廣東珠海,2850
105年10月,高雄港,鋼材,江西南昌,5
105年10月,高雄港,鋼材,上海,178
105年10月,高雄港,白蠟油,江蘇常熟,5982
105年10月,高雄港,白蠟油,江蘇南京,2840
105年10月,高雄港,其他,廣東南頭,2
105年10月,高雄港,其他,上海,5478
105年10月,高雄港,其他,江蘇儀徵,1284
105年11月,高雄港,化工原料,江蘇常熟,10599
105年11月,高雄港,化工原料,上海漕涇,3149
105年11月,高雄港,化工原料,廣東東莞,4440
105年11月,高雄港,化工原料,福建江陰,974
105年11月,高雄港,化工原料,江蘇江陰,3913
105年11月,高雄港,化工原料,廣東珠海前山,2852
105年11月,高雄港,化工原料,海南洋浦,5962
105年11月,高雄港,化工原料,江蘇鎮江,954
105年11月,高雄港,柴油,廣東南沙,12040
105年11月,高雄港,鋼材,江西南昌,4
105年11月,高雄港,鋼材,廣東媽灣,125
105年11月,高雄港,鋼材,廣東南頭,1
105年11月,高雄港,鋼材,上海,5
105年11月,高雄港,鋼材,廣東沙田,49
105年11月,高雄港,白蠟油,江蘇南京,3046
105年11月,高雄港,其他,廣東南頭,2
105年11月,高雄港,其他,上海,11
105年12月,高雄港,化工原料,江蘇常熟,11417
105年12月,高雄港,化工原料,上海漕涇,964
105年12月,高雄港,化工原料,廣東東莞,1906
105年12月,高雄港,化工原料,福建江陰,1002
105年12月,高雄港,化工原料,江蘇江陰,2910
105年12月,高雄港,化工原料,浙江寧波,953
105年12月,高雄港,化工原料,海南洋浦,3145
105年12月,高雄港,化工原料,江蘇鎮江,3501
105年12月,高雄港,化工原料,江蘇張家港,9948
105年12月,高雄港,鋼材,江西南昌,6
105年12月,高雄港,鋼材,江蘇南京,5138
105年12月,高雄港,鋼材,廣東南頭,1
105年12月,高雄港,鋼材,上海,89
105年12月,高雄港,白蠟油,江蘇常熟,3848
105年12月,高雄港,白蠟油,江蘇南京,3976
105年12月,高雄港,白蠟油,江蘇南通,2866
105年12月,高雄港,其他,江蘇連雲港,6000
105年12月,高雄港,其他,廣東南頭,4
105年12月,高雄港,其他,上海,6260
106年01月,高雄港,化工原料,江蘇常熟,13487
106年01月,高雄港,化工原料,廣東東莞,2926
106年01月,高雄港,化工原料,福建江陰,972
106年01月,高雄港,化工原料,江蘇江陰,6729
106年01月,高雄港,化工原料,浙江寧波,800
106年01月,高雄港,化工原料,廣東珠海前山,1905
106年01月,高雄港,化工原料,海南洋浦,5942
106年01月,高雄港,化工原料,江蘇鎮江,2251
106年01月,高雄港,柴油,廣東南沙,12215
106年01月,高雄港,鋼材,江西南昌,1
106年01月,高雄港,鋼材,上海,44
106年01月,高雄港,白蠟油,江蘇南通,5852
106年01月,高雄港,其他,浙江寧波,1935
106年01月,高雄港,其他,江蘇南京,4157
106年01月,高雄港,其他,廣東南頭,1
106年01月,高雄港,其他,上海,3
106年01月,高雄港,其他,廣東沙田,101
106年01月,高雄港,其他,江蘇儀徵,1356
106年02月,高雄港,化工原料,江蘇常熟,6986
106年02月,高雄港,化工原料,廣東東莞,1060
106年02月,高雄港,化工原料,福建江陰,2837
106年02月,高雄港,化工原料,江蘇江陰,4000
106年02月,高雄港,化工原料,海南洋浦,6004
106年02月,高雄港,化工原料,江蘇鎮江,2250
106年02月,高雄港,化工原料,江蘇張家港,1747
106年02月,高雄港,鋼材,江西南昌,4
106年02月,高雄港,鋼材,廣東南頭,1
106年02月,高雄港,鋼材,上海,274
106年02月,高雄港,白蠟油,江蘇常熟,2092
106年02月,高雄港,白蠟油,江蘇南京,1950
106年02月,高雄港,白蠟油,江蘇南通,2000
106年02月,高雄港,其他,廣東南頭,2
106年02月,高雄港,其他,上海,1
106年03月,高雄港,化工原料,江蘇常熟,9407
106年03月,高雄港,化工原料,上海漕涇,4603
106年03月,高雄港,化工原料,廣東東莞,995
106年03月,高雄港,化工原料,福建江陰,965
106年03月,高雄港,化工原料,江蘇江陰,1020
106年03月,高雄港,化工原料,浙江寧波,1011
106年03月,高雄港,化工原料,江蘇南通,1000
106年03月,高雄港,化工原料,廣東珠海前山,2885
106年03月,高雄港,化工原料,福建泉州,801
106年03月,高雄港,化工原料,海南洋浦,5098
106年03月,高雄港,化工原料,江蘇張家港,1014
106年03月,高雄港,鋼材,江西南昌,4
106年03月,高雄港,鋼材,廣東南頭,1
106年03月,高雄港,鋼材,上海,192
106年03月,高雄港,鋼材,廣東蛇口,41
106年03月,高雄港,鋼材,廣東沙田,50
106年03月,高雄港,白蠟油,江蘇南通,3579
106年03月,高雄港,白蠟油,廣東珠海,1694
106年03月,高雄港,其他,浙江寧波,2021
106年03月,高雄港,其他,江蘇南京,4544
106年03月,高雄港,其他,江蘇南通,18700
106年03月,高雄港,其他,上海,31
106年03月,高雄港,其他,江蘇儀徵,1351
106年04月,高雄港,化工原料,江蘇常熟,7045
106年04月,高雄港,化工原料,廣東東莞,1920
106年04月,高雄港,化工原料,福建江陰,1000
106年04月,高雄港,化工原料,江蘇江陰,4707
106年04月,高雄港,化工原料,江蘇南通,2025
106年04月,高雄港,化工原料,上海,1950
106年04月,高雄港,化工原料,江蘇張家港,15444
106年04月,高雄港,鋼材,江西南昌,5
106年04月,高雄港,鋼材,廣東南頭,1
106年04月,高雄港,鋼材,上海,252
106年04月,高雄港,白蠟油,江蘇常熟,2088
106年04月,高雄港,白蠟油,江蘇南通,4742
106年04月,高雄港,其他,浙江寧波,2065
106年04月,高雄港,其他,廣東南頭,2
106年04月,高雄港,其他,上海,6
106年04月,高雄港,其他,江蘇儀徵,1350
106年04月,高雄港,其他,江蘇鎮江,2051
106年05月,高雄港,化工原料,江蘇常熟,8837
106年05月,高雄港,化工原料,廣東東莞,4097
106年05月,高雄港,化工原料,福建江陰,2025
106年05月,高雄港,化工原料,江蘇江陰,1949
106年05月,高雄港,化工原料,浙江寧波,8001
106年05月,高雄港,化工原料,廣東珠海前山,1930
106年05月,高雄港,化工原料,福建泉州,801
106年05月,高雄港,化工原料,海南洋浦,9101
106年05月,高雄港,化工原料,江蘇張家港,15933
106年05月,高雄港,鋼材,江西南昌,2
106年05月,高雄港,鋼材,上海,7
106年05月,高雄港,鋼材,廣東沙田,32
106年05月,高雄港,白蠟油,江蘇南京,2071
106年05月,高雄港,其他,江蘇南通,3702
106年05月,高雄港,其他,廣東南頭,1
106年05月,高雄港,其他,上海,4
106年05月,高雄港,其他,江蘇鎮江,3020
106年06月,高雄港,化工原料,江蘇常熟,4003
106年06月,高雄港,化工原料,廣東東莞,5102
106年06月,高雄港,化工原料,福建江陰,2000
106年06月,高雄港,化工原料,江蘇江陰,1990
106年06月,高雄港,化工原料,廣東珠海前山,2863
106年06月,高雄港,化工原料,福建泉州,600
106年06月,高雄港,化工原料,海南洋浦,3147
106年06月,高雄港,化工原料,江蘇張家港,11898
106年06月,高雄港,鋼材,上海,517
106年06月,高雄港,白蠟油,江蘇南通,2412
106年06月,高雄港,其他,浙江寧波,1948
106年06月,高雄港,其他,江蘇南通,12600
106年06月,高雄港,其他,上海,79
106年07月,高雄港,化工原料,江蘇常熟,14577
106年07月,高雄港,化工原料,廣東東莞,1930
106年07月,高雄港,化工原料,福建江陰,999
106年07月,高雄港,化工原料,江蘇江陰,5936
106年07月,高雄港,化工原料,江蘇南通,2000
106年07月,高雄港,化工原料,廣東珠海前山,958
106年07月,高雄港,化工原料,江蘇太倉,2554
106年07月,高雄港,化工原料,海南洋浦,5942
106年07月,高雄港,化工原料,江蘇張家港,7060
106年07月,高雄港,鋼材,上海,5
106年07月,高雄港,白蠟油,江蘇南京,5014
106年07月,高雄港,白蠟油,江蘇南通,2492
106年07月,高雄港,其他,福建福清,25
106年07月,高雄港,其他,江蘇南通,3549
106年07月,高雄港,其他,廣東南頭,2
106年07月,高雄港,其他,上海,158
106年08月,高雄港,化工原料,江蘇常熟,6899
106年08月,高雄港,化工原料,上海漕涇,3110
106年08月,高雄港,化工原料,廣東東莞,4976
106年08月,高雄港,化工原料,福建江陰,2903
106年08月,高雄港,化工原料,江蘇江陰,7920
106年08月,高雄港,化工原料,浙江寧波,5005
106年08月,高雄港,化工原料,江蘇南通,2000
106年08月,高雄港,化工原料,福建泉州,898
106年08月,高雄港,化工原料,海南洋浦,3146
106年08月,高雄港,化工原料,江蘇鎮江,998
106年08月,高雄港,鋼材,江西南昌,1
106年08月,高雄港,鋼材,廣東南頭,1
106年08月,高雄港,鋼材,上海,211
106年08月,高雄港,鋼材,廣東蛇口,18
106年08月,高雄港,白蠟油,江蘇常熟,3865
106年08月,高雄港,白蠟油,江蘇南京,962
106年08月,高雄港,其他,浙江寧波,2051
106年08月,高雄港,其他,江蘇南通,12500
106年08月,高雄港,其他,上海,7
106年09月,高雄港,化工原料,江蘇常熟,9992
106年09月,高雄港,化工原料,上海漕涇,3147
106年09月,高雄港,化工原料,廣東東莞,3920
106年09月,高雄港,化工原料,江蘇江陰,1995
106年09月,高雄港,化工原料,浙江寧波,10968
106年09月,高雄港,化工原料,江蘇南通,2000
106年09月,高雄港,化工原料,江蘇鎮江,1450
106年09月,高雄港,化工原料,江蘇張家港,5987
106年09月,高雄港,鋼材,江西南昌,4
106年09月,高雄港,鋼材,廣東南頭,1
106年09月,高雄港,鋼材,上海,307
106年09月,高雄港,白蠟油,江蘇常熟,3992
106年09月,高雄港,白蠟油,江蘇南京,2086
106年09月,高雄港,白蠟油,江蘇南通,3051
106年09月,高雄港,其他,浙江寧波,1
106年09月,高雄港,其他,上海,8
106年10月,高雄港,化工原料,江蘇常熟,10888
106年10月,高雄港,化工原料,廣東東莞,2000
106年10月,高雄港,化工原料,江蘇江陰,7342
106年10月,高雄港,化工原料,浙江寧波,5005
106年10月,高雄港,化工原料,福建泉州,895
106年10月,高雄港,化工原料,江蘇太倉,2544
106年10月,高雄港,化工原料,江蘇張家港,13188
106年10月,高雄港,鋼材,江西南昌,12
106年10月,高雄港,鋼材,上海,468
106年10月,高雄港,白蠟油,江蘇南京,1999
106年10月,高雄港,其他,上海,6
106年10月,高雄港,其他,江蘇儀徵,1392
106年11月,高雄港,化工原料,江蘇常熟,12380
106年11月,高雄港,化工原料,上海漕涇,3100
106年11月,高雄港,化工原料,廣東東莞,6899
106年11月,高雄港,化工原料,福建福州,1558
106年11月,高雄港,化工原料,福建江陰,2530
106年11月,高雄港,化工原料,江蘇江陰,3989
106年11月,高雄港,化工原料,江蘇張家港,3965
106年11月,高雄港,鋼材,江西南昌,6
106年11月,高雄港,鋼材,上海,278
106年11月,高雄港,鋼材,廣東沙田,41
106年11月,高雄港,白蠟油,江蘇常熟,4069
106年11月,高雄港,白蠟油,江蘇南通,4503
106年11月,高雄港,其他,上海,8
106年11月,高雄港,其他,廣東深圳,1
106年12月,高雄港,化工原料,江蘇常熟,10553
106年12月,高雄港,化工原料,廣東東莞,3136
106年12月,高雄港,化工原料,福建福州,2005
106年12月,高雄港,化工原料,福建江陰,3514
106年12月,高雄港,化工原料,江蘇江陰,996
106年12月,高雄港,化工原料,江蘇南通,2623
106年12月,高雄港,化工原料,江蘇鎮江,1038
106年12月,高雄港,化工原料,江蘇張家港,1962
106年12月,高雄港,鋼材,江西南昌,10
106年12月,高雄港,鋼材,上海,358
106年12月,高雄港,白蠟油,江蘇常熟,4183
106年12月,高雄港,白蠟油,江蘇南通,6646
106年12月,高雄港,其他,廣東南頭,2
106年12月,高雄港,其他,上海,88
107年01月,高雄港,化工原料,江蘇常熟,15563
107年01月,高雄港,化工原料,廣東東莞,5663
107年01月,高雄港,化工原料,福建福州,1883
107年01月,高雄港,化工原料,福建江陰,1000
107年01月,高雄港,化工原料,江蘇江陰,4865
107年01月,高雄港,化工原料,江蘇南通,952
107年01月,高雄港,化工原料,江蘇鎮江,1923
107年01月,高雄港,化工原料,江蘇張家港,9062
107年01月,高雄港,鋼材,江西南昌,6
107年01月,高雄港,鋼材,上海,215
107年01月,高雄港,鋼材,廣東沙田,51
107年01月,高雄港,其他,上海,1
107年02月,高雄港,化工原料,江蘇常熟,14688
107年02月,高雄港,化工原料,廣東東莞,7839
107年02月,高雄港,化工原料,江蘇江陰,1981
107年02月,高雄港,化工原料,浙江寧波,2600
107年02月,高雄港,化工原料,江蘇南通,2378
107年02月,高雄港,化工原料,福建泉州,950
107年02月,高雄港,化工原料,上海,3005
107年02月,高雄港,化工原料,江蘇張家港,2003
107年02月,高雄港,鋼材,廣東黃埔,1
107年02月,高雄港,鋼材,上海,2
107年02月,高雄港,白蠟油,江蘇常熟,4184
107年02月,高雄港,白蠟油,江蘇南通,4645
107年02月,高雄港,其他,廣東黃埔,1
107年02月,高雄港,其他,上海,2
107年02月,高雄港,其他,江蘇儀徵,1382
107年03月,高雄港,化工原料,江蘇常熟,13074
107年03月,高雄港,化工原料,上海漕涇,3091
107年03月,高雄港,化工原料,福建江陰,6276
107年03月,高雄港,化工原料,江蘇江陰,1553
107年03月,高雄港,化工原料,江蘇南通,5015
107年03月,高雄港,化工原料,海南洋浦,4783
107年03月,高雄港,化工原料,江蘇鎮江,997
107年03月,高雄港,化工原料,江蘇張家港,9932
107年03月,高雄港,鋼材,江西南昌,1
107年03月,高雄港,鋼材,上海,163
107年03月,高雄港,白蠟油,江蘇南京,3016
107年03月,高雄港,其他,廣東南頭,1
107年03月,高雄港,其他,上海,42
107年03月,高雄港,其他,廣東蛇口,99
107年04月,高雄港,化工原料,江蘇常熟,11894
107年04月,高雄港,化工原料,廣東東莞,3432
107年04月,高雄港,化工原料,福建江陰,960
107年04月,高雄港,化工原料,江蘇江陰,520
107年04月,高雄港,化工原料,江蘇鎮江,1898
107年04月,高雄港,化工原料,江蘇張家港,4951
107年04月,高雄港,鋼材,廣東黃埔,1
107年04月,高雄港,鋼材,江西南昌,1
107年04月,高雄港,鋼材,上海,5
107年04月,高雄港,鋼材,廣東沙田,39
107年04月,高雄港,白蠟油,江蘇常熟,4183
107年04月,高雄港,白蠟油,江蘇南京,996
107年04月,高雄港,其他,福建馬尾,1
107年04月,高雄港,其他,廣東南頭,1
107年04月,高雄港,其他,上海,4
107年04月,高雄港,其他,廣東蛇口,196
107年04月,高雄港,其他,江蘇儀徵,1367
107年05月,高雄港,化工原料,江蘇常熟,9931
107年05月,高雄港,化工原料,上海漕涇,2088
107年05月,高雄港,化工原料,廣東東莞,6641
107年05月,高雄港,化工原料,福建江陰,3954
107年05月,高雄港,化工原料,江蘇江陰,1998
107年05月,高雄港,化工原料,浙江寧波,5005
107年05月,高雄港,化工原料,江蘇南通,2410
107年05月,高雄港,化工原料,福建泉州,1960
107年05月,高雄港,化工原料,海南洋浦,5009
107年05月,高雄港,化工原料,江蘇張家港,3926
107年05月,高雄港,鋼材,江西南昌,7
107年05月,高雄港,鋼材,上海,158
107年05月,高雄港,白蠟油,江蘇南京,2997
107年05月,高雄港,白蠟油,江蘇南通,1003
107年05月,高雄港,其他,廣東南頭,1
107年05月,高雄港,其他,上海,8
107年05月,高雄港,其他,廣東肇慶,1
107年06月,高雄港,化工原料,江蘇常熟,12474
107年06月,高雄港,化工原料,廣東東莞,8480
107年06月,高雄港,化工原料,福建江陰,8715
107年06月,高雄港,化工原料,江蘇江陰,3866
107年06月,高雄港,化工原料,浙江寧波,10010
107年06月,高雄港,化工原料,江蘇南通,4789
107年06月,高雄港,化工原料,江蘇太倉,1959
107年06月,高雄港,化工原料,海南洋浦,5008
107年06月,高雄港,化工原料,江蘇鎮江,1000
107年06月,高雄港,化工原料,江蘇張家港,18822
107年06月,高雄港,鋼材,江西南昌,4
107年06月,高雄港,鋼材,廣東南頭,1
107年06月,高雄港,鋼材,上海,164
107年06月,高雄港,白蠟油,江蘇常熟,2931
107年06月,高雄港,白蠟油,江蘇南京,2971
107年06月,高雄港,白蠟油,江蘇太倉,3822
107年06月,高雄港,其他,上海,10
107年06月,高雄港,其他,江蘇泰州,3006
107年07月,高雄港,化工原料,江蘇常熟,1995
107年07月,高雄港,化工原料,福建江陰,5980
107年07月,高雄港,化工原料,江蘇江陰,5518
107年07月,高雄港,化工原料,浙江寧波,5005
107年07月,高雄港,化工原料,江蘇南通,3815
107年07月,高雄港,化工原料,海南洋浦,5002
107年07月,高雄港,化工原料,浙江乍浦,3005
107年07月,高雄港,化工原料,江蘇鎮江,1045
107年07月,高雄港,化工原料,江蘇張家港,10106
107年07月,高雄港,化工原料,廣東珠海,1904
107年07月,高雄港,鋼材,廣東黃埔,1
107年07月,高雄港,鋼材,江西南昌,2
107年07月,高雄港,鋼材,廣東南頭,1
107年07月,高雄港,鋼材,上海,268
107年07月,高雄港,白蠟油,江蘇常熟,3057
107年07月,高雄港,白蠟油,山東嵐山,995
107年07月,高雄港,白蠟油,江蘇南京,1992
107年07月,高雄港,其他,廣東黃埔,1
107年07月,高雄港,其他,上海,6
107年08月,高雄港,化工原料,江蘇常熟,6554
107年08月,高雄港,化工原料,廣東東莞,4863
107年08月,高雄港,化工原料,福建江陰,509
107年08月,高雄港,化工原料,江蘇江陰,7375
107年08月,高雄港,化工原料,江蘇南通,4345
107年08月,高雄港,化工原料,海南洋浦,4999
107年08月,高雄港,化工原料,浙江乍浦,3002
107年08月,高雄港,化工原料,江蘇張家港,4403
107年08月,高雄港,鋼材,廣東南頭,1
107年08月,高雄港,鋼材,上海,10
107年08月,高雄港,鋼材,廣東沙田,52
107年08月,高雄港,白蠟油,江蘇常熟,1987
107年08月,高雄港,白蠟油,江蘇南京,5984
107年08月,高雄港,其他,廣東南頭,1
107年08月,高雄港,其他,上海,13
107年08月,高雄港,其他,江蘇泰州,994
107年08月,高雄港,其他,江蘇儀徵,1001
107年09月,高雄港,化工原料,江蘇常熟,6434
107年09月,高雄港,化工原料,廣東東莞,3410
107年09月,高雄港,化工原料,福建江陰,7009
107年09月,高雄港,化工原料,江蘇江陰,20013
107年09月,高雄港,化工原料,浙江寧波,2600
107年09月,高雄港,化工原料,江蘇南通,3410
107年09月,高雄港,化工原料,江蘇太倉,1991
107年09月,高雄港,化工原料,海南洋浦,4997
107年09月,高雄港,化工原料,浙江乍浦,3012
107年09月,高雄港,化工原料,江蘇鎮江,1504
107年09月,高雄港,化工原料,江蘇張家港,3888
107年09月,高雄港,鋼材,江西南昌,3
107年09月,高雄港,鋼材,上海,208
107年09月,高雄港,白蠟油,江蘇南京,1805
107年09月,高雄港,白蠟油,江蘇南通,2009
107年09月,高雄港,其他,上海,10
107年09月,高雄港,其他,廣東蛇口,141
107年10月,高雄港,化工原料,江蘇常熟,4537
107年10月,高雄港,化工原料,廣東東莞,1000
107年10月,高雄港,化工原料,福建江陰,6720
107年10月,高雄港,化工原料,江蘇江陰,4997
107年10月,高雄港,化工原料,浙江寧波,2600
107年10月,高雄港,化工原料,江蘇南通,2405
107年10月,高雄港,化工原料,江蘇太倉,996
107年10月,高雄港,化工原料,廣東小湖島,1949
107年10月,高雄港,化工原料,海南洋浦,4775
107年10月,高雄港,化工原料,浙江乍浦,2997
107年10月,高雄港,化工原料,江蘇鎮江,988
107年10月,高雄港,化工原料,江蘇張家港,5089
107年10月,高雄港,化工原料,廣東珠海,1920
107年10月,高雄港,鋼材,江西南昌,4
107年10月,高雄港,鋼材,上海,303
107年10月,高雄港,白蠟油,江蘇常熟,3052
107年10月,高雄港,白蠟油,江蘇南京,3796
107年10月,高雄港,白蠟油,江蘇南通,1958
107年10月,高雄港,其他,上海,44
107年10月,高雄港,其他,廣東蛇口,197
107年11月,高雄港,化工原料,江蘇常熟,3091
107年11月,高雄港,化工原料,福建江陰,5948
107年11月,高雄港,化工原料,江蘇江陰,15717
107年11月,高雄港,化工原料,江蘇南通,2906
107年11月,高雄港,化工原料,海南洋浦,9725
107年11月,高雄港,化工原料,江蘇張家港,5010
107年11月,高雄港,鋼材,廣東黃埔,2
107年11月,高雄港,鋼材,廣東南頭,1
107年11月,高雄港,鋼材,上海,205
107年11月,高雄港,鋼材,廣東沙田,39
107年11月,高雄港,白蠟油,江蘇常熟,2039
107年11月,高雄港,白蠟油,江蘇南京,1810
107年11月,高雄港,白蠟油,江蘇南通,2022
107年11月,高雄港,其他,廣東南頭,1
107年11月,高雄港,其他,上海,10
107年12月,高雄港,化工原料,江蘇常熟,11662
107年12月,高雄港,化工原料,廣東東莞,8030
107年12月,高雄港,化工原料,福建江陰,6010
107年12月,高雄港,化工原料,江蘇江陰,9485
107年12月,高雄港,化工原料,浙江寧波,2600
107年12月,高雄港,化工原料,江蘇南通,4000
107年12月,高雄港,化工原料,海南洋浦,7990
107年12月,高雄港,化工原料,浙江乍浦,3034
107年12月,高雄港,化工原料,江蘇鎮江,3001
107年12月,高雄港,化工原料,江蘇張家港,15925
107年12月,高雄港,白蠟油,江蘇常熟,2084
107年12月,高雄港,白蠟油,江蘇南通,4756
107年12月,高雄港,其他,上海,5
108年01月,高雄港,化工原料,江蘇常熟,8511
108年01月,高雄港,化工原料,廣東東莞,2003
108年01月,高雄港,化工原料,福建江陰,4961
108年01月,高雄港,化工原料,江蘇江陰,11381
108年01月,高雄港,化工原料,山東萊州,2910
108年01月,高雄港,化工原料,浙江寧波,8133
108年01月,高雄港,化工原料,江蘇南通,2906
108年01月,高雄港,化工原料,海南洋浦,5014
108年01月,高雄港,化工原料,江蘇鎮江,3005
108年01月,高雄港,化工原料,江蘇張家港,17989
108年01月,高雄港,鋼材,上海,304
108年01月,高雄港,白蠟油,江蘇南通,1990
108年01月,高雄港,其他,廣東南頭,1
108年01月,高雄港,其他,上海,5
108年01月,高雄港,其他,江蘇儀徵,1352
108年02月,高雄港,化工原料,江蘇常熟,1977
108年02月,高雄港,化工原料,廣東東莞,1000
108年02月,高雄港,化工原料,福建江陰,6807
108年02月,高雄港,化工原料,江蘇江陰,2993
108年02月,高雄港,化工原料,海南洋浦,10194
108年02月,高雄港,化工原料,江蘇鎮江,2000
108年02月,高雄港,化工原料,江蘇張家港,17900
108年02月,高雄港,鋼材,江西南昌,2
108年02月,高雄港,鋼材,上海,3
108年02月,高雄港,鋼材,廣東沙田,57
108年02月,高雄港,白蠟油,江蘇常熟,8102
108年02月,高雄港,其他,廣東虎門,195
108年02月,高雄港,其他,上海,5
108年03月,高雄港,化工原料,江蘇常熟,11868
108年03月,高雄港,化工原料,上海漕涇,3005
108年03月,高雄港,化工原料,廣東東莞,3994
108年03月,高雄港,化工原料,福建江陰,1976
108年03月,高雄港,化工原料,江蘇江陰,11317
108年03月,高雄港,化工原料,浙江寧波,2600
108年03月,高雄港,化工原料,江蘇南通,950
108年03月,高雄港,化工原料,海南洋浦,5247
108年03月,高雄港,化工原料,江蘇鎮江,2004
108年03月,高雄港,化工原料,江蘇張家港,15757
108年03月,高雄港,鋼材,上海,338
108年03月,高雄港,白蠟油,江蘇南通,6901
108年03月,高雄港,其他,上海,4
108年04月,高雄港,化工原料,江蘇常熟,9497
108年04月,高雄港,化工原料,上海漕涇,5132
108年04月,高雄港,化工原料,廣東東莞,1002
108年04月,高雄港,化工原料,江蘇江陰,10051
108年04月,高雄港,化工原料,浙江寧波,2600
108年04月,高雄港,化工原料,天津,2009
108年04月,高雄港,化工原料,海南洋浦,5249
108年04月,高雄港,化工原料,江蘇鎮江,1000
108年04月,高雄港,化工原料,江蘇張家港,5476
108年04月,高雄港,鋼材,廣東南頭,1
108年04月,高雄港,白蠟油,江蘇常熟,2030
108年04月,高雄港,白蠟油,江蘇南通,3809
108年04月,高雄港,其他,上海,6
108年05月,高雄港,化工原料,江蘇常熟,3991
108年05月,高雄港,化工原料,福建江陰,318
108年05月,高雄港,化工原料,江蘇江陰,13217
108年05月,高雄港,化工原料,浙江寧波,2600
108年05月,高雄港,化工原料,江蘇鎮江,2500
108年05月,高雄港,化工原料,江蘇張家港,11498
108年05月,高雄港,鋼材,廣東南頭,1
108年05月,高雄港,鋼材,上海,261
108年05月,高雄港,鋼材,廣東沙田,56
108年05月,高雄港,白蠟油,江蘇南通,4098
108年05月,高雄港,其他,廣東惠州,1961
108年05月,高雄港,其他,上海,11
108年05月,高雄港,其他,江蘇太倉,193
108年06月,高雄港,化工原料,江蘇常熟,3945
108年06月,高雄港,化工原料,廣東東莞,1000
108年06月,高雄港,化工原料,福建江陰,2000
108年06月,高雄港,化工原料,江蘇江陰,11726
108年06月,高雄港,化工原料,江蘇張家港,994
108年06月,高雄港,鋼材,江西南昌,2
108年06月,高雄港,白蠟油,江蘇南通,4510
108年06月,高雄港,其他,上海,14
108年07月,高雄港,化工原料,山東澄海萊蕪,1920
108年07月,高雄港,化工原料,江蘇常熟,3969
108年07月,高雄港,化工原料,廣東東莞,1926
108年07月,高雄港,化工原料,福建江陰,4877
108年07月,高雄港,化工原料,江蘇江陰,10868
108年07月,高雄港,化工原料,江蘇南通,5832
108年07月,高雄港,化工原料,江蘇鎮江,6946
108年07月,高雄港,化工原料,江蘇張家港,2537
108年07月,高雄港,鋼材,上海,205
108年07月,高雄港,鋼材,廣東沙田,55
108年07月,高雄港,白蠟油,江蘇南通,5899
108年07月,高雄港,其他,廣東虎門,187
108年07月,高雄港,其他,廣東南沙,1963
108年07月,高雄港,其他,上海,3
108年08月,高雄港,化工原料,江蘇常熟,1974
108年08月,高雄港,化工原料,上海漕涇,2901
108年08月,高雄港,化工原料,福建江陰,3928
108年08月,高雄港,化工原料,江蘇江陰,5854
108年08月,高雄港,化工原料,江蘇鎮江,2000
108年08月,高雄港,化工原料,江蘇張家港,1998
108年08月,高雄港,鋼材,江西南昌,4
108年08月,高雄港,白蠟油,江蘇常熟,3054
108年08月,高雄港,白蠟油,江蘇南通,5082
108年08月,高雄港,其他,廣東南頭,1
108年08月,高雄港,其他,上海,5
108年09月,高雄港,化工原料,山東澄海萊蕪,1978
108年09月,高雄港,化工原料,江蘇常熟,7028
108年09月,高雄港,化工原料,廣東東莞,2980
108年09月,高雄港,化工原料,福建江陰,2873
108年09月,高雄港,化工原料,江蘇江陰,6471
108年09月,高雄港,化工原料,浙江寧波,5005
108年09月,高雄港,化工原料,廣東清溪,4997
108年09月,高雄港,化工原料,江蘇鎮江,2000
108年09月,高雄港,化工原料,江蘇張家港,9945
108年09月,高雄港,鋼材,上海,156
108年09月,高雄港,白蠟油,江蘇太倉,2177
108年09月,高雄港,其他,廣東東莞,2002
108年09月,高雄港,其他,上海,8
108年09月,高雄港,其他,浙江乍浦,1997
108年10月,高雄港,化工原料,山東澄海萊蕪,1910
108年10月,高雄港,化工原料,江蘇常熟,2974
108年10月,高雄港,化工原料,上海漕涇,1995
108年10月,高雄港,化工原料,福建江陰,513
108年10月,高雄港,化工原料,江蘇江陰,10835
108年10月,高雄港,化工原料,浙江寧波,7605
108年10月,高雄港,化工原料,江蘇南通,1000
108年10月,高雄港,化工原料,海南洋浦,14325
108年10月,高雄港,化工原料,江蘇鎮江,2000
108年10月,高雄港,化工原料,江蘇張家港,12147
108年10月,高雄港,化工原料,廣東珠海,2039
108年10月,高雄港,鋼材,廣東南頭,1
108年10月,高雄港,鋼材,上海,114
108年10月,高雄港,鋼材,廣東沙田,52
108年10月,高雄港,鋼材,江蘇太倉,2
108年10月,高雄港,白蠟油,江蘇南通,2472
108年10月,高雄港,其他,上海,57
108年10月,高雄港,其他,廣東珠海,1
108年11月,高雄港,化工原料,江蘇常熟,2000
108年11月,高雄港,化工原料,江蘇江陰,7438
108年11月,高雄港,化工原料,江蘇南通,2992
108年11月,高雄港,化工原料,海南洋浦,5235
108年11月,高雄港,化工原料,江蘇鎮江,991
108年11月,高雄港,化工原料,江蘇張家港,7499
108年11月,高雄港,鋼材,江西南昌,2
108年11月,高雄港,鋼材,廣東南頭,1
108年11月,高雄港,鋼材,上海,122
108年11月,高雄港,白蠟油,江蘇南通,2085
108年11月,高雄港,其他,廣東南頭,2
108年11月,高雄港,其他,上海,40
108年12月,高雄港,化工原料,江蘇常熟,10826
108年12月,高雄港,化工原料,上海漕涇,995
108年12月,高雄港,化工原料,福建江陰,4471
108年12月,高雄港,化工原料,江蘇江陰,7876
108年12月,高雄港,化工原料,江蘇南通,2000
108年12月,高雄港,化工原料,海南洋浦,9998
108年12月,高雄港,化工原料,江蘇鎮江,3995
108年12月,高雄港,化工原料,江蘇張家港,2319
108年12月,高雄港,鋼材,江西南昌,1
108年12月,高雄港,鋼材,上海,1
108年12月,高雄港,白蠟油,江蘇南通,5562
108年12月,高雄港,其他,廣東黃埔,1
108年12月,高雄港,其他,廣東南頭,1
108年12月,高雄港,其他,上海,160
108年12月,高雄港,其他,廣東蛇口,97
108年12月,高雄港,其他,福建廈門,1
109年01月,高雄港,化工原料,江蘇常熟,6827
109年01月,高雄港,化工原料,福建江陰,995
109年01月,高雄港,化工原料,江蘇江陰,2996
109年01月,高雄港,化工原料,浙江寧波,3830
109年01月,高雄港,化工原料,江蘇南通,1000
109年01月,高雄港,化工原料,海南洋浦,5250
109年01月,高雄港,化工原料,江蘇鎮江,5044
109年01月,高雄港,化工原料,江蘇張家港,970
109年01月,高雄港,白蠟油,江蘇南通,5688
109年01月,高雄港,其他,上海,3
109年01月,高雄港,其他,江蘇太倉,184
109年02月,高雄港,化工原料,江蘇常熟,3838
109年02月,高雄港,化工原料,廣東東莞,1000
109年02月,高雄港,化工原料,福建江陰,3859
109年02月,高雄港,化工原料,江蘇江陰,5353
109年02月,高雄港,化工原料,江蘇南通,1000
109年02月,高雄港,化工原料,江蘇鎮江,2468
109年02月,高雄港,化工原料,江蘇張家港,7671
109年02月,高雄港,鋼材,江西南昌,1
109年02月,高雄港,白蠟油,江蘇常熟,3119
109年02月,高雄港,白蠟油,江蘇南通,3402
109年02月,高雄港,其他,廣東珠海前山,2866
109年02月,高雄港,其他,上海,3
109年03月,高雄港,化工原料,江蘇常熟,5964
109年03月,高雄港,化工原料,福建江陰,7742
109年03月,高雄港,化工原料,江蘇江陰,996
109年03月,高雄港,化工原料,江蘇張家港,4757
109年03月,高雄港,鋼材,江西南昌,2
109年03月,高雄港,鋼材,廣東南頭,2
109年03月,高雄港,鋼材,廣東沙田,40
109年03月,高雄港,白蠟油,江蘇南通,8158
109年03月,高雄港,其他,上海,6
109年04月,高雄港,化工原料,江蘇常熟,2477
109年04月,高雄港,化工原料,福建江陰,3898
109年04月,高雄港,化工原料,江蘇江陰,2875
109年04月,高雄港,化工原料,江蘇南通,1500
109年04月,高雄港,化工原料,海南洋浦,4954
109年04月,高雄港,化工原料,江蘇鎮江,3000
109年04月,高雄港,鋼材,江西南昌,4
109年04月,高雄港,鋼材,廣東南頭,1
109年04月,高雄港,鋼材,上海,1
109年04月,高雄港,鋼材,廣東沙田,55
109年04月,高雄港,白蠟油,江蘇南通,1806
109年04月,高雄港,其他,廣東南頭,3
109年04月,高雄港,其他,上海,4
109年05月,高雄港,化工原料,江蘇常熟,2452
109年05月,高雄港,化工原料,江蘇常州,1911
109年05月,高雄港,化工原料,廣東東莞,1001
109年05月,高雄港,化工原料,福建江陰,5396
109年05月,高雄港,化工原料,江蘇江陰,5217
109年05月,高雄港,化工原料,江蘇連雲港,8999
109年05月,高雄港,化工原料,浙江寧波,7900
109年05月,高雄港,化工原料,江蘇南通,1050
109年05月,高雄港,化工原料,江蘇鎮江,1030
109年05月,高雄港,化工原料,江蘇張家港,14143
109年05月,高雄港,鋼材,廣東南頭,1
109年05月,高雄港,鋼材,上海,2
109年05月,高雄港,白蠟油,江蘇南通,4551
109年05月,高雄港,其他,上海,37
109年05月,高雄港,其他,廣東蛇口,309
109年06月,高雄港,化工原料,江蘇常熟,1006
109年06月,高雄港,化工原料,江蘇常州,2867
109年06月,高雄港,化工原料,福建江陰,4137
109年06月,高雄港,化工原料,江蘇江陰,3906
109年06月,高雄港,化工原料,浙江寧波,7900
109年06月,高雄港,化工原料,江蘇南通,4094
109年06月,高雄港,化工原料,江蘇鎮江,1992
109年06月,高雄港,化工原料,江蘇張家港,13944
109年06月,高雄港,鋼材,江西南昌,1
109年06月,高雄港,鋼材,上海,2
109年06月,高雄港,白蠟油,江蘇南通,4403
109年06月,高雄港,其他,上海,16
109年06月,高雄港,其他,江蘇吳江,6
109年07月,高雄港,化工原料,江蘇常熟,7475
109年07月,高雄港,化工原料,上海漕涇,1992
109年07月,高雄港,化工原料,福建江陰,12666
109年07月,高雄港,化工原料,江蘇江陰,7382
109年07月,高雄港,化工原料,浙江寧波,3950
109年07月,高雄港,化工原料,江蘇南通,2000
109年07月,高雄港,化工原料,江蘇鎮江,2950
109年07月,高雄港,化工原料,江蘇張家港,10397
109年07月,高雄港,鋼材,江西南昌,2
109年07月,高雄港,白蠟油,江蘇南通,5930
109年07月,高雄港,其他,廣東窖心,1
109年07月,高雄港,其他,上海,3
109年08月,高雄港,化工原料,江蘇常熟,9818
109年08月,高雄港,化工原料,上海漕涇,999
109年08月,高雄港,化工原料,江蘇常州,1911
109年08月,高雄港,化工原料,福建江陰,7001
109年08月,高雄港,化工原料,江蘇江陰,6513
109年08月,高雄港,化工原料,山東萊州,5018
109年08月,高雄港,化工原料,江蘇連雲港,4500
109年08月,高雄港,化工原料,浙江寧波,7900
109年08月,高雄港,化工原料,天津新港,1990
109年08月,高雄港,化工原料,江蘇鎮江,3005
109年08月,高雄港,化工原料,江蘇張家港,6010
109年08月,高雄港,鋼材,江西南昌,5
109年08月,高雄港,鋼材,廣東南頭,1
109年08月,高雄港,鋼材,上海,2
109年08月,高雄港,鋼材,廣東沙田,58
109年08月,高雄港,白蠟油,江蘇南通,4145
109年08月,高雄港,白蠟油,江蘇太倉,2006
109年08月,高雄港,其他,浙江寧波,3
109年08月,高雄港,其他,上海,3
109年08月,高雄港,其他,江蘇儀徵,5645
109年09月,高雄港,化工原料,江蘇常熟,4371
109年09月,高雄港,化工原料,廣東東莞,989
109年09月,高雄港,化工原料,福建江陰,7514
109年09月,高雄港,化工原料,江蘇江陰,6259
109年09月,高雄港,化工原料,浙江寧波,7900
109年09月,高雄港,化工原料,天津新港,2083
109年09月,高雄港,化工原料,江蘇鎮江,3980
109年09月,高雄港,化工原料,江蘇張家港,9731
109年09月,高雄港,鋼材,上海,5
109年09月,高雄港,白蠟油,江蘇南通,5687
109年09月,高雄港,其他,廣東茂名,1914
109年09月,高雄港,其他,上海,3
109年10月,高雄港,化工原料,江蘇常熟,6403
109年10月,高雄港,化工原料,廣東東莞,990
109年10月,高雄港,化工原料,福建江陰,3465
109年10月,高雄港,化工原料,江蘇江陰,1916
109年10月,高雄港,化工原料,浙江寧波,10010
109年10月,高雄港,化工原料,江蘇南通,2050
109年10月,高雄港,化工原料,江蘇張家港,15708
109年10月,高雄港,鋼材,江西南昌,6
109年10月,高雄港,鋼材,廣東南頭,1
109年10月,高雄港,鋼材,廣東沙田,62
109年10月,高雄港,白蠟油,江蘇南通,4181
109年10月,高雄港,白蠟油,江蘇太倉,2052
109年10月,高雄港,其他,廣東東莞,2963
109年10月,高雄港,其他,廣東南頭,1
109年10月,高雄港,其他,上海,11
109年10月,高雄港,其他,江蘇儀徵,1919
109年11月,高雄港,化工原料,江蘇常熟,960
109年11月,高雄港,化工原料,江蘇常州,1910
109年11月,高雄港,化工原料,福建江陰,6322
109年11月,高雄港,化工原料,江蘇江陰,6338
109年11月,高雄港,化工原料,浙江寧波,8955
109年11月,高雄港,化工原料,江蘇南通,1910
109年11月,高雄港,化工原料,海南洋浦,5104
109年11月,高雄港,化工原料,江蘇鎮江,2000
109年11月,高雄港,化工原料,江蘇張家港,14454
109年11月,高雄港,鋼材,上海,1
109年11月,高雄港,白蠟油,江蘇南通,4223
109年11月,高雄港,其他,廣東茂名,1908
109年11月,高雄港,其他,上海,5
109年11月,高雄港,其他,江蘇儀徵,1940
109年12月,高雄港,化工原料,江蘇常熟,952
109年12月,高雄港,化工原料,江蘇江陰,1913
109年12月,高雄港,化工原料,浙江寧波,8395
109年12月,高雄港,化工原料,江蘇南通,1910
109年12月,高雄港,化工原料,海南洋浦,5100
109年12月,高雄港,化工原料,江蘇張家港,1948
109年12月,高雄港,鋼材,江西南昌,5
109年12月,高雄港,鋼材,上海,2
109年12月,高雄港,電力機械及零件,上海,1
109年12月,高雄港,白蠟油,江蘇南通,3490
109年12月,高雄港,其他,上海,17
109年12月,高雄港,其他,江蘇儀徵,1933
110年01月,高雄港,化工原料,江蘇常熟,6080
110年01月,高雄港,化工原料,福建江陰,1597
110年01月,高雄港,化工原料,江蘇江陰,5856
110年01月,高雄港,化工原料,江蘇連雲港,4804
110年01月,高雄港,化工原料,浙江寧波,11850
110年01月,高雄港,化工原料,江蘇鎮江,1281
110年01月,高雄港,化工原料,江蘇張家港,16994
110年01月,高雄港,鋼材,江西南昌,3
110年01月,高雄港,鋼材,上海,2
110年01月,高雄港,白蠟油,江蘇南通,3933
110年01月,高雄港,白蠟油,江蘇太倉,2008
110年01月,高雄港,其他,廣東惠州,1927
110年01月,高雄港,其他,上海,14
110年02月,高雄港,化工原料,廣東東莞,1976
110年02月,高雄港,化工原料,福建江陰,2551
110年02月,高雄港,化工原料,江蘇江陰,1925
110年02月,高雄港,化工原料,浙江寧波,5005
110年02月,高雄港,化工原料,江蘇南通,950
110年02月,高雄港,化工原料,海南洋浦,3018
110年02月,高雄港,化工原料,江蘇張家港,1966
110年02月,高雄港,化工原料,廣東珠海,953
110年02月,高雄港,鋼材,江西南昌,4
110年02月,高雄港,白蠟油,山東澄海萊蕪,2322
110年02月,高雄港,其他,廣東珠海前山,2974
110年02月,高雄港,其他,上海,7
110年03月,高雄港,化工原料,江蘇常熟,1955
110年03月,高雄港,化工原料,福建江陰,3689
110年03月,高雄港,化工原料,江蘇江陰,4383
110年03月,高雄港,化工原料,浙江寧波,3950
110年03月,高雄港,化工原料,江蘇鎮江,3990
110年03月,高雄港,化工原料,江蘇張家港,3982
110年03月,高雄港,鋼材,廣東南頭,1
110年03月,高雄港,鋼材,上海,1
110年03月,高雄港,白蠟油,江蘇太倉,2008
110年03月,高雄港,其他,浙江寧波,2
110年03月,高雄港,其他,上海,13
110年03月,高雄港,其他,廣東吳衝口,1
110年04月,高雄港,化工原料,廣東惠州,1906
110年04月,高雄港,化工原料,福建江陰,6733
110年04月,高雄港,化工原料,江蘇南通,3820
110年04月,高雄港,化工原料,江蘇鎮江,2000
110年04月,高雄港,化工原料,江蘇張家港,2508
110年04月,高雄港,鋼材,江西南昌,2
110年04月,高雄港,鋼材,廣東南頭,2
110年04月,高雄港,其他,廣東南頭,1
110年04月,高雄港,其他,上海,8
098年05月,花蓮港,其他,福建廈門,5
098年07月,花蓮港,其他,福建廈門,1
098年09月,花蓮港,其他,福建廈門,1
099年06月,花蓮港,其他,福建廈門,5
099年08月,花蓮港,大理石花崗石,福建廈門,100
099年10月,花蓮港,大理石花崗石,廣東媽灣,608
100年02月,花蓮港,其他,福建廈門,19900
102年04月,花蓮港,大理石花崗石,福建廈門,91
102年05月,花蓮港,大理石花崗石,福建廈門,793
102年08月,花蓮港,大理石花崗石,福建廈門,1000
102年11月,花蓮港,大理石花崗石,福建廈門,9
104年12月,花蓮港,大理石花崗石,福建廈門,195
105年09月,花蓮港,大理石花崗石,福建廈門,164
105年10月,花蓮港,大理石花崗石,福建廈門,366
105年11月,花蓮港,大理石花崗石,福建廈門,184
105年12月,花蓮港,大理石花崗石,福建廈門,279
106年01月,花蓮港,大理石花崗石,福建廈門,275
106年07月,花蓮港,大理石花崗石,福建廈門,242
106年09月,花蓮港,大理石花崗石,福建廈門,243
107年01月,花蓮港,大理石花崗石,福建廈門,504
107年07月,花蓮港,大理石花崗石,福建廈門,458
107年12月,花蓮港,柴油,上海,38
107年12月,花蓮港,燃料油,上海,100
108年01月,花蓮港,柴油,福建漳州,20
108年01月,花蓮港,燃料油,福建漳州,80
108年04月,花蓮港,燃料油,福建廈門,60
108年06月,花蓮港,燃料油,浙江舟山,40
108年07月,花蓮港,柴油,江蘇張家港,20
108年07月,花蓮港,燃料油,江蘇張家港,80
108年10月,花蓮港,柴油,福建廈門,20
108年10月,花蓮港,燃料油,福建廈門,105
109年10月,花蓮港,燃料油,福建泉州,60
109年12月,花蓮港,柴油,福建泉州,20
109年12月,花蓮港,燃料油,福建泉州,60
098年04月,蘇澳港,肥料,河北秦皇島,5000
098年05月,蘇澳港,肥料,河北秦皇島,5000
098年08月,蘇澳港,其他,江蘇南京,3260
101年09月,蘇澳港,肥料,河北秦皇島,4950
102年03月,蘇澳港,氧化鐵,江蘇連雲港,10350
106年11月,蘇澳港,化工原料,福建廈門,3000
098年08月,臺北港,柴油,福建廈門,982
102年11月,臺北港,製材,廣東東莞,2
102年12月,臺北港,製材,廣東東莞,3
103年03月,臺北港,製材,廣東東莞,3
103年09月,臺北港,製材,廣東東莞,3
103年10月,臺北港,製材,廣東東莞,1
104年06月,臺北港,其他,江蘇南通,1432
105年05月,臺北港,製材,廣東東莞,2
105年10月,臺北港,製材,廣東東莞,3
106年04月,臺北港,其他,遼寧大連,49
108年10月,臺北港,其他,廣東黃埔,2
109年07月,臺北港,其他,廣東蓮花山,8
098年02月,安平港,化工原料,浙江寧波,2994
098年05月,安平港,化工原料,江蘇連雲港,761
098年10月,安平港,化工原料,浙江寧波,2974
098年12月,安平港,化工原料,江蘇連雲港,5380
099年02月,安平港,化工原料,浙江寧波,3138
099年03月,安平港,化工原料,浙江寧波,2003
099年04月,安平港,化工原料,江蘇連雲港,2000
099年05月,安平港,化工原料,江蘇連雲港,3495
099年06月,安平港,化工原料,江蘇連雲港,2001
099年08月,安平港,化工原料,浙江寧波,3004
099年09月,安平港,化工原料,浙江寧波,2950
099年11月,安平港,化工原料,江蘇連雲港,2000
100年01月,安平港,化工原料,浙江寧波,2924
100年02月,安平港,化工原料,江蘇連雲港,4493
100年02月,安平港,化工原料,浙江寧波,2910
100年03月,安平港,化工原料,浙江寧波,4996
100年04月,安平港,化工原料,江蘇連雲港,2950
100年04月,安平港,化工原料,浙江寧波,3999
100年05月,安平港,化工原料,浙江寧波,3000
100年06月,安平港,化工原料,浙江寧波,1997
100年07月,安平港,化工原料,江蘇連雲港,2000
100年10月,安平港,化工原料,廣東小湖島,707
100年10月,安平港,化工原料,江蘇鎮江,1056
100年11月,安平港,化工原料,浙江寧波,1995
100年12月,安平港,化工原料,浙江寧波,4917
101年01月,安平港,化工原料,江蘇連雲港,6785
101年01月,安平港,化工原料,浙江寧波,1071
101年01月,安平港,化工原料,江蘇鎮江,1199
101年02月,安平港,化工原料,浙江北侖,1427
101年02月,安平港,化工原料,浙江寧波,4792
101年02月,安平港,化工原料,廣東小湖島,1963
101年03月,安平港,化工原料,江蘇連雲港,1904
101年03月,安平港,化工原料,浙江寧波,9658
101年03月,安平港,化工原料,天津,2853
101年04月,安平港,化工原料,廣東小湖島,1106
101年05月,安平港,化工原料,江蘇江陰,1026
101年05月,安平港,化工原料,浙江寧波,5858
101年05月,安平港,化工原料,廣東小湖島,1129
101年06月,安平港,化工原料,浙江寧波,3985
101年06月,安平港,化工原料,天津,2945
101年07月,安平港,化工原料,江蘇連雲港,4795
101年07月,安平港,化工原料,浙江寧波,1952
101年08月,安平港,化工原料,江蘇連雲港,4001
101年08月,安平港,化工原料,浙江寧波,3825
101年08月,安平港,化工原料,廣東小湖島,1100
101年09月,安平港,化工原料,江蘇江陰,956
101年09月,安平港,化工原料,江蘇連雲港,1923
101年09月,安平港,化工原料,浙江寧波,6939
101年10月,安平港,化工原料,浙江寧波,6998
101年10月,安平港,化工原料,廣東小湖島,1028
101年11月,安平港,化工原料,江蘇鎮江,3000
101年12月,安平港,化工原料,浙江寧波,9958
102年01月,安平港,化工原料,江蘇連雲港,1991
102年01月,安平港,化工原料,浙江寧波,7909
102年01月,安平港,化工原料,天津,3007
102年02月,安平港,化工原料,江蘇連雲港,968
102年02月,安平港,化工原料,浙江寧波,3865
102年03月,安平港,化工原料,浙江寧波,14915
102年03月,安平港,化工原料,廣東小湖島,1020
102年04月,安平港,化工原料,天津,3050
102年05月,安平港,化工原料,浙江寧波,6942
102年05月,安平港,化工原料,天津,2998
102年05月,安平港,化工原料,廣東小湖島,967
102年05月,安平港,化工原料,江蘇鎮江,1036
102年06月,安平港,化工原料,江蘇江陰,1994
102年06月,安平港,化工原料,江蘇連雲港,983
102年06月,安平港,化工原料,浙江寧波,8923
102年06月,安平港,化工原料,江蘇鎮江,1002
102年07月,安平港,化工原料,浙江寧波,1951
102年07月,安平港,化工原料,廣東小湖島,1004
102年08月,安平港,化工原料,浙江寧波,2000
102年09月,安平港,化工原料,江蘇江陰,1004
102年09月,安平港,化工原料,江蘇連雲港,2000
102年09月,安平港,化工原料,廣東小湖島,1004
102年10月,安平港,化工原料,江蘇連雲港,980
102年10月,安平港,化工原料,浙江寧波,1900
102年10月,安平港,化工原料,廣東小湖島,1005
102年11月,安平港,化工原料,江蘇江陰,978
102年11月,安平港,化工原料,天津,2862
102年11月,安平港,化工原料,廣東小湖島,981
102年12月,安平港,化工原料,浙江寧波,4944
102年12月,安平港,化工原料,天津,2886
102年12月,安平港,化工原料,江蘇張家港,1004
103年01月,安平港,化工原料,江蘇江陰,1002
103年01月,安平港,化工原料,浙江寧波,10039
103年02月,安平港,化工原料,江蘇江陰,2007
103年02月,安平港,化工原料,浙江寧波,2497
103年02月,安平港,化工原料,廣東小湖島,956
103年03月,安平港,化工原料,江蘇連雲港,1780
103年03月,安平港,化工原料,浙江寧波,3998
103年03月,安平港,化工原料,天津,2901
103年04月,安平港,化工原料,江蘇江陰,986
103年04月,安平港,化工原料,浙江寧波,4991
103年04月,安平港,化工原料,廣東小湖島,960
103年05月,安平港,化工原料,江蘇連雲港,962
103年05月,安平港,化工原料,浙江寧波,5050
103年06月,安平港,化工原料,江蘇江陰,967
103年06月,安平港,化工原料,浙江寧波,1905
103年06月,安平港,化工原料,天津,2913
103年06月,安平港,化工原料,廣東小湖島,1046
103年06月,安平港,化工原料,江蘇張家港,1046
103年07月,安平港,化工原料,江蘇江陰,966
103年07月,安平港,化工原料,江蘇連雲港,2953
103年07月,安平港,化工原料,浙江寧波,1902
103年07月,安平港,化工原料,廣東小湖島,500
103年07月,安平港,化工原料,江蘇鎮江,1000
103年07月,安平港,化工原料,江蘇張家港,1047
103年08月,安平港,化工原料,浙江寧波,1915
103年08月,安平港,化工原料,天津,2906
103年09月,安平港,化工原料,江蘇江陰,1043
103年09月,安平港,化工原料,浙江寧波,3830
103年09月,安平港,化工原料,廣東小湖島,1045
103年09月,安平港,化工原料,江蘇張家港,969
103年10月,安平港,化工原料,江蘇江陰,1021
103年10月,安平港,化工原料,江蘇張家港,2030
103年11月,安平港,化工原料,浙江寧波,5810
103年11月,安平港,化工原料,廣東小湖島,954
103年12月,安平港,化工原料,江蘇江陰,1003
103年12月,安平港,化工原料,江蘇連雲港,1101
103年12月,安平港,化工原料,浙江寧波,5905
103年12月,安平港,化工原料,天津,2951
104年01月,安平港,化工原料,江蘇連雲港,1910
104年01月,安平港,化工原料,浙江寧波,9901
104年01月,安平港,化工原料,天津,2960
104年01月,安平港,化工原料,廣東小湖島,1096
104年02月,安平港,化工原料,天津,2960
104年03月,安平港,化工原料,江蘇江陰,1050
104年03月,安平港,化工原料,浙江寧波,2990
104年03月,安平港,化工原料,天津,2981
104年03月,安平港,化工原料,廣東小湖島,1153
104年04月,安平港,化工原料,江蘇張家港,1491
104年05月,安平港,化工原料,江蘇江陰,1025
104年05月,安平港,化工原料,浙江寧波,2903
104年05月,安平港,化工原料,江蘇鎮江,5000
104年05月,安平港,化工原料,江蘇張家港,2407
104年06月,安平港,化工原料,天津,2908
104年06月,安平港,化工原料,廣東小湖島,450
104年07月,安平港,化工原料,江蘇張家港,2511
104年08月,安平港,化工原料,天津,2894
104年08月,安平港,化工原料,廣東小湖島,1044
104年09月,安平港,化工原料,江蘇張家港,2917
104年10月,安平港,化工原料,廣東小湖島,1000
104年10月,安平港,化工原料,江蘇鎮江,2000
104年11月,安平港,化工原料,天津,4814
104年12月,安平港,化工原料,江蘇鎮江,1495
104年12月,安平港,化工原料,江蘇張家港,1950
105年01月,安平港,化工原料,浙江寧波,2990
105年02月,安平港,化工原料,廣東小湖島,1000
105年03月,安平港,化工原料,江蘇江陰,1001
105年03月,安平港,化工原料,浙江寧波,2499
105年03月,安平港,化工原料,江蘇張家港,2950
105年04月,安平港,化工原料,浙江寧波,1915
105年04月,安平港,化工原料,天津,2905
105年04月,安平港,化工原料,廣東小湖島,1026
105年05月,安平港,化工原料,江蘇江陰,1001
105年05月,安平港,化工原料,浙江寧波,1911
105年06月,安平港,化工原料,江蘇江陰,1000
105年06月,安平港,化工原料,天津,2905
105年06月,安平港,化工原料,廣東小湖島,669
105年06月,安平港,化工原料,江蘇鎮江,1500
105年07月,安平港,化工原料,江蘇連雲港,1906
105年07月,安平港,化工原料,廣東小湖島,1045
105年08月,安平港,化工原料,天津,2507
105年08月,安平港,化工原料,江蘇鎮江,1220
105年09月,安平港,化工原料,廣東小湖島,1010
105年09月,安平港,化工原料,江蘇鎮江,971
105年09月,安平港,化工原料,江蘇張家港,961
105年10月,安平港,化工原料,江蘇江陰,980
105年10月,安平港,化工原料,天津,1906
105年11月,安平港,化工原料,廣東小湖島,956
105年12月,安平港,化工原料,江蘇江陰,1048
105年12月,安平港,化工原料,浙江寧波,1950
105年12月,安平港,化工原料,天津,1932
106年01月,安平港,化工原料,天津,2878
106年01月,安平港,化工原料,江蘇張家港,1911
106年02月,安平港,化工原料,廣東小湖島,1008
106年03月,安平港,化工原料,江蘇江陰,1005
106年03月,安平港,化工原料,浙江寧波,2990
106年03月,安平港,化工原料,天津,2380
106年04月,安平港,化工原料,浙江寧波,2990
106年04月,安平港,化工原料,廣東小湖島,998
106年06月,安平港,化工原料,天津,3285
106年07月,安平港,化工原料,江蘇江陰,1005
106年07月,安平港,化工原料,天津,3140
106年08月,安平港,化工原料,廣東小湖島,1003
106年09月,安平港,化工原料,江蘇江陰,1005
106年09月,安平港,化工原料,浙江寧波,1889
106年09月,安平港,化工原料,天津,2000
106年10月,安平港,化工原料,廣東小湖島,1000
106年10月,安平港,化工原料,江蘇張家港,1004
106年11月,安平港,化工原料,江蘇江陰,1005
106年12月,安平港,化工原料,浙江寧波,2900
106年12月,安平港,化工原料,天津,3230
107年01月,安平港,化工原料,浙江寧波,5080
107年01月,安平港,化工原料,天津,2876
107年01月,安平港,化工原料,廣東小湖島,699
107年02月,安平港,化工原料,浙江寧波,2990
107年02月,安平港,化工原料,江蘇張家港,1006
107年03月,安平港,化工原料,天津,3124
107年03月,安平港,化工原料,廣東小湖島,995
107年03月,安平港,化工原料,江蘇張家港,1005
107年04月,安平港,化工原料,廣東小湖島,1048
107年04月,安平港,化工原料,江蘇張家港,996
107年05月,安平港,化工原料,江蘇連雲港,1046
107年05月,安平港,化工原料,天津,3240
107年05月,安平港,化工原料,江蘇張家港,1007
107年06月,安平港,化工原料,浙江寧波,2990
107年06月,安平港,化工原料,江蘇張家港,975
107年07月,安平港,化工原料,江蘇連雲港,1001
107年07月,安平港,化工原料,浙江寧波,3000
107年07月,安平港,化工原料,天津,3248
107年07月,安平港,化工原料,廣東小湖島,992
107年07月,安平港,化工原料,江蘇張家港,998
107年08月,安平港,化工原料,浙江寧波,2000
107年08月,安平港,化工原料,廣東小湖島,996
107年09月,安平港,化工原料,浙江寧波,3000
107年09月,安平港,化工原料,天津,3250
107年09月,安平港,化工原料,江蘇張家港,995
107年10月,安平港,化工原料,浙江寧波,6115
107年11月,安平港,化工原料,廣東東莞,3024
107年11月,安平港,化工原料,浙江寧波,3150
107年11月,安平港,化工原料,天津,6494
107年11月,安平港,化工原料,江蘇鎮江,3052
107年12月,安平港,化工原料,江蘇江陰,4706
107年12月,安平港,化工原料,浙江寧波,3000
107年12月,安平港,化工原料,江蘇張家港,2001
108年01月,安平港,化工原料,廣東東莞,962
108年01月,安平港,化工原料,天津,3146
108年01月,安平港,化工原料,江蘇張家港,2001
108年02月,安平港,化工原料,江蘇連雲港,2597
108年02月,安平港,化工原料,天津,2907
108年03月,安平港,化工原料,廣東東莞,955
108年03月,安平港,化工原料,天津,4862
108年04月,安平港,化工原料,江蘇連雲港,2906
108年04月,安平港,化工原料,浙江寧波,6000
108年04月,安平港,化工原料,天津,2906
108年05月,安平港,化工原料,天津,1921
108年05月,安平港,化工原料,江蘇張家港,2005
108年06月,安平港,化工原料,江蘇南通,3000
108年06月,安平港,化工原料,天津,6151
108年07月,安平港,化工原料,江蘇連雲港,2998
108年08月,安平港,化工原料,天津,3000
108年09月,安平港,化工原料,廣東東莞,1050
108年09月,安平港,化工原料,福建江陰,1001
108年09月,安平港,化工原料,江蘇連雲港,2400
108年09月,安平港,化工原料,天津,2862
108年10月,安平港,化工原料,天津,2862
108年11月,安平港,化工原料,廣東東莞,955
108年11月,安平港,化工原料,浙江寧波,3000
108年12月,安平港,化工原料,福建江陰,1003
108年12月,安平港,化工原料,浙江寧波,3000
108年12月,安平港,化工原料,天津,3140
109年01月,安平港,化工原料,江蘇連雲港,3092
109年01月,安平港,化工原料,浙江寧波,5000
109年01月,安平港,化工原料,天津,3000
109年02月,安平港,化工原料,廣東東莞,955
109年02月,安平港,化工原料,福建江陰,502
109年02月,安平港,化工原料,天津,3050
109年03月,安平港,化工原料,浙江寧波,3000
109年04月,安平港,化工原料,天津,3093
109年05月,安平港,化工原料,天津,3045
109年06月,安平港,化工原料,廣東東莞,999
109年06月,安平港,化工原料,福建江陰,1003
109年06月,安平港,化工原料,江蘇連雲港,3150
109年06月,安平港,化工原料,浙江寧波,2000
109年06月,安平港,化工原料,天津,2955
109年07月,安平港,化工原料,江蘇連雲港,3004
109年07月,安平港,化工原料,江蘇南通,2000
109年07月,安平港,化工原料,天津,4907
109年07月,安平港,化工原料,江蘇鎮江,1100
109年08月,安平港,化工原料,江蘇南通,2001
109年08月,安平港,化工原料,天津,3003
109年09月,安平港,化工原料,天津,2925
109年10月,安平港,化工原料,天津,3010
109年12月,安平港,化工原料,天津,1701
110年01月,安平港,化工原料,天津,4175
110年02月,安平港,化工原料,浙江寧波,3100
110年02月,安平港,化工原料,天津,2859
110年03月,安平港,化工原料,江蘇連雲港,2860
110年03月,安平港,化工原料,天津,3146
110年04月,安平港,化工原料,廣東東莞,975
110年04月,安平港,化工原料,天津,2728
